Workbook

Sheet 1
A1: 생산수량 | B1: =H49 -> 1130 | E1: 불량금액 | F1: =G49 -> 0
A2: 불량수량 | B2: =I49 -> 3 | L2: =SUBTOTAL(9,L6:L48) -> 0 | M2: =SUBTOTAL(9,M6:M48) -> 0 | N2: =SUBTOTAL(9,N6:N48) -> 0 | Q2: =SUBTOTAL(9,Q6:Q48) -> 0 | R2: =SUBTOTAL(9,R6:R48) -> 3 | S2: =SUBTOTAL(9,S6:S48) -> 0 | T2: =SUBTOTAL(9,T6:T48) -> 3
A3: 불량율(ppm) | B3: =IF(ISERROR(B2/(B2+B1)*1000000),"",(B2/(B2+B1)*1000000)) -> 2647.8376 | L3: =SUM(L6:L48) -> 0 | M3: =SUM(M6:M48) -> 0 | N3: =SUM(N6:N48) -> 0 | Q3: =SUM(Q6:Q48) -> 0 | R3: =SUM(R6:R48) -> 3 | S3: =SUM(S6:S48) -> 0 | T3: =SUM(T6:T48) -> 3
A4: =U49 -> OK | E4: 거래선 및 불량금액 | H4: 종합 | L4: 치수 | M4: 외관 | N4: 편차 | O4: Tool마모 | P4: 설비Error | Q4: 자주검사 | R4: 기타 | S4: 폐기 | T4: 합계 | U4: 오기 유/무
A5: TM NO. | B5: CODE (ERP) | C5: 품 명 | D5: 차종 | E5: 거래선 | F5: 단가 | G5: 불량금액 (단가x수량) | H5: 생산수량 | I5: 불량수량 | J5: 불량율 (PPM)
A6: 6004 | C6: CARRIER-PLANET,MID (A8LF1) | H6: =310+380+440 -> 1130 | I6: 3 | R6: 3 | T6: =SUM(L6:S6) -> 3 | U6: =IF(T6=I6,"OK","NG") -> OK
A7: 6007 | C7: CARRIER-PLANET,MID (A8LF2) | T7: =SUM(L7:S7) -> 0 | U7: =IF(T7=I7,"OK","NG") -> OK
A9: 1691
C49: 소계 SUBTOTAL(가로) | G49: =SUM(G6:G48) -> 0 | H49: =SUM(H6:H48) -> 1130 | I49: =SUM(I6:I48) -> 3 | J49: =SUM(J6:J48) -> 0 | L49: =SUM(L6:L48) -> 0 | M49: =SUM(M6:M48) -> 0 | N49: =SUM(N6:N48) -> 0 | O49: =SUM(O6:O48) -> 0 | P49: =SUM(P6:P48) -> 0 | Q49: =SUM(Q6:Q48) -> 0 | R49: =SUM(R6:R48) -> 3 | S49: =SUM(S6:S48) -> 0 | T49: =SUM(T6:T48) -> 3 | U49: =IF(T49=SUM(I49),"OK","NG") -> OK

Sheet 2
A1: 생산수량 | B1: =H49 -> 230 | E1: 불량금액 | F1: =G49 -> 0
A2: 불량수량 | B2: =I49 -> 0 | L2: =SUBTOTAL(9,L6:L48) -> 0 | M2: =SUBTOTAL(9,M6:M48) -> 0 | N2: =SUBTOTAL(9,N6:N48) -> 0 | Q2: =SUBTOTAL(9,Q6:Q48) -> 0 | R2: =SUBTOTAL(9,R6:R48) -> 0 | S2: =SUBTOTAL(9,S6:S48) -> 0 | T2: =SUBTOTAL(9,T6:T48) -> 0
A3: 불량율(ppm) | B3: =IF(ISERROR(B2/(B2+B1)*1000000),"",(B2/(B2+B1)*1000000)) -> 0 | L3: =SUM(L6:L48) -> 0 | M3: =SUM(M6:M48) -> 0 | N3: =SUM(N6:N48) -> 0 | Q3: =SUM(Q6:Q48) -> 0 | R3: =SUM(R6:R48) -> 0 | S3: =SUM(S6:S48) -> 0 | T3: =SUM(T6:T48) -> 0
A4: =U49 -> OK | E4: 거래선 및 불량금액 | H4: 종합 | L4: 치수 | M4: 외관 | N4: 편차 | O4: Tool마모 | P4: 설비Error | Q4: 자주검사 | R4: 기타 | S4: 폐기 | T4: 합계 | U4: 오기 유/무
A5: TM NO. | B5: CODE (ERP) | C5: 품 명 | D5: 차종 | E5: 거래선 | F5: 단가 | G5: 불량금액 (단가x수량) | H5: 생산수량 | I5: 불량수량 | J5: 불량율 (PPM)
A6: 6004 | C6: CARRIER-PLANET,MID (A8LF1) | H6: 230 | I6: 0 | T6: =SUM(L6:S6) -> 0 | U6: =IF(T6=I6,"OK","NG") -> OK
A7: 6007 | C7: CARRIER-PLANET,MID (A8LF2) | T7: =SUM(L7:S7) -> 0 | U7: =IF(T7=I7,"OK","NG") -> OK
A9: 1691
C49: 소계 SUBTOTAL(가로) | G49: =SUM(G6:G48) -> 0 | H49: =SUM(H6:H48) -> 230 | I49: =SUM(I6:I48) -> 0 | J49: =SUM(J6:J48) -> 0 | L49: =SUM(L6:L48) -> 0 | M49: =SUM(M6:M48) -> 0 | N49: =SUM(N6:N48) -> 0 | O49: =SUM(O6:O48) -> 0 | P49: =SUM(P6:P48) -> 0 | Q49: =SUM(Q6:Q48) -> 0 | R49: =SUM(R6:R48) -> 0 | S49: =SUM(S6:S48) -> 0 | T49: =SUM(T6:T48) -> 0 | U49: =IF(T49=SUM(I49),"OK","NG") -> OK

Sheet 3
A1: 생산수량 | B1: =H49 -> 0 | E1: 불량금액 | F1: =G49 -> 0
A2: 불량수량 | B2: =I49 -> 0 | L2: =SUBTOTAL(9,L6:L48) -> 0 | M2: =SUBTOTAL(9,M6:M48) -> 0 | N2: =SUBTOTAL(9,N6:N48) -> 0 | Q2: =SUBTOTAL(9,Q6:Q48) -> 0 | R2: =SUBTOTAL(9,R6:R48) -> 0 | S2: =SUBTOTAL(9,S6:S48) -> 0 | T2: =SUBTOTAL(9,T6:T48) -> 0
A3: 불량율(ppm) | B3: =IF(ISERROR(B2/(B2+B1)*1000000),"",(B2/(B2+B1)*1000000)) | L3: =SUM(L6:L48) -> 0 | M3: =SUM(M6:M48) -> 0 | N3: =SUM(N6:N48) -> 0 | Q3: =SUM(Q6:Q48) -> 0 | R3: =SUM(R6:R48) -> 0 | S3: =SUM(S6:S48) -> 0 | T3: =SUM(T6:T48) -> 0
A4: =U49 -> OK | E4: 거래선 및 불량금액 | H4: 종합 | L4: 치수 | M4: 외관 | N4: 편차 | O4: Tool마모 | P4: 설비Error | Q4: 자주검사 | R4: 기타 | S4: 폐기 | T4: 합계 | U4: 오기 유/무
A5: TM NO. | B5: CODE (ERP) | C5: 품 명 | D5: 차종 | E5: 거래선 | F5: 단가 | G5: 불량금액 (단가x수량) | H5: 생산수량 | I5: 불량수량 | J5: 불량율 (PPM)
A6: 6004 | C6: CARRIER-PLANET,MID (A8LF1) | T6: =SUM(L6:S6) -> 0 | U6: =IF(T6=I6,"OK","NG") -> OK
A7: 6007 | C7: CARRIER-PLANET,MID (A8LF2) | T7: =SUM(L7:S7) -> 0 | U7: =IF(T7=I7,"OK","NG") -> OK
A9: 1691
C49: 소계 SUBTOTAL(가로) | G49: =SUM(G6:G48) -> 0 | H49: =SUM(H6:H48) -> 0 | I49: =SUM(I6:I48) -> 0 | J49: =SUM(J6:J48) -> 0 | L49: =SUM(L6:L48) -> 0 | M49: =SUM(M6:M48) -> 0 | N49: =SUM(N6:N48) -> 0 | O49: =SUM(O6:O48) -> 0 | P49: =SUM(P6:P48) -> 0 | Q49: =SUM(Q6:Q48) -> 0 | R49: =SUM(R6:R48) -> 0 | S49: =SUM(S6:S48) -> 0 | T49: =SUM(T6:T48) -> 0 | U49: =IF(T49=SUM(I49),"OK","NG") -> OK

Sheet 4
A1: 생산수량 | B1: =H49 -> 0 | E1: 불량금액 | F1: =G49 -> 0
A2: 불량수량 | B2: =I49 -> 0 | L2: =SUBTOTAL(9,L6:L48) -> 0 | M2: =SUBTOTAL(9,M6:M48) -> 0 | N2: =SUBTOTAL(9,N6:N48) -> 0 | Q2: =SUBTOTAL(9,Q6:Q48) -> 0 | R2: =SUBTOTAL(9,R6:R48) -> 0 | S2: =SUBTOTAL(9,S6:S48) -> 0 | T2: =SUBTOTAL(9,T6:T48) -> 0
A3: 불량율(ppm) | B3: =IF(ISERROR(B2/(B2+B1)*1000000),"",(B2/(B2+B1)*1000000)) | L3: =SUM(L6:L48) -> 0 | M3: =SUM(M6:M48) -> 0 | N3: =SUM(N6:N48) -> 0 | Q3: =SUM(Q6:Q48) -> 0 | R3: =SUM(R6:R48) -> 0 | S3: =SUM(S6:S48) -> 0 | T3: =SUM(T6:T48) -> 0
A4: =U49 -> OK | E4: 거래선 및 불량금액 | H4: 종합 | L4: 치수 | M4: 외관 | N4: 편차 | O4: Tool마모 | P4: 설비Error | Q4: 자주검사 | R4: 기타 | S4: 폐기 | T4: 합계 | U4: 오기 유/무
A5: TM NO. | B5: CODE (ERP) | C5: 품 명 | D5: 차종 | E5: 거래선 | F5: 단가 | G5: 불량금액 (단가x수량) | H5: 생산수량 | I5: 불량수량 | J5: 불량율 (PPM)
A6: 6004 | C6: CARRIER-PLANET,MID (A8LF1) | T6: =SUM(L6:S6) -> 0 | U6: =IF(T6=I6,"OK","NG") -> OK
A7: 6007 | C7: CARRIER-PLANET,MID (A8LF2) | T7: =SUM(L7:S7) -> 0 | U7: =IF(T7=I7,"OK","NG") -> OK
A9: 1691
C49: 소계 SUBTOTAL(가로) | G49: =SUM(G6:G48) -> 0 | H49: =SUM(H6:H48) -> 0 | I49: =SUM(I6:I48) -> 0 | J49: =SUM(J6:J48) -> 0 | L49: =SUM(L6:L48) -> 0 | M49: =SUM(M6:M48) -> 0 | N49: =SUM(N6:N48) -> 0 | O49: =SUM(O6:O48) -> 0 | P49: =SUM(P6:P48) -> 0 | Q49: =SUM(Q6:Q48) -> 0 | R49: =SUM(R6:R48) -> 0 | S49: =SUM(S6:S48) -> 0 | T49: =SUM(T6:T48) -> 0 | U49: =IF(T49=SUM(I49),"OK","NG") -> OK

Sheet 5
A1: 생산수량 | B1: =H49 -> 0 | E1: 불량금액 | F1: =G49 -> 0
A2: 불량수량 | B2: =I49 -> 0 | L2: =SUBTOTAL(9,L6:L48) -> 0 | M2: =SUBTOTAL(9,M6:M48) -> 0 | N2: =SUBTOTAL(9,N6:N48) -> 0 | Q2: =SUBTOTAL(9,Q6:Q48) -> 0 | R2: =SUBTOTAL(9,R6:R48) -> 0 | S2: =SUBTOTAL(9,S6:S48) -> 0 | T2: =SUBTOTAL(9,T6:T48) -> 0
A3: 불량율(ppm) | B3: =IF(ISERROR(B2/(B2+B1)*1000000),"",(B2/(B2+B1)*1000000)) | L3: =SUM(L6:L48) -> 0 | M3: =SUM(M6:M48) -> 0 | N3: =SUM(N6:N48) -> 0 | Q3: =SUM(Q6:Q48) -> 0 | R3: =SUM(R6:R48) -> 0 | S3: =SUM(S6:S48) -> 0 | T3: =SUM(T6:T48) -> 0
A4: =U49 -> OK | E4: 거래선 및 불량금액 | H4: 종합 | L4: 치수 | M4: 외관 | N4: 편차 | O4: Tool마모 | P4: 설비Error | Q4: 자주검사 | R4: 기타 | S4: 폐기 | T4: 합계 | U4: 오기 유/무
A5: TM NO. | B5: CODE (ERP) | C5: 품 명 | D5: 차종 | E5: 거래선 | F5: 단가 | G5: 불량금액 (단가x수량) | H5: 생산수량 | I5: 불량수량 | J5: 불량율 (PPM)
A6: 6004 | C6: CARRIER-PLANET,MID (A8LF1) | T6: =SUM(L6:S6) -> 0 | U6: =IF(T6=I6,"OK","NG") -> OK
A7: 6007 | C7: CARRIER-PLANET,MID (A8LF2) | T7: =SUM(L7:S7) -> 0 | U7: =IF(T7=I7,"OK","NG") -> OK
A9: 1691
C49: 소계 SUBTOTAL(가로) | G49: =SUM(G6:G48) -> 0 | H49: =SUM(H6:H48) -> 0 | I49: =SUM(I6:I48) -> 0 | J49: =SUM(J6:J48) -> 0 | L49: =SUM(L6:L48) -> 0 | M49: =SUM(M6:M48) -> 0 | N49: =SUM(N6:N48) -> 0 | O49: =SUM(O6:O48) -> 0 | P49: =SUM(P6:P48) -> 0 | Q49: =SUM(Q6:Q48) -> 0 | R49: =SUM(R6:R48) -> 0 | S49: =SUM(S6:S48) -> 0 | T49: =SUM(T6:T48) -> 0 | U49: =IF(T49=SUM(I49),"OK","NG") -> OK

Sheet 6
A1: 생산수량 | B1: =H49 -> 100 | E1: 불량금액 | F1: =G49 -> 0
A2: 불량수량 | B2: =I49 -> 1 | L2: =SUBTOTAL(9,L6:L48) -> 0 | M2: =SUBTOTAL(9,M6:M48) -> 0 | N2: =SUBTOTAL(9,N6:N48) -> 0 | Q2: =SUBTOTAL(9,Q6:Q48) -> 0 | R2: =SUBTOTAL(9,R6:R48) -> 1 | S2: =SUBTOTAL(9,S6:S48) -> 0 | T2: =SUBTOTAL(9,T6:T48) -> 1
A3: 불량율(ppm) | B3: =IF(ISERROR(B2/(B2+B1)*1000000),"",(B2/(B2+B1)*1000000)) -> 9900.9901 | L3: =SUM(L6:L48) -> 0 | M3: =SUM(M6:M48) -> 0 | N3: =SUM(N6:N48) -> 0 | Q3: =SUM(Q6:Q48) -> 0 | R3: =SUM(R6:R48) -> 1 | S3: =SUM(S6:S48) -> 0 | T3: =SUM(T6:T48) -> 1
A4: =U49 -> OK | E4: 거래선 및 불량금액 | H4: 종합 | L4: 치수 | M4: 외관 | N4: 편차 | O4: Tool마모 | P4: 설비Error | Q4: 자주검사 | R4: 기타 | S4: 폐기 | T4: 합계 | U4: 오기 유/무
A5: TM NO. | B5: CODE (ERP) | C5: 품 명 | D5: 차종 | E5: 거래선 | F5: 단가 | G5: 불량금액 (단가x수량) | H5: 생산수량 | I5: 불량수량 | J5: 불량율 (PPM)
A6: 6004 | C6: CARRIER-PLANET,MID (A8LF1) | H6: 100 | I6: 1 | R6: 1 | T6: =SUM(L6:S6) -> 1 | U6: =IF(T6=I6,"OK","NG") -> OK
A7: 6007 | C7: CARRIER-PLANET,MID (A8LF2) | T7: =SUM(L7:S7) -> 0 | U7: =IF(T7=I7,"OK","NG") -> OK
A9: 1691
C49: 소계 SUBTOTAL(가로) | G49: =SUM(G6:G48) -> 0 | H49: =SUM(H6:H48) -> 100 | I49: =SUM(I6:I48) -> 1 | J49: =SUM(J6:J48) -> 0 | L49: =SUM(L6:L48) -> 0 | M49: =SUM(M6:M48) -> 0 | N49: =SUM(N6:N48) -> 0 | O49: =SUM(O6:O48) -> 0 | P49: =SUM(P6:P48) -> 0 | Q49: =SUM(Q6:Q48) -> 0 | R49: =SUM(R6:R48) -> 1 | S49: =SUM(S6:S48) -> 0 | T49: =SUM(T6:T48) -> 1 | U49: =IF(T49=SUM(I49),"OK","NG") -> OK

Sheet 7
A1: 생산수량 | B1: =H49 -> 430 | E1: 불량금액 | F1: =G49 -> 0
A2: 불량수량 | B2: =I49 -> 1 | L2: =SUBTOTAL(9,L6:L48) -> 0 | M2: =SUBTOTAL(9,M6:M48) -> 0 | N2: =SUBTOTAL(9,N6:N48) -> 0 | Q2: =SUBTOTAL(9,Q6:Q48) -> 0 | R2: =SUBTOTAL(9,R6:R48) -> 1 | S2: =SUBTOTAL(9,S6:S48) -> 0 | T2: =SUBTOTAL(9,T6:T48) -> 1
A3: 불량율(ppm) | B3: =IF(ISERROR(B2/(B2+B1)*1000000),"",(B2/(B2+B1)*1000000)) -> 2320.1856 | L3: =SUM(L6:L48) -> 0 | M3: =SUM(M6:M48) -> 0 | N3: =SUM(N6:N48) -> 0 | Q3: =SUM(Q6:Q48) -> 0 | R3: =SUM(R6:R48) -> 1 | S3: =SUM(S6:S48) -> 0 | T3: =SUM(T6:T48) -> 1
A4: =U49 -> OK | E4: 거래선 및 불량금액 | H4: 종합 | L4: 치수 | M4: 외관 | N4: 편차 | O4: Tool마모 | P4: 설비Error | Q4: 자주검사 | R4: 기타 | S4: 폐기 | T4: 합계 | U4: 오기 유/무
A5: TM NO. | B5: CODE (ERP) | C5: 품 명 | D5: 차종 | E5: 거래선 | F5: 단가 | G5: 불량금액 (단가x수량) | H5: 생산수량 | I5: 불량수량 | J5: 불량율 (PPM)
A6: 6004 | C6: CARRIER-PLANET,MID (A8LF1) | H6: =100+330 -> 430 | I6: 1 | R6: 1 | T6: =SUM(L6:S6) -> 1 | U6: =IF(T6=I6,"OK","NG") -> OK
A7: 6007 | C7: CARRIER-PLANET,MID (A8LF2) | T7: =SUM(L7:S7) -> 0 | U7: =IF(T7=I7,"OK","NG") -> OK
A9: 1691
C49: 소계 SUBTOTAL(가로) | G49: =SUM(G6:G48) -> 0 | H49: =SUM(H6:H48) -> 430 | I49: =SUM(I6:I48) -> 1 | J49: =SUM(J6:J48) -> 0 | L49: =SUM(L6:L48) -> 0 | M49: =SUM(M6:M48) -> 0 | N49: =SUM(N6:N48) -> 0 | O49: =SUM(O6:O48) -> 0 | P49: =SUM(P6:P48) -> 0 | Q49: =SUM(Q6:Q48) -> 0 | R49: =SUM(R6:R48) -> 1 | S49: =SUM(S6:S48) -> 0 | T49: =SUM(T6:T48) -> 1 | U49: =IF(T49=SUM(I49),"OK","NG") -> OK

Sheet 8
A1: 생산수량 | B1: =H49 -> 1210 | E1: 불량금액 | F1: =G49 -> 0
A2: 불량수량 | B2: =I49 -> 3 | L2: =SUBTOTAL(9,L6:L48) -> 0 | M2: =SUBTOTAL(9,M6:M48) -> 0 | N2: =SUBTOTAL(9,N6:N48) -> 0 | Q2: =SUBTOTAL(9,Q6:Q48) -> 0 | R2: =SUBTOTAL(9,R6:R48) -> 3 | S2: =SUBTOTAL(9,S6:S48) -> 0 | T2: =SUBTOTAL(9,T6:T48) -> 3
A3: 불량율(ppm) | B3: =IF(ISERROR(B2/(B2+B1)*1000000),"",(B2/(B2+B1)*1000000)) -> 2473.2069 | L3: =SUM(L6:L48) -> 0 | M3: =SUM(M6:M48) -> 0 | N3: =SUM(N6:N48) -> 0 | Q3: =SUM(Q6:Q48) -> 0 | R3: =SUM(R6:R48) -> 3 | S3: =SUM(S6:S48) -> 0 | T3: =SUM(T6:T48) -> 3
A4: =U49 -> OK | E4: 거래선 및 불량금액 | H4: 종합 | L4: 치수 | M4: 외관 | N4: 편차 | O4: Tool마모 | P4: 설비Error | Q4: 자주검사 | R4: 기타 | S4: 폐기 | T4: 합계 | U4: 오기 유/무
A5: TM NO. | B5: CODE (ERP) | C5: 품 명 | D5: 차종 | E5: 거래선 | F5: 단가 | G5: 불량금액 (단가x수량) | H5: 생산수량 | I5: 불량수량 | J5: 불량율 (PPM)
A6: 6004 | C6: CARRIER-PLANET,MID (A8LF1) | H6: =410+360+440 -> 1210 | I6: 3 | R6: 3 | T6: =SUM(L6:S6) -> 3 | U6: =IF(T6=I6,"OK","NG") -> OK
A7: 6007 | C7: CARRIER-PLANET,MID (A8LF2) | T7: =SUM(L7:S7) -> 0 | U7: =IF(T7=I7,"OK","NG") -> OK
A9: 1691
C49: 소계 SUBTOTAL(가로) | G49: =SUM(G6:G48) -> 0 | H49: =SUM(H6:H48) -> 1210 | I49: =SUM(I6:I48) -> 3 | J49: =SUM(J6:J48) -> 0 | L49: =SUM(L6:L48) -> 0 | M49: =SUM(M6:M48) -> 0 | N49: =SUM(N6:N48) -> 0 | O49: =SUM(O6:O48) -> 0 | P49: =SUM(P6:P48) -> 0 | Q49: =SUM(Q6:Q48) -> 0 | R49: =SUM(R6:R48) -> 3 | S49: =SUM(S6:S48) -> 0 | T49: =SUM(T6:T48) -> 3 | U49: =IF(T49=SUM(I49),"OK","NG") -> OK

Sheet 9
A1: 생산수량 | B1: =H49 -> 1370 | E1: 불량금액 | F1: =G49 -> 0
A2: 불량수량 | B2: =I49 -> 4 | L2: =SUBTOTAL(9,L6:L48) -> 0 | M2: =SUBTOTAL(9,M6:M48) -> 0 | N2: =SUBTOTAL(9,N6:N48) -> 0 | Q2: =SUBTOTAL(9,Q6:Q48) -> 0 | R2: =SUBTOTAL(9,R6:R48) -> 3 | S2: =SUBTOTAL(9,S6:S48) -> 0 | T2: =SUBTOTAL(9,T6:T48) -> 4
A3: 불량율(ppm) | B3: =IF(ISERROR(B2/(B2+B1)*1000000),"",(B2/(B2+B1)*1000000)) -> 2911.2082 | L3: =SUM(L6:L48) -> 0 | M3: =SUM(M6:M48) -> 0 | N3: =SUM(N6:N48) -> 0 | Q3: =SUM(Q6:Q48) -> 0 | R3: =SUM(R6:R48) -> 3 | S3: =SUM(S6:S48) -> 0 | T3: =SUM(T6:T48) -> 4
A4: =U49 -> OK | E4: 거래선 및 불량금액 | H4: 종합 | L4: 치수 | M4: 외관 | N4: 편차 | O4: Tool마모 | P4: 설비Error | Q4: 자주검사 | R4: 기타 | S4: 폐기 | T4: 합계 | U4: 오기 유/무
A5: TM NO. | B5: CODE (ERP) | C5: 품 명 | D5: 차종 | E5: 거래선 | F5: 단가 | G5: 불량금액 (단가x수량) | H5: 생산수량 | I5: 불량수량 | J5: 불량율 (PPM)
A6: 6004 | C6: CARRIER-PLANET,MID (A8LF1) | H6: =460+460+450 -> 1370 | I6: 4 | P6: 1 | R6: 3 | T6: =SUM(L6:S6) -> 4 | U6: =IF(T6=I6,"OK","NG") -> OK
A7: 6007 | C7: CARRIER-PLANET,MID (A8LF2) | T7: =SUM(L7:S7) -> 0 | U7: =IF(T7=I7,"OK","NG") -> OK
A9: 1691
C49: 소계 SUBTOTAL(가로) | G49: =SUM(G6:G48) -> 0 | H49: =SUM(H6:H48) -> 1370 | I49: =SUM(I6:I48) -> 4 | J49: =SUM(J6:J48) -> 0 | L49: =SUM(L6:L48) -> 0 | M49: =SUM(M6:M48) -> 0 | N49: =SUM(N6:N48) -> 0 | O49: =SUM(O6:O48) -> 0 | P49: =SUM(P6:P48) -> 1 | Q49: =SUM(Q6:Q48) -> 0 | R49: =SUM(R6:R48) -> 3 | S49: =SUM(S6:S48) -> 0 | T49: =SUM(T6:T48) -> 4 | U49: =IF(T49=SUM(I49),"OK","NG") -> OK

Sheet 10
A1: 생산수량 | B1: =H49 -> 750 | E1: 불량금액 | F1: =G49 -> 0
A2: 불량수량 | B2: =I49 -> 1 | L2: =SUBTOTAL(9,L6:L48) -> 0 | M2: =SUBTOTAL(9,M6:M48) -> 0 | N2: =SUBTOTAL(9,N6:N48) -> 0 | Q2: =SUBTOTAL(9,Q6:Q48) -> 0 | R2: =SUBTOTAL(9,R6:R48) -> 1 | S2: =SUBTOTAL(9,S6:S48) -> 0 | T2: =SUBTOTAL(9,T6:T48) -> 1
A3: 불량율(ppm) | B3: =IF(ISERROR(B2/(B2+B1)*1000000),"",(B2/(B2+B1)*1000000)) -> 1331.5579 | L3: =SUM(L6:L48) -> 0 | M3: =SUM(M6:M48) -> 0 | N3: =SUM(N6:N48) -> 0 | Q3: =SUM(Q6:Q48) -> 0 | R3: =SUM(R6:R48) -> 1 | S3: =SUM(S6:S48) -> 0 | T3: =SUM(T6:T48) -> 1
A4: =U49 -> OK | E4: 거래선 및 불량금액 | H4: 종합 | L4: 치수 | M4: 외관 | N4: 편차 | O4: Tool마모 | P4: 설비Error | Q4: 자주검사 | R4: 기타 | S4: 폐기 | T4: 합계 | U4: 오기 유/무
A5: TM NO. | B5: CODE (ERP) | C5: 품 명 | D5: 차종 | E5: 거래선 | F5: 단가 | G5: 불량금액 (단가x수량) | H5: 생산수량 | I5: 불량수량 | J5: 불량율 (PPM)
A6: 6004 | C6: CARRIER-PLANET,MID (A8LF1) | H6: =470+280 -> 750 | I6: 1 | R6: 1 | T6: =SUM(L6:S6) -> 1 | U6: =IF(T6=I6,"OK","NG") -> OK
A7: 6007 | C7: CARRIER-PLANET,MID (A8LF2) | T7: =SUM(L7:S7) -> 0 | U7: =IF(T7=I7,"OK","NG") -> OK
A9: 1691
C49: 소계 SUBTOTAL(가로) | G49: =SUM(G6:G48) -> 0 | H49: =SUM(H6:H48) -> 750 | I49: =SUM(I6:I48) -> 1 | J49: =SUM(J6:J48) -> 0 | L49: =SUM(L6:L48) -> 0 | M49: =SUM(M6:M48) -> 0 | N49: =SUM(N6:N48) -> 0 | O49: =SUM(O6:O48) -> 0 | P49: =SUM(P6:P48) -> 0 | Q49: =SUM(Q6:Q48) -> 0 | R49: =SUM(R6:R48) -> 1 | S49: =SUM(S6:S48) -> 0 | T49: =SUM(T6:T48) -> 1 | U49: =IF(T49=SUM(I49),"OK","NG") -> OK

Sheet 11
A1: 생산수량 | B1: =H49 -> 0 | E1: 불량금액 | F1: =G49 -> 0
A2: 불량수량 | B2: =I49 -> 0 | L2: =SUBTOTAL(9,L6:L48) -> 0 | M2: =SUBTOTAL(9,M6:M48) -> 0 | N2: =SUBTOTAL(9,N6:N48) -> 0 | Q2: =SUBTOTAL(9,Q6:Q48) -> 0 | R2: =SUBTOTAL(9,R6:R48) -> 0 | S2: =SUBTOTAL(9,S6:S48) -> 0 | T2: =SUBTOTAL(9,T6:T48) -> 0
A3: 불량율(ppm) | B3: =IF(ISERROR(B2/(B2+B1)*1000000),"",(B2/(B2+B1)*1000000)) | L3: =SUM(L6:L48) -> 0 | M3: =SUM(M6:M48) -> 0 | N3: =SUM(N6:N48) -> 0 | Q3: =SUM(Q6:Q48) -> 0 | R3: =SUM(R6:R48) -> 0 | S3: =SUM(S6:S48) -> 0 | T3: =SUM(T6:T48) -> 0
A4: =U49 -> OK | E4: 거래선 및 불량금액 | H4: 종합 | L4: 치수 | M4: 외관 | N4: 편차 | O4: Tool마모 | P4: 설비Error | Q4: 자주검사 | R4: 기타 | S4: 폐기 | T4: 합계 | U4: 오기 유/무
A5: TM NO. | B5: CODE (ERP) | C5: 품 명 | D5: 차종 | E5: 거래선 | F5: 단가 | G5: 불량금액 (단가x수량) | H5: 생산수량 | I5: 불량수량 | J5: 불량율 (PPM)
A6: 6004 | C6: CARRIER-PLANET,MID (A8LF1) | T6: =SUM(L6:S6) -> 0 | U6: =IF(T6=I6,"OK","NG") -> OK
A7: 6007 | C7: CARRIER-PLANET,MID (A8LF2) | T7: =SUM(L7:S7) -> 0 | U7: =IF(T7=I7,"OK","NG") -> OK
A9: 1691
C49: 소계 SUBTOTAL(가로) | G49: =SUM(G6:G48) -> 0 | H49: =SUM(H6:H48) -> 0 | I49: =SUM(I6:I48) -> 0 | J49: =SUM(J6:J48) -> 0 | L49: =SUM(L6:L48) -> 0 | M49: =SUM(M6:M48) -> 0 | N49: =SUM(N6:N48) -> 0 | O49: =SUM(O6:O48) -> 0 | P49: =SUM(P6:P48) -> 0 | Q49: =SUM(Q6:Q48) -> 0 | R49: =SUM(R6:R48) -> 0 | S49: =SUM(S6:S48) -> 0 | T49: =SUM(T6:T48) -> 0 | U49: =IF(T49=SUM(I49),"OK","NG") -> OK

Sheet 12
A1: 생산수량 | B1: =H49 -> 0 | E1: 불량금액 | F1: =G49 -> 0
A2: 불량수량 | B2: =I49 -> 0 | L2: =SUBTOTAL(9,L6:L48) -> 0 | M2: =SUBTOTAL(9,M6:M48) -> 0 | N2: =SUBTOTAL(9,N6:N48) -> 0 | Q2: =SUBTOTAL(9,Q6:Q48) -> 0 | R2: =SUBTOTAL(9,R6:R48) -> 0 | S2: =SUBTOTAL(9,S6:S48) -> 0 | T2: =SUBTOTAL(9,T6:T48) -> 0
A3: 불량율(ppm) | B3: =IF(ISERROR(B2/(B2+B1)*1000000),"",(B2/(B2+B1)*1000000)) | L3: =SUM(L6:L48) -> 0 | M3: =SUM(M6:M48) -> 0 | N3: =SUM(N6:N48) -> 0 | Q3: =SUM(Q6:Q48) -> 0 | R3: =SUM(R6:R48) -> 0 | S3: =SUM(S6:S48) -> 0 | T3: =SUM(T6:T48) -> 0
A4: =U49 -> OK | E4: 거래선 및 불량금액 | H4: 종합 | L4: 치수 | M4: 외관 | N4: 편차 | O4: Tool마모 | P4: 설비Error | Q4: 자주검사 | R4: 기타 | S4: 폐기 | T4: 합계 | U4: 오기 유/무
A5: TM NO. | B5: CODE (ERP) | C5: 품 명 | D5: 차종 | E5: 거래선 | F5: 단가 | G5: 불량금액 (단가x수량) | H5: 생산수량 | I5: 불량수량 | J5: 불량율 (PPM)
A6: 6004 | C6: CARRIER-PLANET,MID (A8LF1) | T6: =SUM(L6:S6) -> 0 | U6: =IF(T6=I6,"OK","NG") -> OK
A7: 6007 | C7: CARRIER-PLANET,MID (A8LF2) | T7: =SUM(L7:S7) -> 0 | U7: =IF(T7=I7,"OK","NG") -> OK
A9: 1691
C49: 소계 SUBTOTAL(가로) | G49: =SUM(G6:G48) -> 0 | H49: =SUM(H6:H48) -> 0 | I49: =SUM(I6:I48) -> 0 | J49: =SUM(J6:J48) -> 0 | L49: =SUM(L6:L48) -> 0 | M49: =SUM(M6:M48) -> 0 | N49: =SUM(N6:N48) -> 0 | O49: =SUM(O6:O48) -> 0 | P49: =SUM(P6:P48) -> 0 | Q49: =SUM(Q6:Q48) -> 0 | R49: =SUM(R6:R48) -> 0 | S49: =SUM(S6:S48) -> 0 | T49: =SUM(T6:T48) -> 0 | U49: =IF(T49=SUM(I49),"OK","NG") -> OK

Sheet 13
A1: 생산수량 | B1: =H49 -> 510 | E1: 불량금액 | F1: =G49 -> 0
A2: 불량수량 | B2: =I49 -> 2 | L2: =SUBTOTAL(9,L6:L48) -> 0 | M2: =SUBTOTAL(9,M6:M48) -> 0 | N2: =SUBTOTAL(9,N6:N48) -> 0 | Q2: =SUBTOTAL(9,Q6:Q48) -> 0 | R2: =SUBTOTAL(9,R6:R48) -> 2 | S2: =SUBTOTAL(9,S6:S48) -> 0 | T2: =SUBTOTAL(9,T6:T48) -> 2
A3: 불량율(ppm) | B3: =IF(ISERROR(B2/(B2+B1)*1000000),"",(B2/(B2+B1)*1000000)) -> 3906.25 | L3: =SUM(L6:L48) -> 0 | M3: =SUM(M6:M48) -> 0 | N3: =SUM(N6:N48) -> 0 | Q3: =SUM(Q6:Q48) -> 0 | R3: =SUM(R6:R48) -> 2 | S3: =SUM(S6:S48) -> 0 | T3: =SUM(T6:T48) -> 2
A4: =U49 -> OK | E4: 거래선 및 불량금액 | H4: 종합 | L4: 치수 | M4: 외관 | N4: 편차 | O4: Tool마모 | P4: 설비Error | Q4: 자주검사 | R4: 기타 | S4: 폐기 | T4: 합계 | U4: 오기 유/무
A5: TM NO. | B5: CODE (ERP) | C5: 품 명 | D5: 차종 | E5: 거래선 | F5: 단가 | G5: 불량금액 (단가x수량) | H5: 생산수량 | I5: 불량수량 | J5: 불량율 (PPM)
A6: 6004 | C6: CARRIER-PLANET,MID (A8LF1) | H6: =160+350 -> 510 | I6: 2 | R6: 2 | T6: =SUM(L6:S6) -> 2 | U6: =IF(T6=I6,"OK","NG") -> OK
A7: 6007 | C7: CARRIER-PLANET,MID (A8LF2) | T7: =SUM(L7:S7) -> 0 | U7: =IF(T7=I7,"OK","NG") -> OK
A9: 1691
C49: 소계 SUBTOTAL(가로) | G49: =SUM(G6:G48) -> 0 | H49: =SUM(H6:H48) -> 510 | I49: =SUM(I6:I48) -> 2 | J49: =SUM(J6:J48) -> 0 | L49: =SUM(L6:L48) -> 0 | M49: =SUM(M6:M48) -> 0 | N49: =SUM(N6:N48) -> 0 | O49: =SUM(O6:O48) -> 0 | P49: =SUM(P6:P48) -> 0 | Q49: =SUM(Q6:Q48) -> 0 | R49: =SUM(R6:R48) -> 2 | S49: =SUM(S6:S48) -> 0 | T49: =SUM(T6:T48) -> 2 | U49: =IF(T49=SUM(I49),"OK","NG") -> OK

Sheet 14
A1: 생산수량 | B1: =H49 -> 360 | E1: 불량금액 | F1: =G49 -> 0
A2: 불량수량 | B2: =I49 -> 2 | L2: =SUBTOTAL(9,L6:L48) -> 0 | M2: =SUBTOTAL(9,M6:M48) -> 0 | N2: =SUBTOTAL(9,N6:N48) -> 0 | Q2: =SUBTOTAL(9,Q6:Q48) -> 0 | R2: =SUBTOTAL(9,R6:R48) -> 2 | S2: =SUBTOTAL(9,S6:S48) -> 0 | T2: =SUBTOTAL(9,T6:T48) -> 2
A3: 불량율(ppm) | B3: =IF(ISERROR(B2/(B2+B1)*1000000),"",(B2/(B2+B1)*1000000)) -> 5524.8619 | L3: =SUM(L6:L48) -> 0 | M3: =SUM(M6:M48) -> 0 | N3: =SUM(N6:N48) -> 0 | Q3: =SUM(Q6:Q48) -> 0 | R3: =SUM(R6:R48) -> 2 | S3: =SUM(S6:S48) -> 0 | T3: =SUM(T6:T48) -> 2
A4: =U49 -> OK | E4: 거래선 및 불량금액 | H4: 종합 | L4: 치수 | M4: 외관 | N4: 편차 | O4: Tool마모 | P4: 설비Error | Q4: 자주검사 | R4: 기타 | S4: 폐기 | T4: 합계 | U4: 오기 유/무
A5: TM NO. | B5: CODE (ERP) | C5: 품 명 | D5: 차종 | E5: 거래선 | F5: 단가 | G5: 불량금액 (단가x수량) | H5: 생산수량 | I5: 불량수량 | J5: 불량율 (PPM)
A6: 6004 | C6: CARRIER-PLANET,MID (A8LF1) | H6: 360 | I6: 2 | R6: 2 | T6: =SUM(L6:S6) -> 2 | U6: =IF(T6=I6,"OK","NG") -> OK
A7: 6007 | C7: CARRIER-PLANET,MID (A8LF2) | T7: =SUM(L7:S7) -> 0 | U7: =IF(T7=I7,"OK","NG") -> OK
A9: 1691
C49: 소계 SUBTOTAL(가로) | G49: =SUM(G6:G48) -> 0 | H49: =SUM(H6:H48) -> 360 | I49: =SUM(I6:I48) -> 2 | J49: =SUM(J6:J48) -> 0 | L49: =SUM(L6:L48) -> 0 | M49: =SUM(M6:M48) -> 0 | N49: =SUM(N6:N48) -> 0 | O49: =SUM(O6:O48) -> 0 | P49: =SUM(P6:P48) -> 0 | Q49: =SUM(Q6:Q48) -> 0 | R49: =SUM(R6:R48) -> 2 | S49: =SUM(S6:S48) -> 0 | T49: =SUM(T6:T48) -> 2 | U49: =IF(T49=SUM(I49),"OK","NG") -> OK

Sheet 15
A1: 생산수량 | B1: =H49 -> 760 | E1: 불량금액 | F1: =G49 -> 0
A2: 불량수량 | B2: =I49 -> 18 | L2: =SUBTOTAL(9,L6:L48) -> 0 | M2: =SUBTOTAL(9,M6:M48) -> 0 | N2: =SUBTOTAL(9,N6:N48) -> 0 | Q2: =SUBTOTAL(9,Q6:Q48) -> 0 | R2: =SUBTOTAL(9,R6:R48) -> 16 | S2: =SUBTOTAL(9,S6:S48) -> 0 | T2: =SUBTOTAL(9,T6:T48) -> 18
A3: 불량율(ppm) | B3: =IF(ISERROR(B2/(B2+B1)*1000000),"",(B2/(B2+B1)*1000000)) -> 23136.247 | L3: =SUM(L6:L48) -> 0 | M3: =SUM(M6:M48) -> 0 | N3: =SUM(N6:N48) -> 0 | Q3: =SUM(Q6:Q48) -> 0 | R3: =SUM(R6:R48) -> 16 | S3: =SUM(S6:S48) -> 0 | T3: =SUM(T6:T48) -> 18
A4: =U49 -> OK | E4: 거래선 및 불량금액 | H4: 종합 | L4: 치수 | M4: 외관 | N4: 편차 | O4: Tool마모 | P4: 설비Error | Q4: 자주검사 | R4: 기타 | S4: 폐기 | T4: 합계 | U4: 오기 유/무
A5: TM NO. | B5: CODE (ERP) | C5: 품 명 | D5: 차종 | E5: 거래선 | F5: 단가 | G5: 불량금액 (단가x수량) | H5: 생산수량 | I5: 불량수량 | J5: 불량율 (PPM)
A6: 6004 | C6: CARRIER-PLANET,MID (A8LF1) | H6: =330+230+200 -> 760 | I6: 18 | P6: 2 | R6: 16 | T6: =SUM(L6:S6) -> 18 | U6: =IF(T6=I6,"OK","NG") -> OK
A7: 6007 | C7: CARRIER-PLANET,MID (A8LF2) | T7: =SUM(L7:S7) -> 0 | U7: =IF(T7=I7,"OK","NG") -> OK
A9: 1691
C49: 소계 SUBTOTAL(가로) | G49: =SUM(G6:G48) -> 0 | H49: =SUM(H6:H48) -> 760 | I49: =SUM(I6:I48) -> 18 | J49: =SUM(J6:J48) -> 0 | L49: =SUM(L6:L48) -> 0 | M49: =SUM(M6:M48) -> 0 | N49: =SUM(N6:N48) -> 0 | O49: =SUM(O6:O48) -> 0 | P49: =SUM(P6:P48) -> 2 | Q49: =SUM(Q6:Q48) -> 0 | R49: =SUM(R6:R48) -> 16 | S49: =SUM(S6:S48) -> 0 | T49: =SUM(T6:T48) -> 18 | U49: =IF(T49=SUM(I49),"OK","NG") -> OK

Sheet 16
A1: 생산수량 | B1: =H49 -> 0 | E1: 불량금액 | F1: =G49 -> 0
A2: 불량수량 | B2: =I49 -> 0 | L2: =SUBTOTAL(9,L6:L48) -> 0 | M2: =SUBTOTAL(9,M6:M48) -> 0 | N2: =SUBTOTAL(9,N6:N48) -> 0 | Q2: =SUBTOTAL(9,Q6:Q48) -> 0 | R2: =SUBTOTAL(9,R6:R48) -> 0 | S2: =SUBTOTAL(9,S6:S48) -> 0 | T2: =SUBTOTAL(9,T6:T48) -> 0
A3: 불량율(ppm) | B3: =IF(ISERROR(B2/(B2+B1)*1000000),"",(B2/(B2+B1)*1000000)) | L3: =SUM(L6:L48) -> 0 | M3: =SUM(M6:M48) -> 0 | N3: =SUM(N6:N48) -> 0 | Q3: =SUM(Q6:Q48) -> 0 | R3: =SUM(R6:R48) -> 0 | S3: =SUM(S6:S48) -> 0 | T3: =SUM(T6:T48) -> 0
A4: =U49 -> OK | E4: 거래선 및 불량금액 | H4: 종합 | L4: 치수 | M4: 외관 | N4: 편차 | O4: Tool마모 | P4: 설비Error | Q4: 자주검사 | R4: 기타 | S4: 폐기 | T4: 합계 | U4: 오기 유/무
A5: TM NO. | B5: CODE (ERP) | C5: 품 명 | D5: 차종 | E5: 거래선 | F5: 단가 | G5: 불량금액 (단가x수량) | H5: 생산수량 | I5: 불량수량 | J5: 불량율 (PPM)
A6: 6004 | C6: CARRIER-PLANET,MID (A8LF1) | T6: =SUM(L6:S6) -> 0 | U6: =IF(T6=I6,"OK","NG") -> OK
A7: 6007 | C7: CARRIER-PLANET,MID (A8LF2) | T7: =SUM(L7:S7) -> 0 | U7: =IF(T7=I7,"OK","NG") -> OK
A9: 1691
C49: 소계 SUBTOTAL(가로) | G49: =SUM(G6:G48) -> 0 | H49: =SUM(H6:H48) -> 0 | I49: =SUM(I6:I48) -> 0 | J49: =SUM(J6:J48) -> 0 | L49: =SUM(L6:L48) -> 0 | M49: =SUM(M6:M48) -> 0 | N49: =SUM(N6:N48) -> 0 | O49: =SUM(O6:O48) -> 0 | P49: =SUM(P6:P48) -> 0 | Q49: =SUM(Q6:Q48) -> 0 | R49: =SUM(R6:R48) -> 0 | S49: =SUM(S6:S48) -> 0 | T49: =SUM(T6:T48) -> 0 | U49: =IF(T49=SUM(I49),"OK","NG") -> OK

Sheet 17
A1: 생산수량 | B1: =H49 -> 0 | E1: 불량금액 | F1: =G49 -> 0
A2: 불량수량 | B2: =I49 -> 0 | L2: =SUBTOTAL(9,L6:L48) -> 0 | M2: =SUBTOTAL(9,M6:M48) -> 0 | N2: =SUBTOTAL(9,N6:N48) -> 0 | Q2: =SUBTOTAL(9,Q6:Q48) -> 0 | R2: =SUBTOTAL(9,R6:R48) -> 0 | S2: =SUBTOTAL(9,S6:S48) -> 0 | T2: =SUBTOTAL(9,T6:T48) -> 0
A3: 불량율(ppm) | B3: =IF(ISERROR(B2/(B2+B1)*1000000),"",(B2/(B2+B1)*1000000)) | L3: =SUM(L6:L48) -> 0 | M3: =SUM(M6:M48) -> 0 | N3: =SUM(N6:N48) -> 0 | Q3: =SUM(Q6:Q48) -> 0 | R3: =SUM(R6:R48) -> 0 | S3: =SUM(S6:S48) -> 0 | T3: =SUM(T6:T48) -> 0
A4: =U49 -> OK | E4: 거래선 및 불량금액 | H4: 종합 | L4: 치수 | M4: 외관 | N4: 편차 | O4: Tool마모 | P4: 설비Error | Q4: 자주검사 | R4: 기타 | S4: 폐기 | T4: 합계 | U4: 오기 유/무
A5: TM NO. | B5: CODE (ERP) | C5: 품 명 | D5: 차종 | E5: 거래선 | F5: 단가 | G5: 불량금액 (단가x수량) | H5: 생산수량 | I5: 불량수량 | J5: 불량율 (PPM)
A6: 6004 | C6: CARRIER-PLANET,MID (A8LF1) | T6: =SUM(L6:S6) -> 0 | U6: =IF(T6=I6,"OK","NG") -> OK
A7: 6007 | C7: CARRIER-PLANET,MID (A8LF2) | T7: =SUM(L7:S7) -> 0 | U7: =IF(T7=I7,"OK","NG") -> OK
A9: 1691
C49: 소계 SUBTOTAL(가로) | G49: =SUM(G6:G48) -> 0 | H49: =SUM(H6:H48) -> 0 | I49: =SUM(I6:I48) -> 0 | J49: =SUM(J6:J48) -> 0 | L49: =SUM(L6:L48) -> 0 | M49: =SUM(M6:M48) -> 0 | N49: =SUM(N6:N48) -> 0 | O49: =SUM(O6:O48) -> 0 | P49: =SUM(P6:P48) -> 0 | Q49: =SUM(Q6:Q48) -> 0 | R49: =SUM(R6:R48) -> 0 | S49: =SUM(S6:S48) -> 0 | T49: =SUM(T6:T48) -> 0 | U49: =IF(T49=SUM(I49),"OK","NG") -> OK

Sheet 18
A1: 생산수량 | B1: =H49 -> 0 | E1: 불량금액 | F1: =G49 -> 0
A2: 불량수량 | B2: =I49 -> 0 | L2: =SUBTOTAL(9,L6:L48) -> 0 | M2: =SUBTOTAL(9,M6:M48) -> 0 | N2: =SUBTOTAL(9,N6:N48) -> 0 | Q2: =SUBTOTAL(9,Q6:Q48) -> 0 | R2: =SUBTOTAL(9,R6:R48) -> 0 | S2: =SUBTOTAL(9,S6:S48) -> 0 | T2: =SUBTOTAL(9,T6:T48) -> 0
A3: 불량율(ppm) | B3: =IF(ISERROR(B2/(B2+B1)*1000000),"",(B2/(B2+B1)*1000000)) | L3: =SUM(L6:L48) -> 0 | M3: =SUM(M6:M48) -> 0 | N3: =SUM(N6:N48) -> 0 | Q3: =SUM(Q6:Q48) -> 0 | R3: =SUM(R6:R48) -> 0 | S3: =SUM(S6:S48) -> 0 | T3: =SUM(T6:T48) -> 0
A4: =U49 -> OK | E4: 거래선 및 불량금액 | H4: 종합 | L4: 치수 | M4: 외관 | N4: 편차 | O4: Tool마모 | P4: 설비Error | Q4: 자주검사 | R4: 기타 | S4: 폐기 | T4: 합계 | U4: 오기 유/무
A5: TM NO. | B5: CODE (ERP) | C5: 품 명 | D5: 차종 | E5: 거래선 | F5: 단가 | G5: 불량금액 (단가x수량) | H5: 생산수량 | I5: 불량수량 | J5: 불량율 (PPM)
A6: 6004 | C6: CARRIER-PLANET,MID (A8LF1) | T6: =SUM(L6:S6) -> 0 | U6: =IF(T6=I6,"OK","NG") -> OK
A7: 6007 | C7: CARRIER-PLANET,MID (A8LF2) | T7: =SUM(L7:S7) -> 0 | U7: =IF(T7=I7,"OK","NG") -> OK
A9: 1691
C49: 소계 SUBTOTAL(가로) | G49: =SUM(G6:G48) -> 0 | H49: =SUM(H6:H48) -> 0 | I49: =SUM(I6:I48) -> 0 | J49: =SUM(J6:J48) -> 0 | L49: =SUM(L6:L48) -> 0 | M49: =SUM(M6:M48) -> 0 | N49: =SUM(N6:N48) -> 0 | O49: =SUM(O6:O48) -> 0 | P49: =SUM(P6:P48) -> 0 | Q49: =SUM(Q6:Q48) -> 0 | R49: =SUM(R6:R48) -> 0 | S49: =SUM(S6:S48) -> 0 | T49: =SUM(T6:T48) -> 0 | U49: =IF(T49=SUM(I49),"OK","NG") -> OK

Sheet 19
A1: 생산수량 | B1: =H49 -> 0 | E1: 불량금액 | F1: =G49 -> 0
A2: 불량수량 | B2: =I49 -> 0 | L2: =SUBTOTAL(9,L6:L48) -> 0 | M2: =SUBTOTAL(9,M6:M48) -> 0 | N2: =SUBTOTAL(9,N6:N48) -> 0 | Q2: =SUBTOTAL(9,Q6:Q48) -> 0 | R2: =SUBTOTAL(9,R6:R48) -> 0 | S2: =SUBTOTAL(9,S6:S48) -> 0 | T2: =SUBTOTAL(9,T6:T48) -> 0
A3: 불량율(ppm) | B3: =IF(ISERROR(B2/(B2+B1)*1000000),"",(B2/(B2+B1)*1000000)) | L3: =SUM(L6:L48) -> 0 | M3: =SUM(M6:M48) -> 0 | N3: =SUM(N6:N48) -> 0 | Q3: =SUM(Q6:Q48) -> 0 | R3: =SUM(R6:R48) -> 0 | S3: =SUM(S6:S48) -> 0 | T3: =SUM(T6:T48) -> 0
A4: =U49 -> OK | E4: 거래선 및 불량금액 | H4: 종합 | L4: 치수 | M4: 외관 | N4: 편차 | O4: Tool마모 | P4: 설비Error | Q4: 자주검사 | R4: 기타 | S4: 폐기 | T4: 합계 | U4: 오기 유/무
A5: TM NO. | B5: CODE (ERP) | C5: 품 명 | D5: 차종 | E5: 거래선 | F5: 단가 | G5: 불량금액 (단가x수량) | H5: 생산수량 | I5: 불량수량 | J5: 불량율 (PPM)
A6: 6004 | C6: CARRIER-PLANET,MID (A8LF1) | T6: =SUM(L6:S6) -> 0 | U6: =IF(T6=I6,"OK","NG") -> OK
A7: 6007 | C7: CARRIER-PLANET,MID (A8LF2) | T7: =SUM(L7:S7) -> 0 | U7: =IF(T7=I7,"OK","NG") -> OK
A9: 1691
C49: 소계 SUBTOTAL(가로) | G49: =SUM(G6:G48) -> 0 | H49: =SUM(H6:H48) -> 0 | I49: =SUM(I6:I48) -> 0 | J49: =SUM(J6:J48) -> 0 | L49: =SUM(L6:L48) -> 0 | M49: =SUM(M6:M48) -> 0 | N49: =SUM(N6:N48) -> 0 | O49: =SUM(O6:O48) -> 0 | P49: =SUM(P6:P48) -> 0 | Q49: =SUM(Q6:Q48) -> 0 | R49: =SUM(R6:R48) -> 0 | S49: =SUM(S6:S48) -> 0 | T49: =SUM(T6:T48) -> 0 | U49: =IF(T49=SUM(I49),"OK","NG") -> OK

Sheet 20
A1: 생산수량 | B1: =H49 -> 0 | E1: 불량금액 | F1: =G49 -> 0
A2: 불량수량 | B2: =I49 -> 0 | L2: =SUBTOTAL(9,L6:L48) -> 0 | M2: =SUBTOTAL(9,M6:M48) -> 0 | N2: =SUBTOTAL(9,N6:N48) -> 0 | Q2: =SUBTOTAL(9,Q6:Q48) -> 0 | R2: =SUBTOTAL(9,R6:R48) -> 0 | S2: =SUBTOTAL(9,S6:S48) -> 0 | T2: =SUBTOTAL(9,T6:T48) -> 0
A3: 불량율(ppm) | B3: =IF(ISERROR(B2/(B2+B1)*1000000),"",(B2/(B2+B1)*1000000)) | L3: =SUM(L6:L48) -> 0 | M3: =SUM(M6:M48) -> 0 | N3: =SUM(N6:N48) -> 0 | Q3: =SUM(Q6:Q48) -> 0 | R3: =SUM(R6:R48) -> 0 | S3: =SUM(S6:S48) -> 0 | T3: =SUM(T6:T48) -> 0
A4: =U49 -> OK | E4: 거래선 및 불량금액 | H4: 종합 | L4: 치수 | M4: 외관 | N4: 편차 | O4: Tool마모 | P4: 설비Error | Q4: 자주검사 | R4: 기타 | S4: 폐기 | T4: 합계 | U4: 오기 유/무
A5: TM NO. | B5: CODE (ERP) | C5: 품 명 | D5: 차종 | E5: 거래선 | F5: 단가 | G5: 불량금액 (단가x수량) | H5: 생산수량 | I5: 불량수량 | J5: 불량율 (PPM)
A6: 6004 | C6: CARRIER-PLANET,MID (A8LF1) | T6: =SUM(L6:S6) -> 0 | U6: =IF(T6=I6,"OK","NG") -> OK
A7: 6007 | C7: CARRIER-PLANET,MID (A8LF2) | T7: =SUM(L7:S7) -> 0 | U7: =IF(T7=I7,"OK","NG") -> OK
A9: 1691
C49: 소계 SUBTOTAL(가로) | G49: =SUM(G6:G48) -> 0 | H49: =SUM(H6:H48) -> 0 | I49: =SUM(I6:I48) -> 0 | J49: =SUM(J6:J48) -> 0 | L49: =SUM(L6:L48) -> 0 | M49: =SUM(M6:M48) -> 0 | N49: =SUM(N6:N48) -> 0 | O49: =SUM(O6:O48) -> 0 | P49: =SUM(P6:P48) -> 0 | Q49: =SUM(Q6:Q48) -> 0 | R49: =SUM(R6:R48) -> 0 | S49: =SUM(S6:S48) -> 0 | T49: =SUM(T6:T48) -> 0 | U49: =IF(T49=SUM(I49),"OK","NG") -> OK

Sheet 21
A1: 생산수량 | B1: =H49 -> 0 | E1: 불량금액 | F1: =G49 -> 0
A2: 불량수량 | B2: =I49 -> 0 | L2: =SUBTOTAL(9,L6:L48) -> 0 | M2: =SUBTOTAL(9,M6:M48) -> 0 | N2: =SUBTOTAL(9,N6:N48) -> 0 | Q2: =SUBTOTAL(9,Q6:Q48) -> 0 | R2: =SUBTOTAL(9,R6:R48) -> 0 | S2: =SUBTOTAL(9,S6:S48) -> 0 | T2: =SUBTOTAL(9,T6:T48) -> 0
A3: 불량율(ppm) | B3: =IF(ISERROR(B2/(B2+B1)*1000000),"",(B2/(B2+B1)*1000000)) | L3: =SUM(L6:L48) -> 0 | M3: =SUM(M6:M48) -> 0 | N3: =SUM(N6:N48) -> 0 | Q3: =SUM(Q6:Q48) -> 0 | R3: =SUM(R6:R48) -> 0 | S3: =SUM(S6:S48) -> 0 | T3: =SUM(T6:T48) -> 0
A4: =U49 -> OK | E4: 거래선 및 불량금액 | H4: 종합 | L4: 치수 | M4: 외관 | N4: 편차 | O4: Tool마모 | P4: 설비Error | Q4: 자주검사 | R4: 기타 | S4: 폐기 | T4: 합계 | U4: 오기 유/무
A5: TM NO. | B5: CODE (ERP) | C5: 품 명 | D5: 차종 | E5: 거래선 | F5: 단가 | G5: 불량금액 (단가x수량) | H5: 생산수량 | I5: 불량수량 | J5: 불량율 (PPM)
A6: 6004 | C6: CARRIER-PLANET,MID (A8LF1) | T6: =SUM(L6:S6) -> 0 | U6: =IF(T6=I6,"OK","NG") -> OK
A7: 6007 | C7: CARRIER-PLANET,MID (A8LF2) | T7: =SUM(L7:S7) -> 0 | U7: =IF(T7=I7,"OK","NG") -> OK
A9: 1691
C49: 소계 SUBTOTAL(가로) | G49: =SUM(G6:G48) -> 0 | H49: =SUM(H6:H48) -> 0 | I49: =SUM(I6:I48) -> 0 | J49: =SUM(J6:J48) -> 0 | L49: =SUM(L6:L48) -> 0 | M49: =SUM(M6:M48) -> 0 | N49: =SUM(N6:N48) -> 0 | O49: =SUM(O6:O48) -> 0 | P49: =SUM(P6:P48) -> 0 | Q49: =SUM(Q6:Q48) -> 0 | R49: =SUM(R6:R48) -> 0 | S49: =SUM(S6:S48) -> 0 | T49: =SUM(T6:T48) -> 0 | U49: =IF(T49=SUM(I49),"OK","NG") -> OK

Sheet 22
A1: 생산수량 | B1: =H49 -> 350 | E1: 불량금액 | F1: =G49 -> 0
A2: 불량수량 | B2: =I49 -> 2 | L2: =SUBTOTAL(9,L6:L48) -> 0 | M2: =SUBTOTAL(9,M6:M48) -> 0 | N2: =SUBTOTAL(9,N6:N48) -> 0 | Q2: =SUBTOTAL(9,Q6:Q48) -> 0 | R2: =SUBTOTAL(9,R6:R48) -> 2 | S2: =SUBTOTAL(9,S6:S48) -> 0 | T2: =SUBTOTAL(9,T6:T48) -> 2
A3: 불량율(ppm) | B3: =IF(ISERROR(B2/(B2+B1)*1000000),"",(B2/(B2+B1)*1000000)) -> 5681.8182 | L3: =SUM(L6:L48) -> 0 | M3: =SUM(M6:M48) -> 0 | N3: =SUM(N6:N48) -> 0 | Q3: =SUM(Q6:Q48) -> 0 | R3: =SUM(R6:R48) -> 2 | S3: =SUM(S6:S48) -> 0 | T3: =SUM(T6:T48) -> 2
A4: =U49 -> OK | E4: 거래선 및 불량금액 | H4: 종합 | L4: 치수 | M4: 외관 | N4: 편차 | O4: Tool마모 | P4: 설비Error | Q4: 자주검사 | R4: 기타 | S4: 폐기 | T4: 합계 | U4: 오기 유/무
A5: TM NO. | B5: CODE (ERP) | C5: 품 명 | D5: 차종 | E5: 거래선 | F5: 단가 | G5: 불량금액 (단가x수량) | H5: 생산수량 | I5: 불량수량 | J5: 불량율 (PPM)
A6: 6004 | C6: CARRIER-PLANET,MID (A8LF1) | H6: 350 | I6: 2 | R6: 2 | T6: =SUM(L6:S6) -> 2 | U6: =IF(T6=I6,"OK","NG") -> OK
A7: 6007 | C7: CARRIER-PLANET,MID (A8LF2) | T7: =SUM(L7:S7) -> 0 | U7: =IF(T7=I7,"OK","NG") -> OK
A9: 1691
C49: 소계 SUBTOTAL(가로) | G49: =SUM(G6:G48) -> 0 | H49: =SUM(H6:H48) -> 350 | I49: =SUM(I6:I48) -> 2 | J49: =SUM(J6:J48) -> 0 | L49: =SUM(L6:L48) -> 0 | M49: =SUM(M6:M48) -> 0 | N49: =SUM(N6:N48) -> 0 | O49: =SUM(O6:O48) -> 0 | P49: =SUM(P6:P48) -> 0 | Q49: =SUM(Q6:Q48) -> 0 | R49: =SUM(R6:R48) -> 2 | S49: =SUM(S6:S48) -> 0 | T49: =SUM(T6:T48) -> 2 | U49: =IF(T49=SUM(I49),"OK","NG") -> OK

Sheet 23
A1: 생산수량 | B1: =H49 -> 810 | E1: 불량금액 | F1: =G49 -> 0
A2: 불량수량 | B2: =I49 -> 3 | L2: =SUBTOTAL(9,L6:L48) -> 0 | M2: =SUBTOTAL(9,M6:M48) -> 0 | N2: =SUBTOTAL(9,N6:N48) -> 0 | Q2: =SUBTOTAL(9,Q6:Q48) -> 0 | R2: =SUBTOTAL(9,R6:R48) -> 1 | S2: =SUBTOTAL(9,S6:S48) -> 0 | T2: =SUBTOTAL(9,T6:T48) -> 3
A3: 불량율(ppm) | B3: =IF(ISERROR(B2/(B2+B1)*1000000),"",(B2/(B2+B1)*1000000)) -> 3690.0369 | L3: =SUM(L6:L48) -> 0 | M3: =SUM(M6:M48) -> 0 | N3: =SUM(N6:N48) -> 0 | Q3: =SUM(Q6:Q48) -> 0 | R3: =SUM(R6:R48) -> 1 | S3: =SUM(S6:S48) -> 0 | T3: =SUM(T6:T48) -> 3
A4: =U49 -> OK | E4: 거래선 및 불량금액 | H4: 종합 | L4: 치수 | M4: 외관 | N4: 편차 | O4: Tool마모 | P4: 설비Error | Q4: 자주검사 | R4: 기타 | S4: 폐기 | T4: 합계 | U4: 오기 유/무
A5: TM NO. | B5: CODE (ERP) | C5: 품 명 | D5: 차종 | E5: 거래선 | F5: 단가 | G5: 불량금액 (단가x수량) | H5: 생산수량 | I5: 불량수량 | J5: 불량율 (PPM)
A6: 6004 | C6: CARRIER-PLANET,MID (A8LF1) | H6: =410+400 -> 810 | I6: 3 | P6: 2 | R6: 1 | T6: =SUM(L6:S6) -> 3 | U6: =IF(T6=I6,"OK","NG") -> OK
A7: 6007 | C7: CARRIER-PLANET,MID (A8LF2) | T7: =SUM(L7:S7) -> 0 | U7: =IF(T7=I7,"OK","NG") -> OK
A9: 1691
C49: 소계 SUBTOTAL(가로) | G49: =SUM(G6:G48) -> 0 | H49: =SUM(H6:H48) -> 810 | I49: =SUM(I6:I48) -> 3 | J49: =SUM(J6:J48) -> 0 | L49: =SUM(L6:L48) -> 0 | M49: =SUM(M6:M48) -> 0 | N49: =SUM(N6:N48) -> 0 | O49: =SUM(O6:O48) -> 0 | P49: =SUM(P6:P48) -> 2 | Q49: =SUM(Q6:Q48) -> 0 | R49: =SUM(R6:R48) -> 1 | S49: =SUM(S6:S48) -> 0 | T49: =SUM(T6:T48) -> 3 | U49: =IF(T49=SUM(I49),"OK","NG") -> OK

Sheet 24
A1: 생산수량 | B1: =H49 -> 503 | E1: 불량금액 | F1: =G49 -> 0
A2: 불량수량 | B2: =I49 -> 6 | L2: =SUBTOTAL(9,L6:L48) -> 0 | M2: =SUBTOTAL(9,M6:M48) -> 0 | N2: =SUBTOTAL(9,N6:N48) -> 0 | Q2: =SUBTOTAL(9,Q6:Q48) -> 0 | R2: =SUBTOTAL(9,R6:R48) -> 6 | S2: =SUBTOTAL(9,S6:S48) -> 0 | T2: =SUBTOTAL(9,T6:T48) -> 6
A3: 불량율(ppm) | B3: =IF(ISERROR(B2/(B2+B1)*1000000),"",(B2/(B2+B1)*1000000)) -> 11787.819 | L3: =SUM(L6:L48) -> 0 | M3: =SUM(M6:M48) -> 0 | N3: =SUM(N6:N48) -> 0 | Q3: =SUM(Q6:Q48) -> 0 | R3: =SUM(R6:R48) -> 6 | S3: =SUM(S6:S48) -> 0 | T3: =SUM(T6:T48) -> 6
A4: =U49 -> OK | E4: 거래선 및 불량금액 | H4: 종합 | L4: 치수 | M4: 외관 | N4: 편차 | O4: Tool마모 | P4: 설비Error | Q4: 자주검사 | R4: 기타 | S4: 폐기 | T4: 합계 | U4: 오기 유/무
A5: TM NO. | B5: CODE (ERP) | C5: 품 명 | D5: 차종 | E5: 거래선 | F5: 단가 | G5: 불량금액 (단가x수량) | H5: 생산수량 | I5: 불량수량 | J5: 불량율 (PPM)
A6: 6004 | C6: CARRIER-PLANET,MID (A8LF1) | H6: =120+130+253 -> 503 | I6: 6 | R6: 6 | T6: =SUM(L6:S6) -> 6 | U6: =IF(T6=I6,"OK","NG") -> OK
A7: 6007 | C7: CARRIER-PLANET,MID (A8LF2) | T7: =SUM(L7:S7) -> 0 | U7: =IF(T7=I7,"OK","NG") -> OK
A9: 1691
C49: 소계 SUBTOTAL(가로) | G49: =SUM(G6:G48) -> 0 | H49: =SUM(H6:H48) -> 503 | I49: =SUM(I6:I48) -> 6 | J49: =SUM(J6:J48) -> 0 | L49: =SUM(L6:L48) -> 0 | M49: =SUM(M6:M48) -> 0 | N49: =SUM(N6:N48) -> 0 | O49: =SUM(O6:O48) -> 0 | P49: =SUM(P6:P48) -> 0 | Q49: =SUM(Q6:Q48) -> 0 | R49: =SUM(R6:R48) -> 6 | S49: =SUM(S6:S48) -> 0 | T49: =SUM(T6:T48) -> 6 | U49: =IF(T49=SUM(I49),"OK","NG") -> OK

Sheet 25
A1: 생산수량 | B1: =H49 -> 0 | E1: 불량금액 | F1: =G49 -> 0
A2: 불량수량 | B2: =I49 -> 0 | L2: =SUBTOTAL(9,L6:L48) -> 0 | M2: =SUBTOTAL(9,M6:M48) -> 0 | N2: =SUBTOTAL(9,N6:N48) -> 0 | Q2: =SUBTOTAL(9,Q6:Q48) -> 0 | R2: =SUBTOTAL(9,R6:R48) -> 0 | S2: =SUBTOTAL(9,S6:S48) -> 0 | T2: =SUBTOTAL(9,T6:T48) -> 0
A3: 불량율(ppm) | B3: =IF(ISERROR(B2/(B2+B1)*1000000),"",(B2/(B2+B1)*1000000)) | L3: =SUM(L6:L48) -> 0 | M3: =SUM(M6:M48) -> 0 | N3: =SUM(N6:N48) -> 0 | Q3: =SUM(Q6:Q48) -> 0 | R3: =SUM(R6:R48) -> 0 | S3: =SUM(S6:S48) -> 0 | T3: =SUM(T6:T48) -> 0
A4: =U49 -> OK | E4: 거래선 및 불량금액 | H4: 종합 | L4: 치수 | M4: 외관 | N4: 편차 | O4: Tool마모 | P4: 설비Error | Q4: 자주검사 | R4: 기타 | S4: 폐기 | T4: 합계 | U4: 오기 유/무
A5: TM NO. | B5: CODE (ERP) | C5: 품 명 | D5: 차종 | E5: 거래선 | F5: 단가 | G5: 불량금액 (단가x수량) | H5: 생산수량 | I5: 불량수량 | J5: 불량율 (PPM)
A6: 6004 | C6: CARRIER-PLANET,MID (A8LF1) | T6: =SUM(L6:S6) -> 0 | U6: =IF(T6=I6,"OK","NG") -> OK
A7: 6007 | C7: CARRIER-PLANET,MID (A8LF2) | T7: =SUM(L7:S7) -> 0 | U7: =IF(T7=I7,"OK","NG") -> OK
A9: 1691
C49: 소계 SUBTOTAL(가로) | G49: =SUM(G6:G48) -> 0 | H49: =SUM(H6:H48) -> 0 | I49: =SUM(I6:I48) -> 0 | J49: =SUM(J6:J48) -> 0 | L49: =SUM(L6:L48) -> 0 | M49: =SUM(M6:M48) -> 0 | N49: =SUM(N6:N48) -> 0 | O49: =SUM(O6:O48) -> 0 | P49: =SUM(P6:P48) -> 0 | Q49: =SUM(Q6:Q48) -> 0 | R49: =SUM(R6:R48) -> 0 | S49: =SUM(S6:S48) -> 0 | T49: =SUM(T6:T48) -> 0 | U49: =IF(T49=SUM(I49),"OK","NG") -> OK

Sheet 26
A1: 생산수량 | B1: =H49 -> 0 | E1: 불량금액 | F1: =G49 -> 0
A2: 불량수량 | B2: =I49 -> 0 | L2: =SUBTOTAL(9,L6:L48) -> 0 | M2: =SUBTOTAL(9,M6:M48) -> 0 | N2: =SUBTOTAL(9,N6:N48) -> 0 | Q2: =SUBTOTAL(9,Q6:Q48) -> 0 | R2: =SUBTOTAL(9,R6:R48) -> 0 | S2: =SUBTOTAL(9,S6:S48) -> 0 | T2: =SUBTOTAL(9,T6:T48) -> 0
A3: 불량율(ppm) | B3: =IF(ISERROR(B2/(B2+B1)*1000000),"",(B2/(B2+B1)*1000000)) | L3: =SUM(L6:L48) -> 0 | M3: =SUM(M6:M48) -> 0 | N3: =SUM(N6:N48) -> 0 | Q3: =SUM(Q6:Q48) -> 0 | R3: =SUM(R6:R48) -> 0 | S3: =SUM(S6:S48) -> 0 | T3: =SUM(T6:T48) -> 0
A4: =U49 -> OK | E4: 거래선 및 불량금액 | H4: 종합 | L4: 치수 | M4: 외관 | N4: 편차 | O4: Tool마모 | P4: 설비Error | Q4: 자주검사 | R4: 기타 | S4: 폐기 | T4: 합계 | U4: 오기 유/무
A5: TM NO. | B5: CODE (ERP) | C5: 품 명 | D5: 차종 | E5: 거래선 | F5: 단가 | G5: 불량금액 (단가x수량) | H5: 생산수량 | I5: 불량수량 | J5: 불량율 (PPM)
A6: 6004 | C6: CARRIER-PLANET,MID (A8LF1) | T6: =SUM(L6:S6) -> 0 | U6: =IF(T6=I6,"OK","NG") -> OK
A7: 6007 | C7: CARRIER-PLANET,MID (A8LF2) | T7: =SUM(L7:S7) -> 0 | U7: =IF(T7=I7,"OK","NG") -> OK
A9: 1691
C49: 소계 SUBTOTAL(가로) | G49: =SUM(G6:G48) -> 0 | H49: =SUM(H6:H48) -> 0 | I49: =SUM(I6:I48) -> 0 | J49: =SUM(J6:J48) -> 0 | L49: =SUM(L6:L48) -> 0 | M49: =SUM(M6:M48) -> 0 | N49: =SUM(N6:N48) -> 0 | O49: =SUM(O6:O48) -> 0 | P49: =SUM(P6:P48) -> 0 | Q49: =SUM(Q6:Q48) -> 0 | R49: =SUM(R6:R48) -> 0 | S49: =SUM(S6:S48) -> 0 | T49: =SUM(T6:T48) -> 0 | U49: =IF(T49=SUM(I49),"OK","NG") -> OK

Sheet 27
A1: 생산수량 | B1: =H49 -> 0 | E1: 불량금액 | F1: =G49 -> 0
A2: 불량수량 | B2: =I49 -> 0 | L2: =SUBTOTAL(9,L6:L48) -> 0 | M2: =SUBTOTAL(9,M6:M48) -> 0 | N2: =SUBTOTAL(9,N6:N48) -> 0 | Q2: =SUBTOTAL(9,Q6:Q48) -> 0 | R2: =SUBTOTAL(9,R6:R48) -> 0 | S2: =SUBTOTAL(9,S6:S48) -> 0 | T2: =SUBTOTAL(9,T6:T48) -> 0
A3: 불량율(ppm) | B3: =IF(ISERROR(B2/(B2+B1)*1000000),"",(B2/(B2+B1)*1000000)) | L3: =SUM(L6:L48) -> 0 | M3: =SUM(M6:M48) -> 0 | N3: =SUM(N6:N48) -> 0 | Q3: =SUM(Q6:Q48) -> 0 | R3: =SUM(R6:R48) -> 0 | S3: =SUM(S6:S48) -> 0 | T3: =SUM(T6:T48) -> 0
A4: =U49 -> OK | E4: 거래선 및 불량금액 | H4: 종합 | L4: 치수 | M4: 외관 | N4: 편차 | O4: Tool마모 | P4: 설비Error | Q4: 자주검사 | R4: 기타 | S4: 폐기 | T4: 합계 | U4: 오기 유/무
A5: TM NO. | B5: CODE (ERP) | C5: 품 명 | D5: 차종 | E5: 거래선 | F5: 단가 | G5: 불량금액 (단가x수량) | H5: 생산수량 | I5: 불량수량 | J5: 불량율 (PPM)
A6: 6004 | C6: CARRIER-PLANET,MID (A8LF1) | T6: =SUM(L6:S6) -> 0 | U6: =IF(T6=I6,"OK","NG") -> OK
A7: 6007 | C7: CARRIER-PLANET,MID (A8LF2) | T7: =SUM(L7:S7) -> 0 | U7: =IF(T7=I7,"OK","NG") -> OK
A9: 1691
C49: 소계 SUBTOTAL(가로) | G49: =SUM(G6:G48) -> 0 | H49: =SUM(H6:H48) -> 0 | I49: =SUM(I6:I48) -> 0 | J49: =SUM(J6:J48) -> 0 | L49: =SUM(L6:L48) -> 0 | M49: =SUM(M6:M48) -> 0 | N49: =SUM(N6:N48) -> 0 | O49: =SUM(O6:O48) -> 0 | P49: =SUM(P6:P48) -> 0 | Q49: =SUM(Q6:Q48) -> 0 | R49: =SUM(R6:R48) -> 0 | S49: =SUM(S6:S48) -> 0 | T49: =SUM(T6:T48) -> 0 | U49: =IF(T49=SUM(I49),"OK","NG") -> OK

Sheet 28
A1: 생산수량 | B1: =H49 -> 380 | E1: 불량금액 | F1: =G49 -> 0
A2: 불량수량 | B2: =I49 -> 12 | L2: =SUBTOTAL(9,L6:L48) -> 0 | M2: =SUBTOTAL(9,M6:M48) -> 0 | N2: =SUBTOTAL(9,N6:N48) -> 0 | Q2: =SUBTOTAL(9,Q6:Q48) -> 0 | R2: =SUBTOTAL(9,R6:R48) -> 8 | S2: =SUBTOTAL(9,S6:S48) -> 0 | T2: =SUBTOTAL(9,T6:T48) -> 12
A3: 불량율(ppm) | B3: =IF(ISERROR(B2/(B2+B1)*1000000),"",(B2/(B2+B1)*1000000)) -> 30612.245 | L3: =SUM(L6:L48) -> 0 | M3: =SUM(M6:M48) -> 0 | N3: =SUM(N6:N48) -> 0 | Q3: =SUM(Q6:Q48) -> 0 | R3: =SUM(R6:R48) -> 8 | S3: =SUM(S6:S48) -> 0 | T3: =SUM(T6:T48) -> 12
A4: =U49 -> OK | E4: 거래선 및 불량금액 | H4: 종합 | L4: 치수 | M4: 외관 | N4: 편차 | O4: Tool마모 | P4: 설비Error | Q4: 자주검사 | R4: 기타 | S4: 폐기 | T4: 합계 | U4: 오기 유/무
A5: TM NO. | B5: CODE (ERP) | C5: 품 명 | D5: 차종 | E5: 거래선 | F5: 단가 | G5: 불량금액 (단가x수량) | H5: 생산수량 | I5: 불량수량 | J5: 불량율 (PPM)
A6: 6004 | C6: CARRIER-PLANET,MID (A8LF1) | H6: 380 | I6: 12 | P6: 4 | R6: 8 | T6: =SUM(L6:S6) -> 12 | U6: =IF(T6=I6,"OK","NG") -> OK
A7: 6007 | C7: CARRIER-PLANET,MID (A8LF2) | T7: =SUM(L7:S7) -> 0 | U7: =IF(T7=I7,"OK","NG") -> OK
A9: 1691
C49: 소계 SUBTOTAL(가로) | G49: =SUM(G6:G48) -> 0 | H49: =SUM(H6:H48) -> 380 | I49: =SUM(I6:I48) -> 12 | J49: =SUM(J6:J48) -> 0 | L49: =SUM(L6:L48) -> 0 | M49: =SUM(M6:M48) -> 0 | N49: =SUM(N6:N48) -> 0 | O49: =SUM(O6:O48) -> 0 | P49: =SUM(P6:P48) -> 4 | Q49: =SUM(Q6:Q48) -> 0 | R49: =SUM(R6:R48) -> 8 | S49: =SUM(S6:S48) -> 0 | T49: =SUM(T6:T48) -> 12 | U49: =IF(T49=SUM(I49),"OK","NG") -> OK

Sheet 29
A1: 생산수량 | B1: =H49 -> 590 | E1: 불량금액 | F1: =G49 -> 0
A2: 불량수량 | B2: =I49 -> 3 | L2: =SUBTOTAL(9,L6:L48) -> 0 | M2: =SUBTOTAL(9,M6:M48) -> 0 | N2: =SUBTOTAL(9,N6:N48) -> 0 | Q2: =SUBTOTAL(9,Q6:Q48) -> 0 | R2: =SUBTOTAL(9,R6:R48) -> 1 | S2: =SUBTOTAL(9,S6:S48) -> 0 | T2: =SUBTOTAL(9,T6:T48) -> 3
A3: 불량율(ppm) | B3: =IF(ISERROR(B2/(B2+B1)*1000000),"",(B2/(B2+B1)*1000000)) -> 5059.0219 | L3: =SUM(L6:L48) -> 0 | M3: =SUM(M6:M48) -> 0 | N3: =SUM(N6:N48) -> 0 | Q3: =SUM(Q6:Q48) -> 0 | R3: =SUM(R6:R48) -> 1 | S3: =SUM(S6:S48) -> 0 | T3: =SUM(T6:T48) -> 3
A4: =U49 -> OK | E4: 거래선 및 불량금액 | H4: 종합 | L4: 치수 | M4: 외관 | N4: 편차 | O4: Tool마모 | P4: 설비Error | Q4: 자주검사 | R4: 기타 | S4: 폐기 | T4: 합계 | U4: 오기 유/무
A5: TM NO. | B5: CODE (ERP) | C5: 품 명 | D5: 차종 | E5: 거래선 | F5: 단가 | G5: 불량금액 (단가x수량) | H5: 생산수량 | I5: 불량수량 | J5: 불량율 (PPM)
A6: 6004 | C6: CARRIER-PLANET,MID (A8LF1) | H6: =310+280 -> 590 | I6: 3 | P6: 2 | R6: 1 | T6: =SUM(L6:S6) -> 3 | U6: =IF(T6=I6,"OK","NG") -> OK
A7: 6007 | C7: CARRIER-PLANET,MID (A8LF2) | T7: =SUM(L7:S7) -> 0 | U7: =IF(T7=I7,"OK","NG") -> OK
A9: 1691
C49: 소계 SUBTOTAL(가로) | G49: =SUM(G6:G48) -> 0 | H49: =SUM(H6:H48) -> 590 | I49: =SUM(I6:I48) -> 3 | J49: =SUM(J6:J48) -> 0 | L49: =SUM(L6:L48) -> 0 | M49: =SUM(M6:M48) -> 0 | N49: =SUM(N6:N48) -> 0 | O49: =SUM(O6:O48) -> 0 | P49: =SUM(P6:P48) -> 2 | Q49: =SUM(Q6:Q48) -> 0 | R49: =SUM(R6:R48) -> 1 | S49: =SUM(S6:S48) -> 0 | T49: =SUM(T6:T48) -> 3 | U49: =IF(T49=SUM(I49),"OK","NG") -> OK

Sheet 30
A1: 생산수량 | B1: =H49 -> 0 | E1: 불량금액 | F1: =G49 -> 0
A2: 불량수량 | B2: =I49 -> 0 | L2: =SUBTOTAL(9,L6:L48) -> 0 | M2: =SUBTOTAL(9,M6:M48) -> 0 | N2: =SUBTOTAL(9,N6:N48) -> 0 | Q2: =SUBTOTAL(9,Q6:Q48) -> 0 | R2: =SUBTOTAL(9,R6:R48) -> 0 | S2: =SUBTOTAL(9,S6:S48) -> 0 | T2: =SUBTOTAL(9,T6:T48) -> 0
A3: 불량율(ppm) | B3: =IF(ISERROR(B2/(B2+B1)*1000000),"",(B2/(B2+B1)*1000000)) | L3: =SUM(L6:L48) -> 0 | M3: =SUM(M6:M48) -> 0 | N3: =SUM(N6:N48) -> 0 | Q3: =SUM(Q6:Q48) -> 0 | R3: =SUM(R6:R48) -> 0 | S3: =SUM(S6:S48) -> 0 | T3: =SUM(T6:T48) -> 0
A4: =U49 -> OK | E4: 거래선 및 불량금액 | H4: 종합 | L4: 치수 | M4: 외관 | N4: 편차 | O4: Tool마모 | P4: 설비Error | Q4: 자주검사 | R4: 기타 | S4: 폐기 | T4: 합계 | U4: 오기 유/무
A5: TM NO. | B5: CODE (ERP) | C5: 품 명 | D5: 차종 | E5: 거래선 | F5: 단가 | G5: 불량금액 (단가x수량) | H5: 생산수량 | I5: 불량수량 | J5: 불량율 (PPM)
A6: 6004 | C6: CARRIER-PLANET,MID (A8LF1) | T6: =SUM(L6:S6) -> 0 | U6: =IF(T6=I6,"OK","NG") -> OK
A7: 6007 | C7: CARRIER-PLANET,MID (A8LF2) | T7: =SUM(L7:S7) -> 0 | U7: =IF(T7=I7,"OK","NG") -> OK
A9: 1691
C49: 소계 SUBTOTAL(가로) | G49: =SUM(G6:G48) -> 0 | H49: =SUM(H6:H48) -> 0 | I49: =SUM(I6:I48) -> 0 | J49: =SUM(J6:J48) -> 0 | L49: =SUM(L6:L48) -> 0 | M49: =SUM(M6:M48) -> 0 | N49: =SUM(N6:N48) -> 0 | O49: =SUM(O6:O48) -> 0 | P49: =SUM(P6:P48) -> 0 | Q49: =SUM(Q6:Q48) -> 0 | R49: =SUM(R6:R48) -> 0 | S49: =SUM(S6:S48) -> 0 | T49: =SUM(T6:T48) -> 0 | U49: =IF(T49=SUM(I49),"OK","NG") -> OK

Sheet 31
A1: 생산수량 | B1: =H49 -> 0 | E1: 불량금액 | F1: =G49 -> 0
A2: 불량수량 | B2: =I49 -> 0 | L2: =SUBTOTAL(9,L6:L48) -> 0 | M2: =SUBTOTAL(9,M6:M48) -> 0 | N2: =SUBTOTAL(9,N6:N48) -> 0 | Q2: =SUBTOTAL(9,Q6:Q48) -> 0 | R2: =SUBTOTAL(9,R6:R48) -> 0 | S2: =SUBTOTAL(9,S6:S48) -> 0 | T2: =SUBTOTAL(9,T6:T48) -> 0
A3: 불량율(ppm) | B3: =IF(ISERROR(B2/(B2+B1)*1000000),"",(B2/(B2+B1)*1000000)) | L3: =SUM(L6:L48) -> 0 | M3: =SUM(M6:M48) -> 0 | N3: =SUM(N6:N48) -> 0 | Q3: =SUM(Q6:Q48) -> 0 | R3: =SUM(R6:R48) -> 0 | S3: =SUM(S6:S48) -> 0 | T3: =SUM(T6:T48) -> 0
A4: =U49 -> OK | E4: 거래선 및 불량금액 | H4: 종합 | L4: 치수 | M4: 외관 | N4: 편차 | O4: Tool마모 | P4: 설비Error | Q4: 자주검사 | R4: 기타 | S4: 폐기 | T4: 합계 | U4: 오기 유/무
A5: TM NO. | B5: CODE (ERP) | C5: 품 명 | D5: 차종 | E5: 거래선 | F5: 단가 | G5: 불량금액 (단가x수량) | H5: 생산수량 | I5: 불량수량 | J5: 불량율 (PPM)
A6: 6004 | C6: CARRIER-PLANET,MID (A8LF1) | T6: =SUM(L6:S6) -> 0 | U6: =IF(T6=I6,"OK","NG") -> OK
A7: 6007 | C7: CARRIER-PLANET,MID (A8LF2) | T7: =SUM(L7:S7) -> 0 | U7: =IF(T7=I7,"OK","NG") -> OK
A9: 1691
C49: 소계 SUBTOTAL(가로) | G49: =SUM(G6:G48) -> 0 | H49: =SUM(H6:H48) -> 0 | I49: =SUM(I6:I48) -> 0 | J49: =SUM(J6:J48) -> 0 | L49: =SUM(L6:L48) -> 0 | M49: =SUM(M6:M48) -> 0 | N49: =SUM(N6:N48) -> 0 | O49: =SUM(O6:O48) -> 0 | P49: =SUM(P6:P48) -> 0 | Q49: =SUM(Q6:Q48) -> 0 | R49: =SUM(R6:R48) -> 0 | S49: =SUM(S6:S48) -> 0 | T49: =SUM(T6:T48) -> 0 | U49: =IF(T49=SUM(I49),"OK","NG") -> OK

Sheet 종합
A1: 생산수량 | B1: =H49 -> 9483 | E1: 불량금액 | F1: =G49 -> 0
A2: 불량수량 | B2: =I49 -> 61 | L2: =SUBTOTAL(9,L6:L48) -> 0 | M2: =SUBTOTAL(9,M6:M48) -> 0 | N2: =SUBTOTAL(9,N6:N48) -> 0 | Q2: =SUBTOTAL(9,Q6:Q48) -> 0 | R2: =SUBTOTAL(9,R6:R48) -> 50 | S2: =SUBTOTAL(9,S6:S48) -> 0 | T2: =SUBTOTAL(9,T6:T48) -> 61
A3: 불량율(ppm) | B3: =IF(ISERROR(B2/(B2+B1)*1000000),"",(B2/(B2+B1)*1000000)) -> 6391.4501 | L3: =SUM(L6:L48) -> 0 | M3: =SUM(M6:M48) -> 0 | N3: =SUM(N6:N48) -> 0 | Q3: =SUM(Q6:Q48) -> 0 | R3: =SUM(R6:R48) -> 50 | S3: =SUM(S6:S48) -> 0 | T3: =SUM(T6:T48) -> 61
A4: =U49 -> OK | E4: 거래선 및 불량금액 | H4: 종합 | L4: 치수 | M4: 외관 | N4: 편차 | O4: Tool마모 | P4: 설비Error | Q4: 자주검사 | R4: 기타 | S4: 폐기 | T4: 합계 | U4: 오기 유/무
A5: TM NO. | B5: CODE (ERP) | C5: 품 명 | D5: 차종 | E5: 거래선 | F5: 단가 | G5: 불량금액 (단가x수량) | H5: 생산수량 | I5: 불량수량 | J5: 불량율 (PPM)
A6: 6004 | C6: CARRIER-PLANET,MID (A8LF1) | H6: ='1'!H6+'2'!H6+'3'!H6+'4'!H6+'5'!H6+'6'!H6+'7'!H6+'8'!H6+'9'!H6+'10'!H6+'11'!H6+'12'!H6+'13'!H6+'14'!H6+'15'!H6+'16'!H6+'17'!H6+'18'!H6+'19'!H6+'20'!H6+'21'!H6+'22'!H6+'23'!H6+'24'!H6+'25'!H6+'26'!H6+'27'!H6+'28'!H6+'29'!H6+'30'!H6+'31'!H6 -> 9483 | I6: ='1'!I6+'2'!I6+'3'!I6+'4'!I6+'5'!I6+'6'!I6+'7'!I6+'8'!I6+'9'!I6+'10'!I6+'11'!I6+'12'!I6+'13'!I6+'14'!I6+'15'!I6+'16'!I6+'17'!I6+'18'!I6+'19'!I6+'20'!I6+'21'!I6+'22'!I6+'23'!I6+'24'!I6+'25'!I6+'26'!I6+'27'!I6+'28'!I6+'29'!I6+'30'!I6+'31'!I6 -> 61 | J6: ='1'!J6+'2'!J6+'3'!J6+'4'!J6+'5'!J6+'6'!J6+'7'!J6+'8'!J6+'9'!J6+'10'!J6+'11'!J6+'12'!J6+'13'!J6+'14'!J6+'15'!J6+'16'!J6+'17'!J6+'18'!J6+'19'!J6+'20'!J6+'21'!J6+'22'!J6+'23'!J6+'24'!J6+'25'!J6+'26'!J6+'27'!J6+'28'!J6+'29'!J6+'30'!J6+'31'!J6 -> 0 | K6: ='1'!K6+'2'!K6+'3'!K6+'4'!K6+'5'!K6+'6'!K6+'7'!K6+'8'!K6+'9'!K6+'10'!K6+'11'!K6+'12'!K6+'13'!K6+'14'!K6+'15'!K6+'16'!K6+'17'!K6+'18'!K6+'19'!K6+'20'!K6+'21'!K6+'22'!K6+'23'!K6+'24'!K6+'25'!K6+'26'!K6+'27'!K6+'28'!K6+'29'!K6+'30'!K6+'31'!K6 -> 0 | L6: ='1'!L6+'2'!L6+'3'!L6+'4'!L6+'5'!L6+'6'!L6+'7'!L6+'8'!L6+'9'!L6+'10'!L6+'11'!L6+'12'!L6+'13'!L6+'14'!L6+'15'!L6+'16'!L6+'17'!L6+'18'!L6+'19'!L6+'20'!L6+'21'!L6+'22'!L6+'23'!L6+'24'!L6+'25'!L6+'26'!L6+'27'!L6+'28'!L6+'29'!L6+'30'!L6+'31'!L6 -> 0 | M6: ='1'!M6+'2'!M6+'3'!M6+'4'!M6+'5'!M6+'6'!M6+'7'!M6+'8'!M6+'9'!M6+'10'!M6+'11'!M6+'12'!M6+'13'!M6+'14'!M6+'15'!M6+'16'!M6+'17'!M6+'18'!M6+'19'!M6+'20'!M6+'21'!M6+'22'!M6+'23'!M6+'24'!M6+'25'!M6+'26'!M6+'27'!M6+'28'!M6+'29'!M6+'30'!M6+'31'!M6 -> 0 | N6: ='1'!N6+'2'!N6+'3'!N6+'4'!N6+'5'!N6+'6'!N6+'7'!N6+'8'!N6+'9'!N6+'10'!N6+'11'!N6+'12'!N6+'13'!N6+'14'!N6+'15'!N6+'16'!N6+'17'!N6+'18'!N6+'19'!N6+'20'!N6+'21'!N6+'22'!N6+'23'!N6+'24'!N6+'25'!N6+'26'!N6+'27'!N6+'28'!N6+'29'!N6+'30'!N6+'31'!N6 -> 0 | O6: ='1'!O6+'2'!O6+'3'!O6+'4'!O6+'5'!O6+'6'!O6+'7'!O6+'8'!O6+'9'!O6+'10'!O6+'11'!O6+'12'!O6+'13'!O6+'14'!O6+'15'!O6+'16'!O6+'17'!O6+'18'!O6+'19'!O6+'20'!O6+'21'!O6+'22'!O6+'23'!O6+'24'!O6+'25'!O6+'26'!O6+'27'!O6+'28'!O6+'29'!O6+'30'!O6+'31'!O6 -> 0 | ... S6: ='1'!S6+'2'!S6+'3'!S6+'4'!S6+'5'!S6+'6'!S6+'7'!S6+'8'!S6+'9'!S6+'10'!S6+'11'!S6+'12'!S6+'13'!S6+'14'!S6+'15'!S6+'16'!S6+'17'!S6+'18'!S6+'19'!S6+'20'!S6+'21'!S6+'22'!S6+'23'!S6+'24'!S6+'25'!S6+'26'!S6+'27'!S6+'28'!S6+'29'!S6+'30'!S6+'31'!S6 -> 0 | T6: =SUM(L6:S6) -> 61 | U6: =IF(T6=I6,"OK","NG") -> OK
A7: 6007 | C7: CARRIER-PLANET,MID (A8LF2) | H7: ='1'!H7+'2'!H7+'3'!H7+'4'!H7+'5'!H7+'6'!H7+'7'!H7+'8'!H7+'9'!H7+'10'!H7+'11'!H7+'12'!H7+'13'!H7+'14'!H7+'15'!H7+'16'!H7+'17'!H7+'18'!H7+'19'!H7+'20'!H7+'21'!H7+'22'!H7+'23'!H7+'24'!H7+'25'!H7+'26'!H7+'27'!H7+'28'!H7+'29'!H7+'30'!H7+'31'!H7 -> 0 | I7: ='1'!I7+'2'!I7+'3'!I7+'4'!I7+'5'!I7+'6'!I7+'7'!I7+'8'!I7+'9'!I7+'10'!I7+'11'!I7+'12'!I7+'13'!I7+'14'!I7+'15'!I7+'16'!I7+'17'!I7+'18'!I7+'19'!I7+'20'!I7+'21'!I7+'22'!I7+'23'!I7+'24'!I7+'25'!I7+'26'!I7+'27'!I7+'28'!I7+'29'!I7+'30'!I7+'31'!I7 -> 0 | J7: ='1'!J7+'2'!J7+'3'!J7+'4'!J7+'5'!J7+'6'!J7+'7'!J7+'8'!J7+'9'!J7+'10'!J7+'11'!J7+'12'!J7+'13'!J7+'14'!J7+'15'!J7+'16'!J7+'17'!J7+'18'!J7+'19'!J7+'20'!J7+'21'!J7+'22'!J7+'23'!J7+'24'!J7+'25'!J7+'26'!J7+'27'!J7+'28'!J7+'29'!J7+'30'!J7+'31'!J7 -> 0 | K7: ='1'!K7+'2'!K7+'3'!K7+'4'!K7+'5'!K7+'6'!K7+'7'!K7+'8'!K7+'9'!K7+'10'!K7+'11'!K7+'12'!K7+'13'!K7+'14'!K7+'15'!K7+'16'!K7+'17'!K7+'18'!K7+'19'!K7+'20'!K7+'21'!K7+'22'!K7+'23'!K7+'24'!K7+'25'!K7+'26'!K7+'27'!K7+'28'!K7+'29'!K7+'30'!K7+'31'!K7 -> 0 | L7: ='1'!L7+'2'!L7+'3'!L7+'4'!L7+'5'!L7+'6'!L7+'7'!L7+'8'!L7+'9'!L7+'10'!L7+'11'!L7+'12'!L7+'13'!L7+'14'!L7+'15'!L7+'16'!L7+'17'!L7+'18'!L7+'19'!L7+'20'!L7+'21'!L7+'22'!L7+'23'!L7+'24'!L7+'25'!L7+'26'!L7+'27'!L7+'28'!L7+'29'!L7+'30'!L7+'31'!L7 -> 0 | M7: ='1'!M7+'2'!M7+'3'!M7+'4'!M7+'5'!M7+'6'!M7+'7'!M7+'8'!M7+'9'!M7+'10'!M7+'11'!M7+'12'!M7+'13'!M7+'14'!M7+'15'!M7+'16'!M7+'17'!M7+'18'!M7+'19'!M7+'20'!M7+'21'!M7+'22'!M7+'23'!M7+'24'!M7+'25'!M7+'26'!M7+'27'!M7+'28'!M7+'29'!M7+'30'!M7+'31'!M7 -> 0 | N7: ='1'!N7+'2'!N7+'3'!N7+'4'!N7+'5'!N7+'6'!N7+'7'!N7+'8'!N7+'9'!N7+'10'!N7+'11'!N7+'12'!N7+'13'!N7+'14'!N7+'15'!N7+'16'!N7+'17'!N7+'18'!N7+'19'!N7+'20'!N7+'21'!N7+'22'!N7+'23'!N7+'24'!N7+'25'!N7+'26'!N7+'27'!N7+'28'!N7+'29'!N7+'30'!N7+'31'!N7 -> 0 | O7: ='1'!O7+'2'!O7+'3'!O7+'4'!O7+'5'!O7+'6'!O7+'7'!O7+'8'!O7+'9'!O7+'10'!O7+'11'!O7+'12'!O7+'13'!O7+'14'!O7+'15'!O7+'16'!O7+'17'!O7+'18'!O7+'19'!O7+'20'!O7+'21'!O7+'22'!O7+'23'!O7+'24'!O7+'25'!O7+'26'!O7+'27'!O7+'28'!O7+'29'!O7+'30'!O7+'31'!O7 -> 0 | ... S7: ='1'!S7+'2'!S7+'3'!S7+'4'!S7+'5'!S7+'6'!S7+'7'!S7+'8'!S7+'9'!S7+'10'!S7+'11'!S7+'12'!S7+'13'!S7+'14'!S7+'15'!S7+'16'!S7+'17'!S7+'18'!S7+'19'!S7+'20'!S7+'21'!S7+'22'!S7+'23'!S7+'24'!S7+'25'!S7+'26'!S7+'27'!S7+'28'!S7+'29'!S7+'30'!S7+'31'!S7 -> 0 | T7: =SUM(L7:S7) -> 0 | U7: =IF(T7=I7,"OK","NG") -> OK
A9: 1691 | H9: ='1'!H9+'2'!H9+'3'!H9+'4'!H9+'5'!H9+'6'!H9+'7'!H9+'8'!H9+'9'!H9+'10'!H9+'11'!H9+'12'!H9+'13'!H9+'14'!H9+'15'!H9+'16'!H9+'17'!H9+'18'!H9+'19'!H9+'20'!H9+'21'!H9+'22'!H9+'23'!H9+'24'!H9+'25'!H9+'26'!H9+'27'!H9+'28'!H9+'29'!H9+'30'!H9+'31'!H9 -> 0 | I9: ='1'!I9+'2'!I9+'3'!I9+'4'!I9+'5'!I9+'6'!I9+'7'!I9+'8'!I9+'9'!I9+'10'!I9+'11'!I9+'12'!I9+'13'!I9+'14'!I9+'15'!I9+'16'!I9+'17'!I9+'18'!I9+'19'!I9+'20'!I9+'21'!I9+'22'!I9+'23'!I9+'24'!I9+'25'!I9+'26'!I9+'27'!I9+'28'!I9+'29'!I9+'30'!I9+'31'!I9 -> 0 | L9: ='1'!L9+'2'!L9+'3'!L9+'4'!L9+'5'!L9+'6'!L9+'7'!L9+'8'!L9+'9'!L9+'10'!L9+'11'!L9+'12'!L9+'13'!L9+'14'!L9+'15'!L9+'16'!L9+'17'!L9+'18'!L9+'19'!L9+'20'!L9+'21'!L9+'22'!L9+'23'!L9+'24'!L9+'25'!L9+'26'!L9+'27'!L9+'28'!L9+'29'!L9+'30'!L9+'31'!L9 -> 0 | M9: ='1'!M9+'2'!M9+'3'!M9+'4'!M9+'5'!M9+'6'!M9+'7'!M9+'8'!M9+'9'!M9+'10'!M9+'11'!M9+'12'!M9+'13'!M9+'14'!M9+'15'!M9+'16'!M9+'17'!M9+'18'!M9+'19'!M9+'20'!M9+'21'!M9+'22'!M9+'23'!M9+'24'!M9+'25'!M9+'26'!M9+'27'!M9+'28'!M9+'29'!M9+'30'!M9+'31'!M9 -> 0 | N9: ='1'!N9+'2'!N9+'3'!N9+'4'!N9+'5'!N9+'6'!N9+'7'!N9+'8'!N9+'9'!N9+'10'!N9+'11'!N9+'12'!N9+'13'!N9+'14'!N9+'15'!N9+'16'!N9+'17'!N9+'18'!N9+'19'!N9+'20'!N9+'21'!N9+'22'!N9+'23'!N9+'24'!N9+'25'!N9+'26'!N9+'27'!N9+'28'!N9+'29'!N9+'30'!N9+'31'!N9 -> 0 | O9: ='1'!O9+'2'!O9+'3'!O9+'4'!O9+'5'!O9+'6'!O9+'7'!O9+'8'!O9+'9'!O9+'10'!O9+'11'!O9+'12'!O9+'13'!O9+'14'!O9+'15'!O9+'16'!O9+'17'!O9+'18'!O9+'19'!O9+'20'!O9+'21'!O9+'22'!O9+'23'!O9+'24'!O9+'25'!O9+'26'!O9+'27'!O9+'28'!O9+'29'!O9+'30'!O9+'31'!O9 -> 0 | P9: ='1'!P9+'2'!P9+'3'!P9+'4'!P9+'5'!P9+'6'!P9+'7'!P9+'8'!P9+'9'!P9+'10'!P9+'11'!P9+'12'!P9+'13'!P9+'14'!P9+'15'!P9+'16'!P9+'17'!P9+'18'!P9+'19'!P9+'20'!P9+'21'!P9+'22'!P9+'23'!P9+'24'!P9+'25'!P9+'26'!P9+'27'!P9+'28'!P9+'29'!P9+'30'!P9+'31'!P9 -> 0 | Q9: ='1'!Q9+'2'!Q9+'3'!Q9+'4'!Q9+'5'!Q9+'6'!Q9+'7'!Q9+'8'!Q9+'9'!Q9+'10'!Q9+'11'!Q9+'12'!Q9+'13'!Q9+'14'!Q9+'15'!Q9+'16'!Q9+'17'!Q9+'18'!Q9+'19'!Q9+'20'!Q9+'21'!Q9+'22'!Q9+'23'!Q9+'24'!Q9+'25'!Q9+'26'!Q9+'27'!Q9+'28'!Q9+'29'!Q9+'30'!Q9+'31'!Q9 -> 0 | R9: ='1'!R9+'2'!R9+'3'!R9+'4'!R9+'5'!R9+'6'!R9+'7'!R9+'8'!R9+'9'!R9+'10'!R9+'11'!R9+'12'!R9+'13'!R9+'14'!R9+'15'!R9+'16'!R9+'17'!R9+'18'!R9+'19'!R9+'20'!R9+'21'!R9+'22'!R9+'23'!R9+'24'!R9+'25'!R9+'26'!R9+'27'!R9+'28'!R9+'29'!R9+'30'!R9+'31'!R9 -> 0 | S9: ='1'!S9+'2'!S9+'3'!S9+'4'!S9+'5'!S9+'6'!S9+'7'!S9+'8'!S9+'9'!S9+'10'!S9+'11'!S9+'12'!S9+'13'!S9+'14'!S9+'15'!S9+'16'!S9+'17'!S9+'18'!S9+'19'!S9+'20'!S9+'21'!S9+'22'!S9+'23'!S9+'24'!S9+'25'!S9+'26'!S9+'27'!S9+'28'!S9+'29'!S9+'30'!S9+'31'!S9 -> 0
C49: 소계 SUBTOTAL(가로) | G49: =SUM(G6:G48) -> 0 | H49: =SUM(H6:H48) -> 9483 | I49: =SUM(I6:I48) -> 61 | J49: =SUM(J6:J48) -> 0 | L49: =SUM(L6:L48) -> 0 | M49: =SUM(M6:M48) -> 0 | N49: =SUM(N6:N48) -> 0 | O49: =SUM(O6:O48) -> 0 | P49: =SUM(P6:P48) -> 11 | Q49: =SUM(Q6:Q48) -> 0 | R49: =SUM(R6:R48) -> 50 | S49: =SUM(S6:S48) -> 0 | T49: =SUM(T6:T48) -> 61 | U49: =IF(T49=SUM(I49),"OK","NG") -> OK
