Workbook

Sheet 1
A1: 생산수량 | B1: =H97 -> 38395 | E1: 불량금액 | F1: =G97 -> 0
A2: 불량수량 | B2: =I97 -> 12 | L2: =SUBTOTAL(9,L6:L96) -> 3 | M2: =SUBTOTAL(9,M6:M96) -> 1 | N2: =SUBTOTAL(9,N6:N96) -> 0 | O2: =SUBTOTAL(9,O6:O96) -> 0 | P2: =SUBTOTAL(9,P6:P96) -> 0 | Q2: =SUBTOTAL(9,Q6:Q96) -> 0 | R2: =SUBTOTAL(9,R6:R96) -> 0 | S2: =SUBTOTAL(9,S6:S96) -> 0 | ... AK2: =SUBTOTAL(9,AK6:AK96) -> 0 | AL2: =SUBTOTAL(9,AL6:AL74) -> 12
A3: 불량율(ppm) | B3: =IF(ISERROR(B2/(B2+B1)*1000000),"",(B2/(B2+B1)*1000000)) -> 312.44304 | L3: =SUM(L6:L96) -> 3 | M3: =SUM(M6:M96) -> 1 | N3: =SUM(N6:N96) -> 0 | O3: =SUM(O6:O96) -> 0 | P3: =SUM(P6:P96) -> 0 | Q3: =SUM(Q6:Q96) -> 0 | R3: =SUM(R6:R96) -> 0 | S3: =SUM(S6:S96) -> 0 | ... AK3: =SUM(AK6:AK96) -> 0 | AL3: =SUM(AL6:AL74) -> 12
A4: =AM97 -> OK | E4: 거래선 및 불량금액 | H4: 종합 | L4: 깨짐 | M4: 찍힘 | N4: CRACK | O4: 스크래치 | P4: 녹불량 | Q4: 초기가동 | R4: 편차수정 | S4: 중량불량 | T4: 설비Error | U4: Pellet누락 | V4: 낙물 | W4: 산화 | X4: 휨 | Y4: 눌림 | Z4: 분말소착 | AA4: 역싸이징 | AB4: 이물질소착 | AC4: 기포 | AD4: 윈도우 GO | AE4: 윈도우 NO | AF4: 조립불량 | AG4: 침투불량 | AH4: 치형뜯김 | AI4: 기타 | AJ4: 폐기 | AK4: 소재불량 | AL4: 합계 | AM4: 오기 유/무
A5: TM NO. | B5: CODE (ERP) | C5: 품 명 | D5: 차종 | E5: 거래선 | F5: 단가 | G5: 불량금액 (단가x수량) | H5: 생산수량 | I5: 불량수량 | J5: 불량율 (PPM)
A6: 1360-00 | B6: 10901 | C6: MOTOR PULLEY | I6: =SUM(L6:AK6) -> 0 | AL6: =SUM(L6:AK6) -> 0 | AM6: =IF(AL6=I6,"OK","NG") -> OK
A7: 1360-01 | B7: 15922 | C7: MOTOR PULLEY | I7: =SUM(L7:AK7) -> 0 | AL7: =SUM(L7:AK7) -> 0 | AM7: =IF(AL7=I7,"OK","NG") -> OK
A8: 1361-00 | B8: 10899 | C8: BALL NUT PULLEY | I8: =SUM(L8:AK8) -> 0 | AL8: =SUM(L8:AK8) -> 0 | AM8: =IF(AL8=I8,"OK","NG") -> OK
A9: 1361-01 | B9: 10897 | C9: BALL NUT PULLEY | I9: =SUM(L9:AK9) -> 0 | AL9: =SUM(L9:AK9) -> 0 | AM9: =IF(AL9=I9,"OK","NG") -> OK
A10: 1361-02 | B10: 18523 | C10: BALL NUT PULLEY | I10: =SUM(L10:AK10) -> 0 | AL10: =SUM(L10:AK10) -> 0 | AM10: =IF(AL10=I10,"OK","NG") -> OK
A11: 1361-50 | B11: 19445 | C11: BELT GUIDE | I11: =SUM(L11:AK11) -> 0 | AL11: =SUM(L11:AK11) -> 0 | AM11: =IF(AL11=I11,"OK","NG") -> OK
A12: 1464-00 | B12: 10315 | C12: PULLEY | I12: =SUM(L12:AK12) -> 0 | AL12: =SUM(L12:AK12) -> 0 | AM12: =IF(AL12=I12,"OK","NG") -> OK
A13: 1464-01 | B13: 14961 | C13: PULLEY | I13: =SUM(L13:AK13) -> 0 | AL13: =SUM(L13:AK13) -> 0 | AM13: =IF(AL13=I13,"OK","NG") -> OK
A14: 1510-00 | B14: 10254 | C14: PULLEY LARGE | I14: =SUM(L14:AK14) -> 0 | AL14: =SUM(L14:AK14) -> 0 | AM14: =IF(AL14=I14,"OK","NG") -> OK
A15: 1510-01 | B15: 11856 | C15: PULLEY LARGE | I15: =SUM(L15:AK15) -> 0 | AL15: =SUM(L15:AK15) -> 0 | AM15: =IF(AL15=I15,"OK","NG") -> OK
A16: 1510-02 | B16: 15003 | C16: PULLEY LARGE | I16: =SUM(L16:AK16) -> 0 | AL16: =SUM(L16:AK16) -> 0 | AM16: =IF(AL16=I16,"OK","NG") -> OK
A17: 1695-00 | B17: 15173 | C17: MOTOR PULLEY | I17: =SUM(L17:AK17) -> 0 | AL17: =SUM(L17:AK17) -> 0 | AM17: =IF(AL17=I17,"OK","NG") -> OK
A18: 1781-00 | B18: 15519 | C18: PULLEY | H18: =880+2120 -> 3000 | I18: =SUM(L18:AK18) -> 0 | AL18: =SUM(L18:AK18) -> 0 | AM18: =IF(AL18=I18,"OK","NG") -> OK
A19: 1785-00 | B19: 14988 | C19: MOTOR PULLEY | H19: =600+5400+4800 -> 10800 | I19: =SUM(L19:AK19) -> 1 | L19: 1 | AL19: =SUM(L19:AK19) -> 1 | AM19: =IF(AL19=I19,"OK","NG") -> OK
A20: 1786-00 | B20: 14983 | C20: BALL NUT PULLEY | I20: =SUM(L20:AK20) -> 0 | AL20: =SUM(L20:AK20) -> 0 | AM20: =IF(AL20=I20,"OK","NG") -> OK
A21: 1883-00 | B21: 16269 | C21: SLIDE | I21: =SUM(L21:AK21) -> 0 | AL21: =SUM(L21:AK21) -> 0 | AM21: =IF(AL21=I21,"OK","NG") -> OK
A22: 1903-00 | B22: 19059 | C22: PULLEY | I22: =SUM(L22:AK22) -> 0 | AL22: =SUM(L22:AK22) -> 0 | AM22: =IF(AL22=I22,"OK","NG") -> OK
A23: 1935-00 | B23: 18827 | C23: Driven Pulley | I23: =SUM(L23:AK23) -> 0 | AL23: =SUM(L23:AK23) -> 0 | AM23: =IF(AL23=I23,"OK","NG") -> OK
A24: 5001-00 | B24: 10163 | C24: PLATE 1-2-3-4 CLU BKG | H24: =336+672+672 -> 1680 | I24: =SUM(L24:AK24) -> 2 | L24: 1 | AC24: 1 | AL24: =SUM(L24:AK24) -> 2 | AM24: =IF(AL24=I24,"OK","NG") -> OK
A25: 5002-00 | B25: 10160 | C25: PLATE 4-5-6 CLU BKG | I25: =SUM(L25:AK25) -> 0 | AL25: =SUM(L25:AK25) -> 0 | AM25: =IF(AL25=I25,"OK","NG") -> OK
A26: 5003-00 | B26: 10158 | C26: PLATE 3-5-REV CLU BKG | I26: =SUM(L26:AK26) -> 0 | AL26: =SUM(L26:AK26) -> 0 | AM26: =IF(AL26=I26,"OK","NG") -> OK
A27: 5003-01 | B27: 10155 | C27: PLATE 3-5-REV CLU BKG | I27: =SUM(L27:AK27) -> 0 | AL27: =SUM(L27:AK27) -> 0 | AM27: =IF(AL27=I27,"OK","NG") -> OK
A28: 5004-00 | B28: 10153 | C28: PLATE LOW & REV CLU BKG | H28: 2184 | I28: =SUM(L28:AK28) -> 2 | L28: 1 | Y28: 1 | AL28: =SUM(L28:AK28) -> 2 | AM28: =IF(AL28=I28,"OK","NG") -> OK
A29: 5005-00 | B29: 10151 | C29: WHEEL-A/TRANS INPUT SHF SPD SEN RELUCTOR | H29: 1980 | I29: =SUM(L29:AK29) -> 0 | AL29: =SUM(L29:AK29) -> 0 | AM29: =IF(AL29=I29,"OK","NG") -> OK
A30: 5006-00 | B30: 10149 | C30: PLATE 1-2-3-4 CLU BKG | H30: =648+342 -> 990 | I30: =SUM(L30:AK30) -> 0 | AL30: =SUM(L30:AK30) -> 0 | AM30: =IF(AL30=I30,"OK","NG") -> OK
A31: 5007-00 | B31: 10146 | C31: PLATE 4-5-6 CLU BKG | I31: =SUM(L31:AK31) -> 0 | AL31: =SUM(L31:AK31) -> 0 | AM31: =IF(AL31=I31,"OK","NG") -> OK
A32: 5008-00 | B32: 10143 | C32: PLATE 3-5-REV CLU BKG | I32: =SUM(L32:AK32) -> 0 | AL32: =SUM(L32:AK32) -> 0 | AM32: =IF(AL32=I32,"OK","NG") -> OK
A33: 5009-00 | B33: 10141 | C33: PLATE LOW & REV CLU BKG | I33: =SUM(L33:AK33) -> 0 | AL33: =SUM(L33:AK33) -> 0 | AM33: =IF(AL33=I33,"OK","NG") -> OK
A34: 5010-00 | B34: 10139 | C34: WHEEL-A/TRANS INPUT SHF SPD | H34: 660 | I34: =SUM(L34:AK34) -> 0 | AL34: =SUM(L34:AK34) -> 0 | AM34: =IF(AL34=I34,"OK","NG") -> OK
A35: 5011-00 | B35: 10137 | C35: CARRIER-REACTION | I35: =SUM(L35:AK35) -> 0 | AL35: =SUM(L35:AK35) -> 0 | AM35: =IF(AL35=I35,"OK","NG") -> OK
A36: 5012-00 | B36: 10135 | C36: CARRIER-INPUT | I36: =SUM(L36:AK36) -> 0 | AL36: =SUM(L36:AK36) -> 0 | AM36: =IF(AL36=I36,"OK","NG") -> OK
A37: 5013-00 | B37: 10133 | C37: CARRIER-REACTION | H37: 935 | I37: =SUM(L37:AK37) -> 0 | AL37: =SUM(L37:AK37) -> 0 | AM37: =IF(AL37=I37,"OK","NG") -> OK
A38: 5014-00 | B38: 10131 | C38: CARRIER-INPUT | H38: =700+1250+952 -> 2902 | I38: =SUM(L38:AK38) -> 2 | M38: 1 | AB38: 1 | AL38: =SUM(L38:AK38) -> 2 | AM38: =IF(AL38=I38,"OK","NG") -> OK
A39: 5015-00 | B39: 10129 | C39: CARRIER - REACTION | H39: =1120+150 -> 1270 | I39: =SUM(L39:AK39) -> 0 | AL39: =SUM(L39:AK39) -> 0 | AM39: =IF(AL39=I39,"OK","NG") -> OK
A40: 5016-00 | B40: 10127 | C40: CARRIER - INPUT | I40: =SUM(L40:AK40) -> 0 | AL40: =SUM(L40:AK40) -> 0 | AM40: =IF(AL40=I40,"OK","NG") -> OK
A41: 5017-00 | B41: 14859 | C41: CARRIER-INPUT | I41: =SUM(L41:AK41) -> 0 | AL41: =SUM(L41:AK41) -> 0 | AM41: =IF(AL41=I41,"OK","NG") -> OK
A42: 5018-00 | B42: 15095 | C42: CARRIER-INPUT | I42: =SUM(L42:AK42) -> 0 | AL42: =SUM(L42:AK42) -> 0 | AM42: =IF(AL42=I42,"OK","NG") -> OK
A43: 6001-00 | B43: 10121 | C43: CARRIER PLANET | I43: =SUM(L43:AK43) -> 0 | AL43: =SUM(L43:AK43) -> 0 | AM43: =IF(AL43=I43,"OK","NG") -> OK
A44: 6002-00 | B44: 10120 | C44: CARRIER PLANET | I44: =SUM(L44:AK44) -> 0 | AL44: =SUM(L44:AK44) -> 0 | AM44: =IF(AL44=I44,"OK","NG") -> OK
A45: 6004-00 | B45: 13467 | C45: CARRIER PLANET MID | I45: =SUM(L45:AK45) -> 0 | AL45: =SUM(L45:AK45) -> 0 | AM45: =IF(AL45=I45,"OK","NG") -> OK
A46: 6004-01 | B46: 15948 | C46: CARRIER PLANET MID | I46: =SUM(L46:AK46) -> 0 | AL46: =SUM(L46:AK46) -> 0 | AM46: =IF(AL46=I46,"OK","NG") -> OK
A47: 6007-00 | B47: 13466 | C47: CARRIER PLANET MID | I47: =SUM(L47:AK47) -> 0 | AL47: =SUM(L47:AK47) -> 0 | AM47: =IF(AL47=I47,"OK","NG") -> OK
A48: 6007-01 | B48: 16598 | C48: CARRIER PLANET MID | H48: 1080 | I48: =SUM(L48:AK48) -> 1 | AI48: 1 | AL48: =SUM(L48:AK48) -> 1 | AM48: =IF(AL48=I48,"OK","NG") -> OK
A49: 6009-01 | B49: 11815 | C49: PRESSURE PLATE | I49: =SUM(L49:AK49) -> 0 | AL49: =SUM(L49:AK49) -> 0 | AM49: =IF(AL49=I49,"OK","NG") -> OK
A50: 6009-02 | B50: 11823 | C50: PRESSURE PLATE | I50: =SUM(L50:AK50) -> 0 | AL50: =SUM(L50:AK50) -> 0 | AM50: =IF(AL50=I50,"OK","NG") -> OK
A51: 6009-03 | B51: 11824 | C51: PRESSURE PLATE | I51: =SUM(L51:AK51) -> 0 | AL51: =SUM(L51:AK51) -> 0 | AM51: =IF(AL51=I51,"OK","NG") -> OK
A52: 6009-04 | B52: 11825 | C52: PRESSURE PLATE | I52: =SUM(L52:AK52) -> 0 | AL52: =SUM(L52:AK52) -> 0 | AM52: =IF(AL52=I52,"OK","NG") -> OK
A53: 6009-05 | B53: 11826 | C53: PRESSURE PLATE | I53: =SUM(L53:AK53) -> 0 | AL53: =SUM(L53:AK53) -> 0 | AM53: =IF(AL53=I53,"OK","NG") -> OK
A54: 6009-06 | B54: 11827 | C54: PRESSURE PLATE | I54: =SUM(L54:AK54) -> 0 | AL54: =SUM(L54:AK54) -> 0 | AM54: =IF(AL54=I54,"OK","NG") -> OK
A55: 6009-07 | B55: 11828 | C55: PRESSURE PLATE | I55: =SUM(L55:AK55) -> 0 | AL55: =SUM(L55:AK55) -> 0 | AM55: =IF(AL55=I55,"OK","NG") -> OK
A56: 6009-08 | B56: 11830 | C56: PRESSURE PLATE | I56: =SUM(L56:AK56) -> 0 | AL56: =SUM(L56:AK56) -> 0 | AM56: =IF(AL56=I56,"OK","NG") -> OK
A57: 6009-09 | B57: 11832 | C57: PRESSURE PLATE | I57: =SUM(L57:AK57) -> 0 | AL57: =SUM(L57:AK57) -> 0 | AM57: =IF(AL57=I57,"OK","NG") -> OK
A58: 6009-10 | B58: 18839 | C58: PRESSURE PLATE | I58: =SUM(L58:AK58) -> 0 | AL58: =SUM(L58:AK58) -> 0 | AM58: =IF(AL58=I58,"OK","NG") -> OK
A59: 6009-11 | B59: 18840 | C59: PRESSURE PLATE | I59: =SUM(L59:AK59) -> 0 | AL59: =SUM(L59:AK59) -> 0 | AM59: =IF(AL59=I59,"OK","NG") -> OK
A60: 6011-00 | B60: 11380 | C60: CARRIER PALNET | H60: =870+1370+1116 -> 3356 | I60: =SUM(L60:AK60) -> 3 | U60: 1 | AC60: 2 | AL60: =SUM(L60:AK60) -> 3 | AM60: =IF(AL60=I60,"OK","NG") -> OK
A61: 6017-00 | B61: 18518 | C61: CARRIER PLANET MID | H61: =970+1008+1020 -> 2998 | I61: =SUM(L61:AK61) -> 1 | V61: 1 | AL61: =SUM(L61:AK61) -> 1 | AM61: =IF(AL61=I61,"OK","NG") -> OK
A62: 6017-01 | B62: 16585 | C62: CARRIER PLANET MID | I62: =SUM(L62:AK62) -> 0 | AL62: =SUM(L62:AK62) -> 0 | AM62: =IF(AL62=I62,"OK","NG") -> OK
A63: 6019-00 | B63: 17107 | C63: HOUSING GUIDE RING | I63: =SUM(L63:AK63) -> 0 | AL63: =SUM(L63:AK63) -> 0 | AM63: =IF(AL63=I63,"OK","NG") -> OK
A64: 6020-00 | B64: 19269 | C64: CARRIER PALNET | H64: 720 | I64: =SUM(L64:AK64) -> 0 | AL64: =SUM(L64:AK64) -> 0 | AM64: =IF(AL64=I64,"OK","NG") -> OK
A65: 1917-00 | B65: 18306 | C65: BODY | I65: =SUM(L65:AK65) -> 0 | AL65: =SUM(L65:AK65) -> 0 | AM65: =IF(AL65=I65,"OK","NG") -> OK
A66: 1914-00 | B66: 19834 | C66: MOTOR PULLEY | H66: 960 | I66: =SUM(L66:AK66) -> 0 | AL66: =SUM(L66:AK66) -> 0 | AM66: =IF(AL66=I66,"OK","NG") -> OK
A67: 1987-00J | B67: 20277 | C67: BELT PULLEY | I67: =SUM(L67:AK67) -> 0 | AL67: =SUM(L67:AK67) -> 0 | AM67: =IF(AL67=I67,"OK","NG") -> OK
A68: 1986-00J | B68: 20269 | C68: BELT PULLEY | I68: =SUM(L68:AK68) -> 0 | AL68: =SUM(L68:AK68) -> 0 | AM68: =IF(AL68=I68,"OK","NG") -> OK
A69: 1581-00 | B69: 14023 | C69: 성형-BODY | I69: =SUM(L69:AK69) -> 0 | AL69: =SUM(L69:AK69) -> 0 | AM69: =IF(AL69=I69,"OK","NG") -> OK
A70: 2059-00 | B70: 20955 | C70: BELT PULLEY | I70: =SUM(L70:AK70) -> 0 | AL70: =SUM(L70:AK70) -> 0 | AM70: =IF(AL70=I70,"OK","NG") -> OK
A71: 6023-00AJ | B71: 21298 | C71: CARRIER PLANET MID | I71: =SUM(L71:AK71) -> 0 | AL71: =SUM(L71:AK71) -> 0 | AM71: =IF(AL71=I71,"OK","NG") -> OK
A72: 1361-03 | B72: 21809 | C72: BALL NUT PULLEY | I72: =SUM(L72:AK72) -> 0 | AL72: =SUM(L72:AK72) -> 0 | AM72: =IF(AL72=I72,"OK","NG") -> OK
A73: 6009-00 | B73: 11820 | C73: 성형-PRESSURE PLATE | I73: =SUM(L73:AK73) -> 0 | AL73: =SUM(L73:AK73) -> 0 | AM73: =IF(AL73=I73,"OK","NG") -> OK
A74: 1987-01J | B74: 21870 | C74: BELT PULLEY | I74: =SUM(L74:AK74) -> 0 | AL74: =SUM(L74:AK74) -> 0 | AM74: =IF(AL74=I74,"OK","NG") -> OK
A75: 2202-00 | B75: 22379 | C75: PULLEY | I75: =SUM(L75:AK75) -> 0 | AL75: =SUM(L75:AK75) -> 0 | AM75: =IF(AL75=I75,"OK","NG") -> OK
A76: 2206-00 | B76: 22886 | C76: 성형-BALL NUT PULLEY | H76: =1080+1560+240 -> 2880 | I76: =SUM(L76:AK76) -> 0 | AL76: =SUM(L76:AK76) -> 0 | AM76: =IF(AL76=I76,"OK","NG") -> OK
A77: 1630-00 | B77: 13007 | C77: 성형-REB,RETAINER | I77: =SUM(L77:AK77) -> 0 | AL77: =SUM(L77:AK77) -> 0 | AM77: =IF(AL77=I77,"OK","NG") -> OK
I78: =SUM(L78:AK78) -> 0 | AL78: =SUM(L78:AK78) -> 0 | AM78: =IF(AL78=I78,"OK","NG") -> OK
I79: =SUM(L79:AK79) -> 0 | AL79: =SUM(L79:AK79) -> 0 | AM79: =IF(AL79=I79,"OK","NG") -> OK
I80: =SUM(L80:AK80) -> 0 | AL80: =SUM(L80:AK80) -> 0 | AM80: =IF(AL80=I80,"OK","NG") -> OK
I81: =SUM(L81:AK81) -> 0 | AL81: =SUM(L81:AK81) -> 0 | AM81: =IF(AL81=I81,"OK","NG") -> OK
I82: =SUM(L82:AK82) -> 0 | AL82: =SUM(L82:AK82) -> 0 | AM82: =IF(AL82=I82,"OK","NG") -> OK
I83: =SUM(L83:AK83) -> 0 | AL83: =SUM(L83:AK83) -> 0 | AM83: =IF(AL83=I83,"OK","NG") -> OK
I84: =SUM(L84:AK84) -> 0 | AL84: =SUM(L84:AK84) -> 0 | AM84: =IF(AL84=I84,"OK","NG") -> OK
I85: =SUM(L85:AK85) -> 0 | AL85: =SUM(L85:AK85) -> 0 | AM85: =IF(AL85=I85,"OK","NG") -> OK
I86: =SUM(L86:AK86) -> 0 | AL86: =SUM(L86:AK86) -> 0 | AM86: =IF(AL86=I86,"OK","NG") -> OK
I87: =SUM(L87:AK87) -> 0 | AL87: =SUM(L87:AK87) -> 0 | AM87: =IF(AL87=I87,"OK","NG") -> OK
I88: =SUM(L88:AK88) -> 0 | AL88: =SUM(L88:AK88) -> 0 | AM88: =IF(AL88=I88,"OK","NG") -> OK
I89: =SUM(L89:AK89) -> 0 | AL89: =SUM(L89:AK89) -> 0 | AM89: =IF(AL89=I89,"OK","NG") -> OK
... I96: =SUM(L96:AK96) -> 0 | AL96: =SUM(L96:AK96) -> 0 | AM96: =IF(AL96=I96,"OK","NG") -> OK
C97: 소계 SUBTOTAL(가로) | G97: =SUM(G6:G74) -> 0 | H97: =SUM(H6:H96) -> 38395 | I97: =SUM(I6:I96) -> 12 | J97: =SUM(J6:J74) -> 0 | L97: =SUM(L6:L96) -> 3 | M97: =SUM(M6:M96) -> 1 | N97: =SUM(N6:N96) -> 0 | O97: =SUM(O6:O96) -> 0 | P97: =SUM(P6:P96) -> 0 | Q97: =SUM(Q6:Q96) -> 0 | R97: =SUM(R6:R96) -> 0 | S97: =SUM(S6:S96) -> 0 | ... AL97: =SUM(AL6:AL96) -> 12 | AM97: =IF(AL97=SUM(I97),"OK","NG") -> OK

Sheet 2
A1: 생산수량 | B1: =H97 -> 32189 | E1: 불량금액 | F1: =G97 -> 0
A2: 불량수량 | B2: =I97 -> 11 | L2: =SUBTOTAL(9,L6:L96) -> 4 | M2: =SUBTOTAL(9,M6:M96) -> 2 | N2: =SUBTOTAL(9,N6:N96) -> 0 | O2: =SUBTOTAL(9,O6:O96) -> 0 | P2: =SUBTOTAL(9,P6:P96) -> 0 | Q2: =SUBTOTAL(9,Q6:Q96) -> 0 | R2: =SUBTOTAL(9,R6:R96) -> 0 | S2: =SUBTOTAL(9,S6:S96) -> 0 | ... AL2: =SUBTOTAL(9,AL6:AL96) -> 11
A3: 불량율(ppm) | B3: =IF(ISERROR(B2/(B2+B1)*1000000),"",(B2/(B2+B1)*1000000)) -> 341.61491 | L3: =SUM(L6:L96) -> 4 | M3: =SUM(M6:M96) -> 2 | N3: =SUM(N6:N96) -> 0 | O3: =SUM(O6:O96) -> 0 | P3: =SUM(P6:P96) -> 0 | Q3: =SUM(Q6:Q96) -> 0 | R3: =SUM(R6:R96) -> 0 | S3: =SUM(S6:S96) -> 0 | ... AL3: =SUM(AL6:AL96) -> 11
A4: =AM97 -> OK | E4: 거래선 및 불량금액 | H4: 종합 | L4: 깨짐 | M4: 찍힘 | N4: CRACK | O4: 스크래치 | P4: 녹불량 | Q4: 초기가동 | R4: 편차수정 | S4: 중량불량 | T4: 설비Error | U4: Pellet누락 | V4: 낙물 | W4: 산화 | X4: 휨 | Y4: 눌림 | Z4: 분말소착 | AA4: 역싸이징 | AB4: 이물질소착 | AC4: 기포 | AD4: 윈도우 GO | AE4: 윈도우 NO | AF4: 조립불량 | AG4: 침투불량 | AH4: 치형뜯김 | AI4: 기타 | AJ4: 폐기 | AK4: 소재불량 | AL4: 합계 | AM4: 오기 유/무
A5: TM NO. | B5: CODE (ERP) | C5: 품 명 | D5: 차종 | E5: 거래선 | F5: 단가 | G5: 불량금액 (단가x수량) | H5: 생산수량 | I5: 불량수량 | J5: 불량율 (PPM)
A6: 1360-00 | B6: 10901 | C6: MOTOR PULLEY | I6: =SUM(L6:AK6) -> 0 | AL6: =SUM(L6:AK6) -> 0 | AM6: =IF(AL6=I6,"OK","NG") -> OK
A7: 1360-01 | B7: 15922 | C7: MOTOR PULLEY | I7: =SUM(L7:AK7) -> 0 | AL7: =SUM(L7:AK7) -> 0 | AM7: =IF(AL7=I7,"OK","NG") -> OK
A8: 1361-00 | B8: 10899 | C8: BALL NUT PULLEY | I8: =SUM(L8:AK8) -> 0 | AL8: =SUM(L8:AK8) -> 0 | AM8: =IF(AL8=I8,"OK","NG") -> OK
A9: 1361-01 | B9: 10897 | C9: BALL NUT PULLEY | I9: =SUM(L9:AK9) -> 0 | AL9: =SUM(L9:AK9) -> 0 | AM9: =IF(AL9=I9,"OK","NG") -> OK
A10: 1361-02 | B10: 18523 | C10: BALL NUT PULLEY | I10: =SUM(L10:AK10) -> 0 | AL10: =SUM(L10:AK10) -> 0 | AM10: =IF(AL10=I10,"OK","NG") -> OK
A11: 1361-50 | B11: 19445 | C11: BELT GUIDE | I11: =SUM(L11:AK11) -> 0 | AL11: =SUM(L11:AK11) -> 0 | AM11: =IF(AL11=I11,"OK","NG") -> OK
A12: 1464-00 | B12: 10315 | C12: PULLEY | I12: =SUM(L12:AK12) -> 0 | AL12: =SUM(L12:AK12) -> 0 | AM12: =IF(AL12=I12,"OK","NG") -> OK
A13: 1464-01 | B13: 14961 | C13: PULLEY | I13: =SUM(L13:AK13) -> 0 | AL13: =SUM(L13:AK13) -> 0 | AM13: =IF(AL13=I13,"OK","NG") -> OK
A14: 1510-00 | B14: 10254 | C14: PULLEY LARGE | I14: =SUM(L14:AK14) -> 0 | AL14: =SUM(L14:AK14) -> 0 | AM14: =IF(AL14=I14,"OK","NG") -> OK
A15: 1510-01 | B15: 11856 | C15: PULLEY LARGE | I15: =SUM(L15:AK15) -> 0 | AL15: =SUM(L15:AK15) -> 0 | AM15: =IF(AL15=I15,"OK","NG") -> OK
A16: 1510-02 | B16: 15003 | C16: PULLEY LARGE | I16: =SUM(L16:AK16) -> 0 | AL16: =SUM(L16:AK16) -> 0 | AM16: =IF(AL16=I16,"OK","NG") -> OK
A17: 1695-00 | B17: 15173 | C17: MOTOR PULLEY | I17: =SUM(L17:AK17) -> 0 | AL17: =SUM(L17:AK17) -> 0 | AM17: =IF(AL17=I17,"OK","NG") -> OK
A18: 1781-00 | B18: 15519 | C18: PULLEY | H18: 1360 | I18: =SUM(L18:AK18) -> 0 | AL18: =SUM(L18:AK18) -> 0 | AM18: =IF(AL18=I18,"OK","NG") -> OK
A19: 1785-00 | B19: 14988 | C19: MOTOR PULLEY | H19: =1560+2040 -> 3600 | I19: =SUM(L19:AK19) -> 0 | AL19: =SUM(L19:AK19) -> 0 | AM19: =IF(AL19=I19,"OK","NG") -> OK
A20: 1786-00 | B20: 14983 | C20: BALL NUT PULLEY | I20: =SUM(L20:AK20) -> 0 | AL20: =SUM(L20:AK20) -> 0 | AM20: =IF(AL20=I20,"OK","NG") -> OK
A21: 1883-00 | B21: 16269 | C21: SLIDE | I21: =SUM(L21:AK21) -> 0 | AL21: =SUM(L21:AK21) -> 0 | AM21: =IF(AL21=I21,"OK","NG") -> OK
A22: 1903-00 | B22: 19059 | C22: PULLEY | I22: =SUM(L22:AK22) -> 0 | AL22: =SUM(L22:AK22) -> 0 | AM22: =IF(AL22=I22,"OK","NG") -> OK
A23: 1935-00 | B23: 18827 | C23: Driven Pulley | I23: =SUM(L23:AK23) -> 0 | AL23: =SUM(L23:AK23) -> 0 | AM23: =IF(AL23=I23,"OK","NG") -> OK
A24: 5001-00 | B24: 10163 | C24: PLATE 1-2-3-4 CLU BKG | H24: =672+672 -> 1344 | I24: =SUM(L24:AK24) -> 3 | AF24: 1 | AG24: 1 | AI24: 1 | AL24: =SUM(L24:AK24) -> 3 | AM24: =IF(AL24=I24,"OK","NG") -> OK
A25: 5002-00 | B25: 10160 | C25: PLATE 4-5-6 CLU BKG | I25: =SUM(L25:AK25) -> 0 | AL25: =SUM(L25:AK25) -> 0 | AM25: =IF(AL25=I25,"OK","NG") -> OK
A26: 5003-00 | B26: 10158 | C26: PLATE 3-5-REV CLU BKG | I26: =SUM(L26:AK26) -> 0 | AL26: =SUM(L26:AK26) -> 0 | AM26: =IF(AL26=I26,"OK","NG") -> OK
A27: 5003-01 | B27: 10155 | C27: PLATE 3-5-REV CLU BKG | I27: =SUM(L27:AK27) -> 0 | AL27: =SUM(L27:AK27) -> 0 | AM27: =IF(AL27=I27,"OK","NG") -> OK
A28: 5004-00 | B28: 10153 | C28: PLATE LOW & REV CLU BKG | H28: 2184 | I28: =SUM(L28:AK28) -> 4 | L28: 2 | Y28: 1 | AC28: 1 | AL28: =SUM(L28:AK28) -> 4 | AM28: =IF(AL28=I28,"OK","NG") -> OK
A29: 5005-00 | B29: 10151 | C29: WHEEL-A/TRANS INPUT SHF SPD SEN RELUCTOR | H29: 1980 | I29: =SUM(L29:AK29) -> 0 | AL29: =SUM(L29:AK29) -> 0 | AM29: =IF(AL29=I29,"OK","NG") -> OK
A30: 5006-00 | B30: 10149 | C30: PLATE 1-2-3-4 CLU BKG | H30: 1026 | I30: =SUM(L30:AK30) -> 0 | AL30: =SUM(L30:AK30) -> 0 | AM30: =IF(AL30=I30,"OK","NG") -> OK
A31: 5007-00 | B31: 10146 | C31: PLATE 4-5-6 CLU BKG | I31: =SUM(L31:AK31) -> 0 | AL31: =SUM(L31:AK31) -> 0 | AM31: =IF(AL31=I31,"OK","NG") -> OK
A32: 5008-00 | B32: 10143 | C32: PLATE 3-5-REV CLU BKG | I32: =SUM(L32:AK32) -> 0 | AL32: =SUM(L32:AK32) -> 0 | AM32: =IF(AL32=I32,"OK","NG") -> OK
A33: 5009-00 | B33: 10141 | C33: PLATE LOW & REV CLU BKG | H33: 1770 | I33: =SUM(L33:AK33) -> 0 | AL33: =SUM(L33:AK33) -> 0 | AM33: =IF(AL33=I33,"OK","NG") -> OK
A34: 5010-00 | B34: 10139 | C34: WHEEL-A/TRANS INPUT SHF SPD | H34: 550 | I34: =SUM(L34:AK34) -> 0 | AL34: =SUM(L34:AK34) -> 0 | AM34: =IF(AL34=I34,"OK","NG") -> OK
A35: 5011-00 | B35: 10137 | C35: CARRIER-REACTION | I35: =SUM(L35:AK35) -> 0 | AL35: =SUM(L35:AK35) -> 0 | AM35: =IF(AL35=I35,"OK","NG") -> OK
A36: 5012-00 | B36: 10135 | C36: CARRIER-INPUT | I36: =SUM(L36:AK36) -> 0 | AL36: =SUM(L36:AK36) -> 0 | AM36: =IF(AL36=I36,"OK","NG") -> OK
A37: 5013-00 | B37: 10133 | C37: CARRIER-REACTION | H37: =1000+1000+905+300 -> 3205 | I37: =SUM(L37:AK37) -> 0 | AL37: =SUM(L37:AK37) -> 0 | AM37: =IF(AL37=I37,"OK","NG") -> OK
A38: 5014-00 | B38: 10131 | C38: CARRIER-INPUT | H38: 700 | I38: =SUM(L38:AK38) -> 0 | AL38: =SUM(L38:AK38) -> 0 | AM38: =IF(AL38=I38,"OK","NG") -> OK
A39: 5015-00 | B39: 10129 | C39: CARRIER - REACTION | I39: =SUM(L39:AK39) -> 0 | AL39: =SUM(L39:AK39) -> 0 | AM39: =IF(AL39=I39,"OK","NG") -> OK
A40: 5016-00 | B40: 10127 | C40: CARRIER - INPUT | I40: =SUM(L40:AK40) -> 0 | AL40: =SUM(L40:AK40) -> 0 | AM40: =IF(AL40=I40,"OK","NG") -> OK
A41: 5017-00 | B41: 14859 | C41: CARRIER-INPUT | I41: =SUM(L41:AK41) -> 0 | AL41: =SUM(L41:AK41) -> 0 | AM41: =IF(AL41=I41,"OK","NG") -> OK
A42: 5018-00 | B42: 15095 | C42: CARRIER-INPUT | I42: =SUM(L42:AK42) -> 0 | AL42: =SUM(L42:AK42) -> 0 | AM42: =IF(AL42=I42,"OK","NG") -> OK
A43: 6001-00 | B43: 10121 | C43: CARRIER PLANET | I43: =SUM(L43:AK43) -> 0 | AL43: =SUM(L43:AK43) -> 0 | AM43: =IF(AL43=I43,"OK","NG") -> OK
A44: 6002-00 | B44: 10120 | C44: CARRIER PLANET | I44: =SUM(L44:AK44) -> 0 | AL44: =SUM(L44:AK44) -> 0 | AM44: =IF(AL44=I44,"OK","NG") -> OK
A45: 6004-00 | B45: 13467 | C45: CARRIER PLANET MID | H45: =285+672 -> 957 | I45: =SUM(L45:AK45) -> 0 | AL45: =SUM(L45:AK45) -> 0 | AM45: =IF(AL45=I45,"OK","NG") -> OK
A46: 6004-01 | B46: 15948 | C46: CARRIER PLANET MID | I46: =SUM(L46:AK46) -> 0 | AL46: =SUM(L46:AK46) -> 0 | AM46: =IF(AL46=I46,"OK","NG") -> OK
A47: 6007-00 | B47: 13466 | C47: CARRIER PLANET MID | I47: =SUM(L47:AK47) -> 0 | AL47: =SUM(L47:AK47) -> 0 | AM47: =IF(AL47=I47,"OK","NG") -> OK
A48: 6007-01 | B48: 16598 | C48: CARRIER PLANET MID | H48: 1006 | I48: =SUM(L48:AK48) -> 0 | AL48: =SUM(L48:AK48) -> 0 | AM48: =IF(AL48=I48,"OK","NG") -> OK
A49: 6009-01 | B49: 11815 | C49: PRESSURE PLATE | I49: =SUM(L49:AK49) -> 0 | AL49: =SUM(L49:AK49) -> 0 | AM49: =IF(AL49=I49,"OK","NG") -> OK
A50: 6009-02 | B50: 11823 | C50: PRESSURE PLATE | I50: =SUM(L50:AK50) -> 0 | AL50: =SUM(L50:AK50) -> 0 | AM50: =IF(AL50=I50,"OK","NG") -> OK
A51: 6009-03 | B51: 11824 | C51: PRESSURE PLATE | I51: =SUM(L51:AK51) -> 0 | AL51: =SUM(L51:AK51) -> 0 | AM51: =IF(AL51=I51,"OK","NG") -> OK
A52: 6009-04 | B52: 11825 | C52: PRESSURE PLATE | I52: =SUM(L52:AK52) -> 0 | AL52: =SUM(L52:AK52) -> 0 | AM52: =IF(AL52=I52,"OK","NG") -> OK
A53: 6009-05 | B53: 11826 | C53: PRESSURE PLATE | I53: =SUM(L53:AK53) -> 0 | AL53: =SUM(L53:AK53) -> 0 | AM53: =IF(AL53=I53,"OK","NG") -> OK
A54: 6009-06 | B54: 11827 | C54: PRESSURE PLATE | I54: =SUM(L54:AK54) -> 0 | AL54: =SUM(L54:AK54) -> 0 | AM54: =IF(AL54=I54,"OK","NG") -> OK
A55: 6009-07 | B55: 11828 | C55: PRESSURE PLATE | I55: =SUM(L55:AK55) -> 0 | AL55: =SUM(L55:AK55) -> 0 | AM55: =IF(AL55=I55,"OK","NG") -> OK
A56: 6009-08 | B56: 11830 | C56: PRESSURE PLATE | I56: =SUM(L56:AK56) -> 0 | AL56: =SUM(L56:AK56) -> 0 | AM56: =IF(AL56=I56,"OK","NG") -> OK
A57: 6009-09 | B57: 11832 | C57: PRESSURE PLATE | I57: =SUM(L57:AK57) -> 0 | AL57: =SUM(L57:AK57) -> 0 | AM57: =IF(AL57=I57,"OK","NG") -> OK
A58: 6009-10 | B58: 18839 | C58: PRESSURE PLATE | I58: =SUM(L58:AK58) -> 0 | AL58: =SUM(L58:AK58) -> 0 | AM58: =IF(AL58=I58,"OK","NG") -> OK
A59: 6009-11 | B59: 18840 | C59: PRESSURE PLATE | I59: =SUM(L59:AK59) -> 0 | AL59: =SUM(L59:AK59) -> 0 | AM59: =IF(AL59=I59,"OK","NG") -> OK
A60: 6011-00 | B60: 11380 | C60: CARRIER PALNET | H60: =900+1000+1120 -> 3020 | I60: =SUM(L60:AK60) -> 0 | AL60: =SUM(L60:AK60) -> 0 | AM60: =IF(AL60=I60,"OK","NG") -> OK
A61: 6017-00 | B61: 18518 | C61: CARRIER PLANET MID | H61: =800+336+1080 -> 2216 | I61: =SUM(L61:AK61) -> 0 | AL61: =SUM(L61:AK61) -> 0 | AM61: =IF(AL61=I61,"OK","NG") -> OK
A62: 6017-01 | B62: 16585 | C62: CARRIER PLANET MID | I62: =SUM(L62:AK62) -> 0 | AL62: =SUM(L62:AK62) -> 0 | AM62: =IF(AL62=I62,"OK","NG") -> OK
A63: 6019-00 | B63: 17107 | C63: HOUSING GUIDE RING | I63: =SUM(L63:AK63) -> 0 | AL63: =SUM(L63:AK63) -> 0 | AM63: =IF(AL63=I63,"OK","NG") -> OK
A64: 6020-00 | B64: 19269 | C64: CARRIER PALNET | I64: =SUM(L64:AK64) -> 0 | AL64: =SUM(L64:AK64) -> 0 | AM64: =IF(AL64=I64,"OK","NG") -> OK
A65: 1917-00 | B65: 18306 | C65: BODY | I65: =SUM(L65:AK65) -> 0 | AL65: =SUM(L65:AK65) -> 0 | AM65: =IF(AL65=I65,"OK","NG") -> OK
A66: 1914-00 | B66: 19834 | C66: MOTOR PULLEY | H66: =300+500+760+1080 -> 2640 | I66: =SUM(L66:AK66) -> 4 | L66: 2 | M66: 2 | AL66: =SUM(L66:AK66) -> 4 | AM66: =IF(AL66=I66,"OK","NG") -> OK
A67: 1987-00J | B67: 20277 | C67: BELT PULLEY | I67: =SUM(L67:AK67) -> 0 | AL67: =SUM(L67:AK67) -> 0 | AM67: =IF(AL67=I67,"OK","NG") -> OK
A68: 1986-00J | B68: 20269 | C68: BELT PULLEY | I68: =SUM(L68:AK68) -> 0 | AL68: =SUM(L68:AK68) -> 0 | AM68: =IF(AL68=I68,"OK","NG") -> OK
A69: 1581-00 | B69: 14023 | C69: 성형-BODY | I69: =SUM(L69:AK69) -> 0 | AL69: =SUM(L69:AK69) -> 0 | AM69: =IF(AL69=I69,"OK","NG") -> OK
A70: 2059-00 | B70: 20955 | C70: BELT PULLEY | I70: =SUM(L70:AK70) -> 0 | AL70: =SUM(L70:AK70) -> 0 | AM70: =IF(AL70=I70,"OK","NG") -> OK
A71: 6023-00AJ | B71: 21298 | C71: CARRIER PLANET MID | H71: 503 | I71: =SUM(L71:AK71) -> 0 | AL71: =SUM(L71:AK71) -> 0 | AM71: =IF(AL71=I71,"OK","NG") -> OK
A72: 1361-03 | B72: 21809 | C72: BALL NUT PULLEY | I72: =SUM(L72:AK72) -> 0 | AL72: =SUM(L72:AK72) -> 0 | AM72: =IF(AL72=I72,"OK","NG") -> OK
A73: 6009-00 | B73: 11820 | C73: 성형-PRESSURE PLATE | I73: =SUM(L73:AK73) -> 0 | AL73: =SUM(L73:AK73) -> 0 | AM73: =IF(AL73=I73,"OK","NG") -> OK
A74: 1987-01J | B74: 21870 | C74: BELT PULLEY | I74: =SUM(L74:AK74) -> 0 | AL74: =SUM(L74:AK74) -> 0 | AM74: =IF(AL74=I74,"OK","NG") -> OK
A75: 2202-00 | B75: 22379 | C75: PULLEY | I75: =SUM(L75:AK75) -> 0 | AL75: =SUM(L75:AK75) -> 0 | AM75: =IF(AL75=I75,"OK","NG") -> OK
A76: 2206-00 | B76: 22886 | C76: 성형-BALL NUT PULLEY | H76: =700+1680+1748 -> 4128 | I76: =SUM(L76:AK76) -> 0 | AL76: =SUM(L76:AK76) -> 0 | AM76: =IF(AL76=I76,"OK","NG") -> OK
A77: 1630-00 | B77: 13007 | C77: 성형-REB,RETAINER | I77: =SUM(L77:AK77) -> 0 | AL77: =SUM(L77:AK77) -> 0 | AM77: =IF(AL77=I77,"OK","NG") -> OK
I78: =SUM(L78:AK78) -> 0 | AL78: =SUM(L78:AK78) -> 0 | AM78: =IF(AL78=I78,"OK","NG") -> OK
I79: =SUM(L79:AK79) -> 0 | AL79: =SUM(L79:AK79) -> 0 | AM79: =IF(AL79=I79,"OK","NG") -> OK
I80: =SUM(L80:AK80) -> 0 | AL80: =SUM(L80:AK80) -> 0 | AM80: =IF(AL80=I80,"OK","NG") -> OK
I81: =SUM(L81:AK81) -> 0 | AL81: =SUM(L81:AK81) -> 0 | AM81: =IF(AL81=I81,"OK","NG") -> OK
I82: =SUM(L82:AK82) -> 0 | AL82: =SUM(L82:AK82) -> 0 | AM82: =IF(AL82=I82,"OK","NG") -> OK
I83: =SUM(L83:AK83) -> 0 | AL83: =SUM(L83:AK83) -> 0 | AM83: =IF(AL83=I83,"OK","NG") -> OK
I84: =SUM(L84:AK84) -> 0 | AL84: =SUM(L84:AK84) -> 0 | AM84: =IF(AL84=I84,"OK","NG") -> OK
I85: =SUM(L85:AK85) -> 0 | AL85: =SUM(L85:AK85) -> 0 | AM85: =IF(AL85=I85,"OK","NG") -> OK
I86: =SUM(L86:AK86) -> 0 | AL86: =SUM(L86:AK86) -> 0 | AM86: =IF(AL86=I86,"OK","NG") -> OK
I87: =SUM(L87:AK87) -> 0 | AL87: =SUM(L87:AK87) -> 0 | AM87: =IF(AL87=I87,"OK","NG") -> OK
I88: =SUM(L88:AK88) -> 0 | AL88: =SUM(L88:AK88) -> 0 | AM88: =IF(AL88=I88,"OK","NG") -> OK
I89: =SUM(L89:AK89) -> 0 | AL89: =SUM(L89:AK89) -> 0 | AM89: =IF(AL89=I89,"OK","NG") -> OK
... I96: =SUM(L96:AK96) -> 0 | AL96: =SUM(L96:AK96) -> 0 | AM96: =IF(AL96=I96,"OK","NG") -> OK
C97: 소계 SUBTOTAL(가로) | G97: =SUM(G6:G74) -> 0 | H97: =SUM(H6:H96) -> 32189 | I97: =SUM(I6:I96) -> 11 | J97: =SUM(J6:J74) -> 0 | L97: =SUM(L6:L96) -> 4 | M97: =SUM(M6:M96) -> 2 | N97: =SUM(N6:N96) -> 0 | O97: =SUM(O6:O96) -> 0 | P97: =SUM(P6:P96) -> 0 | Q97: =SUM(Q6:Q96) -> 0 | R97: =SUM(R6:R96) -> 0 | S97: =SUM(S6:S96) -> 0 | ... AL97: =SUM(AL6:AL96) -> 11 | AM97: =IF(AL97=SUM(I97),"OK","NG") -> OK
D102: 2478 | E102: 2
D103: 1680 | E103: 5
D104: 3400 | E104: 4
D105: 2580 | E105: 1

Sheet 3
A1: 생산수량 | B1: =H97 -> 24066 | E1: 불량금액 | F1: =G97 -> 0
A2: 불량수량 | B2: =I97 -> 8 | L2: =SUBTOTAL(9,L6:L96) -> 1 | M2: =SUBTOTAL(9,M6:M96) -> 0 | N2: =SUBTOTAL(9,N6:N96) -> 0 | O2: =SUBTOTAL(9,O6:O96) -> 0 | P2: =SUBTOTAL(9,P6:P96) -> 0 | Q2: =SUBTOTAL(9,Q6:Q96) -> 0 | R2: =SUBTOTAL(9,R6:R96) -> 0 | S2: =SUBTOTAL(9,S6:S96) -> 0 | ... AK2: =SUBTOTAL(9,AK6:AK96) -> 0 | AL2: =SUBTOTAL(9,AL6:AL74) -> 8
A3: 불량율(ppm) | B3: =IF(ISERROR(B2/(B2+B1)*1000000),"",(B2/(B2+B1)*1000000)) -> 332.30871 | L3: =SUM(L6:L96) -> 1 | M3: =SUM(M6:M96) -> 0 | N3: =SUM(N6:N96) -> 0 | O3: =SUM(O6:O96) -> 0 | P3: =SUM(P6:P96) -> 0 | Q3: =SUM(Q6:Q96) -> 0 | R3: =SUM(R6:R96) -> 0 | S3: =SUM(S6:S96) -> 0 | ... AK3: =SUM(AK6:AK96) -> 0 | AL3: =SUM(AL6:AL74) -> 8
A4: =AM97 -> OK | E4: 거래선 및 불량금액 | H4: 종합 | L4: 깨짐 | M4: 찍힘 | N4: CRACK | O4: 스크래치 | P4: 녹불량 | Q4: 초기가동 | R4: 편차수정 | S4: 중량불량 | T4: 설비Error | U4: Pellet누락 | V4: 낙물 | W4: 산화 | X4: 휨 | Y4: 눌림 | Z4: 분말소착 | AA4: 역싸이징 | AB4: 이물질소착 | AC4: 기포 | AD4: 윈도우 GO | AE4: 윈도우 NO | AF4: 조립불량 | AG4: 침투불량 | AH4: 치형뜯김 | AI4: 기타 | AJ4: 폐기 | AK4: 소재불량 | AL4: 합계 | AM4: 오기 유/무
A5: TM NO. | B5: CODE (ERP) | C5: 품 명 | D5: 차종 | E5: 거래선 | F5: 단가 | G5: 불량금액 (단가x수량) | H5: 생산수량 | I5: 불량수량 | J5: 불량율 (PPM)
A6: 1360-00 | B6: 10901 | C6: MOTOR PULLEY | I6: =SUM(L6:AK6) -> 0 | AL6: =SUM(L6:AK6) -> 0 | AM6: =IF(AL6=I6,"OK","NG") -> OK
A7: 1360-01 | B7: 15922 | C7: MOTOR PULLEY | I7: =SUM(L7:AK7) -> 0 | AL7: =SUM(L7:AK7) -> 0 | AM7: =IF(AL7=I7,"OK","NG") -> OK
A8: 1361-00 | B8: 10899 | C8: BALL NUT PULLEY | I8: =SUM(L8:AK8) -> 0 | AL8: =SUM(L8:AK8) -> 0 | AM8: =IF(AL8=I8,"OK","NG") -> OK
A9: 1361-01 | B9: 10897 | C9: BALL NUT PULLEY | H9: =240+760 -> 1000 | I9: =SUM(L9:AK9) -> 0 | AL9: =SUM(L9:AK9) -> 0 | AM9: =IF(AL9=I9,"OK","NG") -> OK
A10: 1361-02 | B10: 18523 | C10: BALL NUT PULLEY | I10: =SUM(L10:AK10) -> 0 | AL10: =SUM(L10:AK10) -> 0 | AM10: =IF(AL10=I10,"OK","NG") -> OK
A11: 1361-50 | B11: 19445 | C11: BELT GUIDE | I11: =SUM(L11:AK11) -> 0 | AL11: =SUM(L11:AK11) -> 0 | AM11: =IF(AL11=I11,"OK","NG") -> OK
A12: 1464-00 | B12: 10315 | C12: PULLEY | I12: =SUM(L12:AK12) -> 0 | AL12: =SUM(L12:AK12) -> 0 | AM12: =IF(AL12=I12,"OK","NG") -> OK
A13: 1464-01 | B13: 14961 | C13: PULLEY | I13: =SUM(L13:AK13) -> 0 | AL13: =SUM(L13:AK13) -> 0 | AM13: =IF(AL13=I13,"OK","NG") -> OK
A14: 1510-00 | B14: 10254 | C14: PULLEY LARGE | I14: =SUM(L14:AK14) -> 0 | AL14: =SUM(L14:AK14) -> 0 | AM14: =IF(AL14=I14,"OK","NG") -> OK
A15: 1510-01 | B15: 11856 | C15: PULLEY LARGE | I15: =SUM(L15:AK15) -> 0 | AL15: =SUM(L15:AK15) -> 0 | AM15: =IF(AL15=I15,"OK","NG") -> OK
A16: 1510-02 | B16: 15003 | C16: PULLEY LARGE | I16: =SUM(L16:AK16) -> 0 | AL16: =SUM(L16:AK16) -> 0 | AM16: =IF(AL16=I16,"OK","NG") -> OK
A17: 1695-00 | B17: 15173 | C17: MOTOR PULLEY | I17: =SUM(L17:AK17) -> 0 | AL17: =SUM(L17:AK17) -> 0 | AM17: =IF(AL17=I17,"OK","NG") -> OK
A18: 1781-00 | B18: 15519 | C18: PULLEY | I18: =SUM(L18:AK18) -> 0 | AL18: =SUM(L18:AK18) -> 0 | AM18: =IF(AL18=I18,"OK","NG") -> OK
A19: 1785-00 | B19: 14988 | C19: MOTOR PULLEY | H19: 840 | I19: =SUM(L19:AK19) -> 0 | AL19: =SUM(L19:AK19) -> 0 | AM19: =IF(AL19=I19,"OK","NG") -> OK
A20: 1786-00 | B20: 14983 | C20: BALL NUT PULLEY | I20: =SUM(L20:AK20) -> 0 | AL20: =SUM(L20:AK20) -> 0 | AM20: =IF(AL20=I20,"OK","NG") -> OK
A21: 1883-00 | B21: 16269 | C21: SLIDE | I21: =SUM(L21:AK21) -> 0 | AL21: =SUM(L21:AK21) -> 0 | AM21: =IF(AL21=I21,"OK","NG") -> OK
A22: 1903-00 | B22: 19059 | C22: PULLEY | I22: =SUM(L22:AK22) -> 0 | AL22: =SUM(L22:AK22) -> 0 | AM22: =IF(AL22=I22,"OK","NG") -> OK
A23: 1935-00 | B23: 18827 | C23: Driven Pulley | I23: =SUM(L23:AK23) -> 0 | AL23: =SUM(L23:AK23) -> 0 | AM23: =IF(AL23=I23,"OK","NG") -> OK
A24: 5001-00 | B24: 10163 | C24: PLATE 1-2-3-4 CLU BKG | H24: =336+336+672+672 -> 2016 | I24: =SUM(L24:AK24) -> 0 | AL24: =SUM(L24:AK24) -> 0 | AM24: =IF(AL24=I24,"OK","NG") -> OK
A25: 5002-00 | B25: 10160 | C25: PLATE 4-5-6 CLU BKG | I25: =SUM(L25:AK25) -> 0 | AL25: =SUM(L25:AK25) -> 0 | AM25: =IF(AL25=I25,"OK","NG") -> OK
A26: 5003-00 | B26: 10158 | C26: PLATE 3-5-REV CLU BKG | I26: =SUM(L26:AK26) -> 0 | AL26: =SUM(L26:AK26) -> 0 | AM26: =IF(AL26=I26,"OK","NG") -> OK
A27: 5003-01 | B27: 10155 | C27: PLATE 3-5-REV CLU BKG | I27: =SUM(L27:AK27) -> 0 | AL27: =SUM(L27:AK27) -> 0 | AM27: =IF(AL27=I27,"OK","NG") -> OK
A28: 5004-00 | B28: 10153 | C28: PLATE LOW & REV CLU BKG | H28: 1248 | I28: =SUM(L28:AK28) -> 0 | AL28: =SUM(L28:AK28) -> 0 | AM28: =IF(AL28=I28,"OK","NG") -> OK
A29: 5005-00 | B29: 10151 | C29: WHEEL-A/TRANS INPUT SHF SPD SEN RELUCTOR | H29: 1980 | I29: =SUM(L29:AK29) -> 0 | AL29: =SUM(L29:AK29) -> 0 | AM29: =IF(AL29=I29,"OK","NG") -> OK
A30: 5006-00 | B30: 10149 | C30: PLATE 1-2-3-4 CLU BKG | H30: =684+684 -> 1368 | I30: =SUM(L30:AK30) -> 0 | AL30: =SUM(L30:AK30) -> 0 | AM30: =IF(AL30=I30,"OK","NG") -> OK
A31: 5007-00 | B31: 10146 | C31: PLATE 4-5-6 CLU BKG | I31: =SUM(L31:AK31) -> 0 | AL31: =SUM(L31:AK31) -> 0 | AM31: =IF(AL31=I31,"OK","NG") -> OK
A32: 5008-00 | B32: 10143 | C32: PLATE 3-5-REV CLU BKG | I32: =SUM(L32:AK32) -> 0 | AL32: =SUM(L32:AK32) -> 0 | AM32: =IF(AL32=I32,"OK","NG") -> OK
A33: 5009-00 | B33: 10141 | C33: PLATE LOW & REV CLU BKG | I33: =SUM(L33:AK33) -> 0 | AL33: =SUM(L33:AK33) -> 0 | AM33: =IF(AL33=I33,"OK","NG") -> OK
A34: 5010-00 | B34: 10139 | C34: WHEEL-A/TRANS INPUT SHF SPD | I34: =SUM(L34:AK34) -> 0 | AL34: =SUM(L34:AK34) -> 0 | AM34: =IF(AL34=I34,"OK","NG") -> OK
A35: 5011-00 | B35: 10137 | C35: CARRIER-REACTION | I35: =SUM(L35:AK35) -> 0 | AL35: =SUM(L35:AK35) -> 0 | AM35: =IF(AL35=I35,"OK","NG") -> OK
A36: 5012-00 | B36: 10135 | C36: CARRIER-INPUT | I36: =SUM(L36:AK36) -> 0 | AL36: =SUM(L36:AK36) -> 0 | AM36: =IF(AL36=I36,"OK","NG") -> OK
A37: 5013-00 | B37: 10133 | C37: CARRIER-REACTION | H37: =300+305 -> 605 | I37: =SUM(L37:AK37) -> 0 | AL37: =SUM(L37:AK37) -> 0 | AM37: =IF(AL37=I37,"OK","NG") -> OK
A38: 5014-00 | B38: 10131 | C38: CARRIER-INPUT | H38: =740+250 -> 990 | I38: =SUM(L38:AK38) -> 0 | AL38: =SUM(L38:AK38) -> 0 | AM38: =IF(AL38=I38,"OK","NG") -> OK
A39: 5015-00 | B39: 824 | C39: CARRIER - REACTION | I39: =SUM(L39:AK39) -> 0 | AL39: =SUM(L39:AK39) -> 0 | AM39: =IF(AL39=I39,"OK","NG") -> OK
A40: 5016-00 | B40: 10127 | C40: CARRIER - INPUT | H40: =240+1200+1620 -> 3060 | I40: =SUM(L40:AK40) -> 1 | L40: 1 | AL40: =SUM(L40:AK40) -> 1 | AM40: =IF(AL40=I40,"OK","NG") -> OK
A41: 5017-00 | B41: 14859 | C41: CARRIER-INPUT | I41: =SUM(L41:AK41) -> 0 | AL41: =SUM(L41:AK41) -> 0 | AM41: =IF(AL41=I41,"OK","NG") -> OK
A42: 5018-00 | B42: 15095 | C42: CARRIER-INPUT | I42: =SUM(L42:AK42) -> 0 | AL42: =SUM(L42:AK42) -> 0 | AM42: =IF(AL42=I42,"OK","NG") -> OK
A43: 6001-00 | B43: 10121 | C43: CARRIER PLANET | I43: =SUM(L43:AK43) -> 0 | AL43: =SUM(L43:AK43) -> 0 | AM43: =IF(AL43=I43,"OK","NG") -> OK
A44: 6002-00 | B44: 10120 | C44: CARRIER PLANET | I44: =SUM(L44:AK44) -> 0 | AL44: =SUM(L44:AK44) -> 0 | AM44: =IF(AL44=I44,"OK","NG") -> OK
A45: 6004-00 | B45: 13467 | C45: CARRIER PLANET MID | H45: =480+196 -> 676 | I45: =SUM(L45:AK45) -> 1 | AI45: 1 | AL45: =SUM(L45:AK45) -> 1 | AM45: =IF(AL45=I45,"OK","NG") -> OK
A46: 6004-01 | B46: 15948 | C46: CARRIER PLANET MID | I46: =SUM(L46:AK46) -> 0 | AL46: =SUM(L46:AK46) -> 0 | AM46: =IF(AL46=I46,"OK","NG") -> OK
A47: 6007-00 | B47: 13466 | C47: CARRIER PLANET MID | I47: =SUM(L47:AK47) -> 0 | AL47: =SUM(L47:AK47) -> 0 | AM47: =IF(AL47=I47,"OK","NG") -> OK
A48: 6007-01 | B48: 16598 | C48: CARRIER PLANET MID | H48: 1025 | I48: =SUM(L48:AK48) -> 0 | AL48: =SUM(L48:AK48) -> 0 | AM48: =IF(AL48=I48,"OK","NG") -> OK
A49: 6009-01 | B49: 11815 | C49: PRESSURE PLATE | I49: =SUM(L49:AK49) -> 0 | AL49: =SUM(L49:AK49) -> 0 | AM49: =IF(AL49=I49,"OK","NG") -> OK
A50: 6009-02 | B50: 11823 | C50: PRESSURE PLATE | I50: =SUM(L50:AK50) -> 0 | AL50: =SUM(L50:AK50) -> 0 | AM50: =IF(AL50=I50,"OK","NG") -> OK
A51: 6009-03 | B51: 11824 | C51: PRESSURE PLATE | I51: =SUM(L51:AK51) -> 0 | AL51: =SUM(L51:AK51) -> 0 | AM51: =IF(AL51=I51,"OK","NG") -> OK
A52: 6009-04 | B52: 11825 | C52: PRESSURE PLATE | I52: =SUM(L52:AK52) -> 0 | AL52: =SUM(L52:AK52) -> 0 | AM52: =IF(AL52=I52,"OK","NG") -> OK
A53: 6009-05 | B53: 11826 | C53: PRESSURE PLATE | I53: =SUM(L53:AK53) -> 0 | AL53: =SUM(L53:AK53) -> 0 | AM53: =IF(AL53=I53,"OK","NG") -> OK
A54: 6009-06 | B54: 11827 | C54: PRESSURE PLATE | I54: =SUM(L54:AK54) -> 0 | AL54: =SUM(L54:AK54) -> 0 | AM54: =IF(AL54=I54,"OK","NG") -> OK
A55: 6009-07 | B55: 11828 | C55: PRESSURE PLATE | I55: =SUM(L55:AK55) -> 0 | AL55: =SUM(L55:AK55) -> 0 | AM55: =IF(AL55=I55,"OK","NG") -> OK
A56: 6009-08 | B56: 11830 | C56: PRESSURE PLATE | I56: =SUM(L56:AK56) -> 0 | AL56: =SUM(L56:AK56) -> 0 | AM56: =IF(AL56=I56,"OK","NG") -> OK
A57: 6009-09 | B57: 11832 | C57: PRESSURE PLATE | I57: =SUM(L57:AK57) -> 0 | AL57: =SUM(L57:AK57) -> 0 | AM57: =IF(AL57=I57,"OK","NG") -> OK
A58: 6009-10 | B58: 18839 | C58: PRESSURE PLATE | I58: =SUM(L58:AK58) -> 0 | AL58: =SUM(L58:AK58) -> 0 | AM58: =IF(AL58=I58,"OK","NG") -> OK
A59: 6009-11 | B59: 18840 | C59: PRESSURE PLATE | I59: =SUM(L59:AK59) -> 0 | AL59: =SUM(L59:AK59) -> 0 | AM59: =IF(AL59=I59,"OK","NG") -> OK
A60: 6011-00 | B60: 11380 | C60: CARRIER PALNET | H60: =440+1120 -> 1560 | I60: =SUM(L60:AK60) -> 0 | AL60: =SUM(L60:AK60) -> 0 | AM60: =IF(AL60=I60,"OK","NG") -> OK
A61: 6017-00 | B61: 18518 | C61: CARRIER PLANET MID | H61: =1008+490+364+1056 -> 2918 | I61: =SUM(L61:AK61) -> 0 | AL61: =SUM(L61:AK61) -> 0 | AM61: =IF(AL61=I61,"OK","NG") -> OK
A62: 6017-01 | B62: 16585 | C62: CARRIER PLANET MID | I62: =SUM(L62:AK62) -> 0 | AL62: =SUM(L62:AK62) -> 0 | AM62: =IF(AL62=I62,"OK","NG") -> OK
A63: 6019-00 | B63: 17107 | C63: HOUSING GUIDE RING | I63: =SUM(L63:AK63) -> 0 | AL63: =SUM(L63:AK63) -> 0 | AM63: =IF(AL63=I63,"OK","NG") -> OK
A64: 6020-00 | B64: 19269 | C64: CARRIER PALNET | H64: 410 | I64: =SUM(L64:AK64) -> 0 | AL64: =SUM(L64:AK64) -> 0 | AM64: =IF(AL64=I64,"OK","NG") -> OK
A65: 1917-00 | B65: 18306 | C65: BODY | I65: =SUM(L65:AK65) -> 0 | AL65: =SUM(L65:AK65) -> 0 | AM65: =IF(AL65=I65,"OK","NG") -> OK
A66: 1914-00 | B66: 19834 | C66: MOTOR PULLEY | I66: =SUM(L66:AK66) -> 0 | AL66: =SUM(L66:AK66) -> 0 | AM66: =IF(AL66=I66,"OK","NG") -> OK
A67: 1987-00J | B67: 20277 | C67: BELT PULLEY | I67: =SUM(L67:AK67) -> 0 | AL67: =SUM(L67:AK67) -> 0 | AM67: =IF(AL67=I67,"OK","NG") -> OK
A68: 1986-00J | B68: 20269 | C68: BELT PULLEY | H68: 270 | I68: =SUM(L68:AK68) -> 0 | AL68: =SUM(L68:AK68) -> 0 | AM68: =IF(AL68=I68,"OK","NG") -> OK
A69: 1581-00 | B69: 14023 | C69: 성형-BODY | I69: =SUM(L69:AK69) -> 0 | AL69: =SUM(L69:AK69) -> 0 | AM69: =IF(AL69=I69,"OK","NG") -> OK
A70: 2059-00 | B70: 20955 | C70: BELT PULLEY | H70: =90+1350 -> 1440 | I70: =SUM(L70:AK70) -> 6 | AC70: 6 | AL70: =SUM(L70:AK70) -> 6 | AM70: =IF(AL70=I70,"OK","NG") -> OK
A71: 6023-00AJ | B71: 21298 | C71: CARRIER PLANET MID | I71: =SUM(L71:AK71) -> 0 | AL71: =SUM(L71:AK71) -> 0 | AM71: =IF(AL71=I71,"OK","NG") -> OK
A72: 1361-03 | B72: 21809 | C72: BALL NUT PULLEY | I72: =SUM(L72:AK72) -> 0 | AL72: =SUM(L72:AK72) -> 0 | AM72: =IF(AL72=I72,"OK","NG") -> OK
A73: 6009-00 | B73: 11820 | C73: 성형-PRESSURE PLATE | I73: =SUM(L73:AK73) -> 0 | AL73: =SUM(L73:AK73) -> 0 | AM73: =IF(AL73=I73,"OK","NG") -> OK
A74: 1987-01J | B74: 21870 | C74: BELT PULLEY | I74: =SUM(L74:AK74) -> 0 | AL74: =SUM(L74:AK74) -> 0 | AM74: =IF(AL74=I74,"OK","NG") -> OK
A75: 2202-00 | B75: 22379 | C75: PULLEY | I75: =SUM(L75:AK75) -> 0 | AL75: =SUM(L75:AK75) -> 0 | AM75: =IF(AL75=I75,"OK","NG") -> OK
A76: 2206-00 | B76: 22886 | C76: 성형-BALL NUT PULLEY | H76: =1540+1120 -> 2660 | I76: =SUM(L76:AK76) -> 0 | AL76: =SUM(L76:AK76) -> 0 | AM76: =IF(AL76=I76,"OK","NG") -> OK
A77: 1630-00 | B77: 13007 | C77: 성형-REB,RETAINER | I77: =SUM(L77:AK77) -> 0 | AL77: =SUM(L77:AK77) -> 0 | AM77: =IF(AL77=I77,"OK","NG") -> OK
I78: =SUM(L78:AK78) -> 0 | AL78: =SUM(L78:AK78) -> 0 | AM78: =IF(AL78=I78,"OK","NG") -> OK
I79: =SUM(L79:AK79) -> 0 | AL79: =SUM(L79:AK79) -> 0 | AM79: =IF(AL79=I79,"OK","NG") -> OK
I80: =SUM(L80:AK80) -> 0 | AL80: =SUM(L80:AK80) -> 0 | AM80: =IF(AL80=I80,"OK","NG") -> OK
I81: =SUM(L81:AK81) -> 0 | AL81: =SUM(L81:AK81) -> 0 | AM81: =IF(AL81=I81,"OK","NG") -> OK
I82: =SUM(L82:AK82) -> 0 | AL82: =SUM(L82:AK82) -> 0 | AM82: =IF(AL82=I82,"OK","NG") -> OK
I83: =SUM(L83:AK83) -> 0 | AL83: =SUM(L83:AK83) -> 0 | AM83: =IF(AL83=I83,"OK","NG") -> OK
I84: =SUM(L84:AK84) -> 0 | AL84: =SUM(L84:AK84) -> 0 | AM84: =IF(AL84=I84,"OK","NG") -> OK
I85: =SUM(L85:AK85) -> 0 | AL85: =SUM(L85:AK85) -> 0 | AM85: =IF(AL85=I85,"OK","NG") -> OK
I86: =SUM(L86:AK86) -> 0 | AL86: =SUM(L86:AK86) -> 0 | AM86: =IF(AL86=I86,"OK","NG") -> OK
I87: =SUM(L87:AK87) -> 0 | AL87: =SUM(L87:AK87) -> 0 | AM87: =IF(AL87=I87,"OK","NG") -> OK
I88: =SUM(L88:AK88) -> 0 | AL88: =SUM(L88:AK88) -> 0 | AM88: =IF(AL88=I88,"OK","NG") -> OK
I89: =SUM(L89:AK89) -> 0 | AL89: =SUM(L89:AK89) -> 0 | AM89: =IF(AL89=I89,"OK","NG") -> OK
... I96: =SUM(L96:AK96) -> 0 | AL96: =SUM(L96:AK96) -> 0 | AM96: =IF(AL96=I96,"OK","NG") -> OK
C97: 소계 SUBTOTAL(가로) | G97: =SUM(G6:G74) -> 0 | H97: =SUM(H6:H96) -> 24066 | I97: =SUM(I6:I96) -> 8 | J97: =SUM(J6:J74) -> 0 | L97: =SUM(L6:L96) -> 1 | M97: =SUM(M6:M96) -> 0 | N97: =SUM(N6:N96) -> 0 | O97: =SUM(O6:O96) -> 0 | P97: =SUM(P6:P96) -> 0 | Q97: =SUM(Q6:Q96) -> 0 | R97: =SUM(R6:R96) -> 0 | S97: =SUM(S6:S96) -> 0 | ... AL97: =SUM(AL6:AL96) -> 8 | AM97: =IF(AL97=SUM(I97),"OK","NG") -> OK

Sheet 4
A1: 생산수량 | B1: =H97 -> 8127 | E1: 불량금액 | F1: =G97 -> 0
A2: 불량수량 | B2: =I97 -> 5 | L2: =SUBTOTAL(9,L6:L96) -> 5 | M2: =SUBTOTAL(9,M6:M96) -> 0 | N2: =SUBTOTAL(9,N6:N96) -> 0 | O2: =SUBTOTAL(9,O6:O96) -> 0 | P2: =SUBTOTAL(9,P6:P96) -> 0 | Q2: =SUBTOTAL(9,Q6:Q96) -> 0 | R2: =SUBTOTAL(9,R6:R96) -> 0 | S2: =SUBTOTAL(9,S6:S96) -> 0 | ... AL2: =SUBTOTAL(9,AL6:AL96) -> 5
A3: 불량율(ppm) | B3: =IF(ISERROR(B2/(B2+B1)*1000000),"",(B2/(B2+B1)*1000000)) -> 614.85489 | L3: =SUM(L6:L96) -> 5 | M3: =SUM(M6:M96) -> 0 | N3: =SUM(N6:N96) -> 0 | O3: =SUM(O6:O96) -> 0 | P3: =SUM(P6:P96) -> 0 | Q3: =SUM(Q6:Q96) -> 0 | R3: =SUM(R6:R96) -> 0 | S3: =SUM(S6:S96) -> 0 | ... AL3: =SUM(AL6:AL96) -> 5
A4: =AM97 -> OK | E4: 거래선 및 불량금액 | H4: 종합 | L4: 깨짐 | M4: 찍힘 | N4: CRACK | O4: 스크래치 | P4: 녹불량 | Q4: 초기가동 | R4: 편차수정 | S4: 중량불량 | T4: 설비Error | U4: Pellet누락 | V4: 낙물 | W4: 산화 | X4: 휨 | Y4: 눌림 | Z4: 분말소착 | AA4: 역싸이징 | AB4: 이물질소착 | AC4: 기포 | AD4: 윈도우 GO | AE4: 윈도우 NO | AF4: 조립불량 | AG4: 침투불량 | AH4: 치형뜯김 | AI4: 기타 | AJ4: 폐기 | AK4: 소재불량 | AL4: 합계 | AM4: 오기 유/무
A5: TM NO. | B5: CODE (ERP) | C5: 품 명 | D5: 차종 | E5: 거래선 | F5: 단가 | G5: 불량금액 (단가x수량) | H5: 생산수량 | I5: 불량수량 | J5: 불량율 (PPM)
A6: 1360-00 | B6: 10901 | C6: MOTOR PULLEY | I6: =SUM(L6:AK6) -> 0 | AL6: =SUM(L6:AK6) -> 0 | AM6: =IF(AL6=I6,"OK","NG") -> OK
A7: 1360-01 | B7: 15922 | C7: MOTOR PULLEY | I7: =SUM(L7:AK7) -> 0 | AL7: =SUM(L7:AK7) -> 0 | AM7: =IF(AL7=I7,"OK","NG") -> OK
A8: 1361-00 | B8: 10899 | C8: BALL NUT PULLEY | I8: =SUM(L8:AK8) -> 0 | AL8: =SUM(L8:AK8) -> 0 | AM8: =IF(AL8=I8,"OK","NG") -> OK
A9: 1361-01 | B9: 10897 | C9: BALL NUT PULLEY | I9: =SUM(L9:AK9) -> 0 | AL9: =SUM(L9:AK9) -> 0 | AM9: =IF(AL9=I9,"OK","NG") -> OK
A10: 1361-02 | B10: 18523 | C10: BALL NUT PULLEY | I10: =SUM(L10:AK10) -> 0 | AL10: =SUM(L10:AK10) -> 0 | AM10: =IF(AL10=I10,"OK","NG") -> OK
A11: 1361-50 | B11: 19445 | C11: BELT GUIDE | I11: =SUM(L11:AK11) -> 0 | AL11: =SUM(L11:AK11) -> 0 | AM11: =IF(AL11=I11,"OK","NG") -> OK
A12: 1464-00 | B12: 10315 | C12: PULLEY | I12: =SUM(L12:AK12) -> 0 | AL12: =SUM(L12:AK12) -> 0 | AM12: =IF(AL12=I12,"OK","NG") -> OK
A13: 1464-01 | B13: 14961 | C13: PULLEY | I13: =SUM(L13:AK13) -> 0 | AL13: =SUM(L13:AK13) -> 0 | AM13: =IF(AL13=I13,"OK","NG") -> OK
A14: 1510-00 | B14: 10254 | C14: PULLEY LARGE | I14: =SUM(L14:AK14) -> 0 | AL14: =SUM(L14:AK14) -> 0 | AM14: =IF(AL14=I14,"OK","NG") -> OK
A15: 1510-01 | B15: 11856 | C15: PULLEY LARGE | I15: =SUM(L15:AK15) -> 0 | AL15: =SUM(L15:AK15) -> 0 | AM15: =IF(AL15=I15,"OK","NG") -> OK
A16: 1510-02 | B16: 15003 | C16: PULLEY LARGE | I16: =SUM(L16:AK16) -> 0 | AL16: =SUM(L16:AK16) -> 0 | AM16: =IF(AL16=I16,"OK","NG") -> OK
A17: 1695-00 | B17: 15173 | C17: MOTOR PULLEY | I17: =SUM(L17:AK17) -> 0 | AL17: =SUM(L17:AK17) -> 0 | AM17: =IF(AL17=I17,"OK","NG") -> OK
... A36: 5012-00 | B36: 10135 | C36: CARRIER-INPUT | I36: =SUM(L36:AK36) -> 0 | AL36: =SUM(L36:AK36) -> 0 | AM36: =IF(AL36=I36,"OK","NG") -> OK
A37: 5013-00 | B37: 10133 | C37: CARRIER-REACTION | H37: =1220+324+1000 -> 2544 | I37: =SUM(L37:AK37) -> 0 | AL37: =SUM(L37:AK37) -> 0 | AM37: =IF(AL37=I37,"OK","NG") -> OK
A38: 5014-00 | B38: 10131 | C38: CARRIER-INPUT | I38: =SUM(L38:AK38) -> 0 | AL38: =SUM(L38:AK38) -> 0 | AM38: =IF(AL38=I38,"OK","NG") -> OK
A39: 5015-00 | B39: 10129 | C39: CARRIER - REACTION | H39: 870 | I39: =SUM(L39:AK39) -> 0 | AL39: =SUM(L39:AK39) -> 0 | AM39: =IF(AL39=I39,"OK","NG") -> OK
A40: 5016-00 | B40: 10127 | C40: CARRIER - INPUT | H40: 1860 | I40: =SUM(L40:AK40) -> 5 | L40: 5 | AL40: =SUM(L40:AK40) -> 5 | AM40: =IF(AL40=I40,"OK","NG") -> OK
A41: 5017-00 | B41: 14859 | C41: CARRIER-INPUT | I41: =SUM(L41:AK41) -> 0 | AL41: =SUM(L41:AK41) -> 0 | AM41: =IF(AL41=I41,"OK","NG") -> OK
A42: 5018-00 | B42: 15095 | C42: CARRIER-INPUT | I42: =SUM(L42:AK42) -> 0 | AL42: =SUM(L42:AK42) -> 0 | AM42: =IF(AL42=I42,"OK","NG") -> OK
A43: 6001-00 | B43: 10121 | C43: CARRIER PLANET | I43: =SUM(L43:AK43) -> 0 | AL43: =SUM(L43:AK43) -> 0 | AM43: =IF(AL43=I43,"OK","NG") -> OK
A44: 6002-00 | B44: 10120 | C44: CARRIER PLANET | I44: =SUM(L44:AK44) -> 0 | AL44: =SUM(L44:AK44) -> 0 | AM44: =IF(AL44=I44,"OK","NG") -> OK
A45: 6004-00 | B45: 13467 | C45: CARRIER PLANET MID | I45: =SUM(L45:AK45) -> 0 | AL45: =SUM(L45:AK45) -> 0 | AM45: =IF(AL45=I45,"OK","NG") -> OK
A46: 6004-01 | B46: 15948 | C46: CARRIER PLANET MID | I46: =SUM(L46:AK46) -> 0 | AL46: =SUM(L46:AK46) -> 0 | AM46: =IF(AL46=I46,"OK","NG") -> OK
A47: 6007-00 | B47: 13466 | C47: CARRIER PLANET MID | I47: =SUM(L47:AK47) -> 0 | AL47: =SUM(L47:AK47) -> 0 | AM47: =IF(AL47=I47,"OK","NG") -> OK
A48: 6007-01 | B48: 16598 | C48: CARRIER PLANET MID | I48: =SUM(L48:AK48) -> 0 | AL48: =SUM(L48:AK48) -> 0 | AM48: =IF(AL48=I48,"OK","NG") -> OK
A49: 6009-01 | B49: 11815 | C49: PRESSURE PLATE | I49: =SUM(L49:AK49) -> 0 | AL49: =SUM(L49:AK49) -> 0 | AM49: =IF(AL49=I49,"OK","NG") -> OK
A50: 6009-02 | B50: 11823 | C50: PRESSURE PLATE | I50: =SUM(L50:AK50) -> 0 | AL50: =SUM(L50:AK50) -> 0 | AM50: =IF(AL50=I50,"OK","NG") -> OK
A51: 6009-03 | B51: 11824 | C51: PRESSURE PLATE | I51: =SUM(L51:AK51) -> 0 | AL51: =SUM(L51:AK51) -> 0 | AM51: =IF(AL51=I51,"OK","NG") -> OK
A52: 6009-04 | B52: 11825 | C52: PRESSURE PLATE | I52: =SUM(L52:AK52) -> 0 | AL52: =SUM(L52:AK52) -> 0 | AM52: =IF(AL52=I52,"OK","NG") -> OK
... A63: 6019-00 | B63: 17107 | C63: HOUSING GUIDE RING | I63: =SUM(L63:AK63) -> 0 | AL63: =SUM(L63:AK63) -> 0 | AM63: =IF(AL63=I63,"OK","NG") -> OK
A64: 6020-00 | B64: 19269 | C64: CARRIER PALNET | H64: =753+2100 -> 2853 | I64: =SUM(L64:AK64) -> 0 | AL64: =SUM(L64:AK64) -> 0 | AM64: =IF(AL64=I64,"OK","NG") -> OK
A65: 1917-00 | B65: 18306 | C65: BODY | I65: =SUM(L65:AK65) -> 0 | AL65: =SUM(L65:AK65) -> 0 | AM65: =IF(AL65=I65,"OK","NG") -> OK
A66: 1914-00 | B66: 19834 | C66: MOTOR PULLEY | I66: =SUM(L66:AK66) -> 0 | AL66: =SUM(L66:AK66) -> 0 | AM66: =IF(AL66=I66,"OK","NG") -> OK
A67: 1987-00J | B67: 20277 | C67: BELT PULLEY | I67: =SUM(L67:AK67) -> 0 | AL67: =SUM(L67:AK67) -> 0 | AM67: =IF(AL67=I67,"OK","NG") -> OK
A68: 1986-00J | B68: 20269 | C68: BELT PULLEY | I68: =SUM(L68:AK68) -> 0 | AL68: =SUM(L68:AK68) -> 0 | AM68: =IF(AL68=I68,"OK","NG") -> OK
A69: 1581-00 | B69: 14023 | C69: 성형-BODY | I69: =SUM(L69:AK69) -> 0 | AL69: =SUM(L69:AK69) -> 0 | AM69: =IF(AL69=I69,"OK","NG") -> OK
A70: 2059-00 | B70: 20955 | C70: BELT PULLEY | I70: =SUM(L70:AK70) -> 0 | AL70: =SUM(L70:AK70) -> 0 | AM70: =IF(AL70=I70,"OK","NG") -> OK
A71: 6023-00AJ | B71: 21298 | C71: CARRIER PLANET MID | I71: =SUM(L71:AK71) -> 0 | AL71: =SUM(L71:AK71) -> 0 | AM71: =IF(AL71=I71,"OK","NG") -> OK
A72: 1361-03 | B72: 21809 | C72: BALL NUT PULLEY | I72: =SUM(L72:AK72) -> 0 | AL72: =SUM(L72:AK72) -> 0 | AM72: =IF(AL72=I72,"OK","NG") -> OK
A73: 6009-00 | B73: 11820 | C73: 성형-PRESSURE PLATE | I73: =SUM(L73:AK73) -> 0 | AL73: =SUM(L73:AK73) -> 0 | AM73: =IF(AL73=I73,"OK","NG") -> OK
A74: 1987-01J | B74: 21870 | C74: BELT PULLEY | I74: =SUM(L74:AK74) -> 0 | AL74: =SUM(L74:AK74) -> 0 | AM74: =IF(AL74=I74,"OK","NG") -> OK
A75: 2202-00 | B75: 22379 | C75: PULLEY | I75: =SUM(L75:AK75) -> 0 | AL75: =SUM(L75:AK75) -> 0 | AM75: =IF(AL75=I75,"OK","NG") -> OK
A76: 2206-00 | B76: 22886 | C76: 성형-BALL NUT PULLEY | I76: =SUM(L76:AK76) -> 0 | AL76: =SUM(L76:AK76) -> 0 | AM76: =IF(AL76=I76,"OK","NG") -> OK
A77: 1630-00 | B77: 13007 | C77: 성형-REB,RETAINER | I77: =SUM(L77:AK77) -> 0 | AL77: =SUM(L77:AK77) -> 0 | AM77: =IF(AL77=I77,"OK","NG") -> OK
I78: =SUM(L78:AK78) -> 0 | AL78: =SUM(L78:AK78) -> 0 | AM78: =IF(AL78=I78,"OK","NG") -> OK
I79: =SUM(L79:AK79) -> 0 | AL79: =SUM(L79:AK79) -> 0 | AM79: =IF(AL79=I79,"OK","NG") -> OK
I80: =SUM(L80:AK80) -> 0 | AL80: =SUM(L80:AK80) -> 0 | AM80: =IF(AL80=I80,"OK","NG") -> OK
I81: =SUM(L81:AK81) -> 0 | AL81: =SUM(L81:AK81) -> 0 | AM81: =IF(AL81=I81,"OK","NG") -> OK
I82: =SUM(L82:AK82) -> 0 | AL82: =SUM(L82:AK82) -> 0 | AM82: =IF(AL82=I82,"OK","NG") -> OK
I83: =SUM(L83:AK83) -> 0 | AL83: =SUM(L83:AK83) -> 0 | AM83: =IF(AL83=I83,"OK","NG") -> OK
I84: =SUM(L84:AK84) -> 0 | AL84: =SUM(L84:AK84) -> 0 | AM84: =IF(AL84=I84,"OK","NG") -> OK
I85: =SUM(L85:AK85) -> 0 | AL85: =SUM(L85:AK85) -> 0 | AM85: =IF(AL85=I85,"OK","NG") -> OK
I86: =SUM(L86:AK86) -> 0 | AL86: =SUM(L86:AK86) -> 0 | AM86: =IF(AL86=I86,"OK","NG") -> OK
I87: =SUM(L87:AK87) -> 0 | AL87: =SUM(L87:AK87) -> 0 | AM87: =IF(AL87=I87,"OK","NG") -> OK
I88: =SUM(L88:AK88) -> 0 | AL88: =SUM(L88:AK88) -> 0 | AM88: =IF(AL88=I88,"OK","NG") -> OK
I89: =SUM(L89:AK89) -> 0 | AL89: =SUM(L89:AK89) -> 0 | AM89: =IF(AL89=I89,"OK","NG") -> OK
... I96: =SUM(L96:AK96) -> 0 | AL96: =SUM(L96:AK96) -> 0 | AM96: =IF(AL96=I96,"OK","NG") -> OK
C97: 소계 SUBTOTAL(가로) | G97: =SUM(G6:G74) -> 0 | H97: =SUM(H6:H96) -> 8127 | I97: =SUM(I6:I96) -> 5 | J97: =SUM(J6:J74) -> 0 | L97: =SUM(L6:L96) -> 5 | M97: =SUM(M6:M96) -> 0 | N97: =SUM(N6:N96) -> 0 | O97: =SUM(O6:O96) -> 0 | P97: =SUM(P6:P96) -> 0 | Q97: =SUM(Q6:Q96) -> 0 | R97: =SUM(R6:R96) -> 0 | S97: =SUM(S6:S96) -> 0 | ... AL97: =SUM(AL6:AL96) -> 5 | AM97: =IF(AL97=SUM(I97),"OK","NG") -> OK

Sheet 5
A1: 생산수량 | B1: =H97 -> 0 | E1: 불량금액 | F1: =G97 -> 0
A2: 불량수량 | B2: =I97 -> 0 | L2: =SUBTOTAL(9,L6:L96) -> 0 | M2: =SUBTOTAL(9,M6:M96) -> 0 | N2: =SUBTOTAL(9,N6:N96) -> 0 | O2: =SUBTOTAL(9,O6:O96) -> 0 | P2: =SUBTOTAL(9,P6:P96) -> 0 | Q2: =SUBTOTAL(9,Q6:Q96) -> 0 | R2: =SUBTOTAL(9,R6:R96) -> 0 | S2: =SUBTOTAL(9,S6:S96) -> 0 | ... AL2: =SUBTOTAL(9,AL6:AL96) -> 0
A3: 불량율(ppm) | B3: =IF(ISERROR(B2/(B2+B1)*1000000),"",(B2/(B2+B1)*1000000)) | L3: =SUM(L6:L96) -> 0 | M3: =SUM(M6:M96) -> 0 | N3: =SUM(N6:N96) -> 0 | O3: =SUM(O6:O96) -> 0 | P3: =SUM(P6:P96) -> 0 | Q3: =SUM(Q6:Q96) -> 0 | R3: =SUM(R6:R96) -> 0 | S3: =SUM(S6:S96) -> 0 | ... AL3: =SUM(AL6:AL96) -> 0
A4: =AM97 -> OK | E4: 거래선 및 불량금액 | H4: 종합 | L4: 깨짐 | M4: 찍힘 | N4: CRACK | O4: 스크래치 | P4: 녹불량 | Q4: 초기가동 | R4: 편차수정 | S4: 중량불량 | T4: 설비Error | U4: Pellet누락 | V4: 낙물 | W4: 산화 | X4: 휨 | Y4: 눌림 | Z4: 분말소착 | AA4: 역싸이징 | AB4: 이물질소착 | AC4: 기포 | AD4: 윈도우 GO | AE4: 윈도우 NO | AF4: 조립불량 | AG4: 침투불량 | AH4: 치형뜯김 | AI4: 기타 | AJ4: 폐기 | AK4: 소재불량 | AL4: 합계 | AM4: 오기 유/무
A5: TM NO. | B5: CODE (ERP) | C5: 품 명 | D5: 차종 | E5: 거래선 | F5: 단가 | G5: 불량금액 (단가x수량) | H5: 생산수량 | I5: 불량수량 | J5: 불량율 (PPM)
A6: 1360-00 | B6: 10901 | C6: MOTOR PULLEY | I6: =SUM(L6:AK6) -> 0 | AL6: =SUM(L6:AK6) -> 0 | AM6: =IF(AL6=I6,"OK","NG") -> OK
A7: 1360-01 | B7: 15922 | C7: MOTOR PULLEY | I7: =SUM(L7:AK7) -> 0 | AL7: =SUM(L7:AK7) -> 0 | AM7: =IF(AL7=I7,"OK","NG") -> OK
A8: 1361-00 | B8: 10899 | C8: BALL NUT PULLEY | I8: =SUM(L8:AK8) -> 0 | AL8: =SUM(L8:AK8) -> 0 | AM8: =IF(AL8=I8,"OK","NG") -> OK
A9: 1361-01 | B9: 10897 | C9: BALL NUT PULLEY | I9: =SUM(L9:AK9) -> 0 | AL9: =SUM(L9:AK9) -> 0 | AM9: =IF(AL9=I9,"OK","NG") -> OK
A10: 1361-02 | B10: 18523 | C10: BALL NUT PULLEY | I10: =SUM(L10:AK10) -> 0 | AL10: =SUM(L10:AK10) -> 0 | AM10: =IF(AL10=I10,"OK","NG") -> OK
A11: 1361-50 | B11: 19445 | C11: BELT GUIDE | I11: =SUM(L11:AK11) -> 0 | AL11: =SUM(L11:AK11) -> 0 | AM11: =IF(AL11=I11,"OK","NG") -> OK
A12: 1464-00 | B12: 10315 | C12: PULLEY | I12: =SUM(L12:AK12) -> 0 | AL12: =SUM(L12:AK12) -> 0 | AM12: =IF(AL12=I12,"OK","NG") -> OK
A13: 1464-01 | B13: 14961 | C13: PULLEY | I13: =SUM(L13:AK13) -> 0 | AL13: =SUM(L13:AK13) -> 0 | AM13: =IF(AL13=I13,"OK","NG") -> OK
A14: 1510-00 | B14: 10254 | C14: PULLEY LARGE | I14: =SUM(L14:AK14) -> 0 | AL14: =SUM(L14:AK14) -> 0 | AM14: =IF(AL14=I14,"OK","NG") -> OK
A15: 1510-01 | B15: 11856 | C15: PULLEY LARGE | I15: =SUM(L15:AK15) -> 0 | AL15: =SUM(L15:AK15) -> 0 | AM15: =IF(AL15=I15,"OK","NG") -> OK
A16: 1510-02 | B16: 15003 | C16: PULLEY LARGE | I16: =SUM(L16:AK16) -> 0 | AL16: =SUM(L16:AK16) -> 0 | AM16: =IF(AL16=I16,"OK","NG") -> OK
A17: 1695-00 | B17: 15173 | C17: MOTOR PULLEY | I17: =SUM(L17:AK17) -> 0 | AL17: =SUM(L17:AK17) -> 0 | AM17: =IF(AL17=I17,"OK","NG") -> OK
... A77: 1630-00 | B77: 13007 | C77: 성형-REB,RETAINER | I77: =SUM(L77:AK77) -> 0 | AL77: =SUM(L77:AK77) -> 0 | AM77: =IF(AL77=I77,"OK","NG") -> OK
I78: =SUM(L78:AK78) -> 0 | AL78: =SUM(L78:AK78) -> 0 | AM78: =IF(AL78=I78,"OK","NG") -> OK
I79: =SUM(L79:AK79) -> 0 | AL79: =SUM(L79:AK79) -> 0 | AM79: =IF(AL79=I79,"OK","NG") -> OK
I80: =SUM(L80:AK80) -> 0 | AL80: =SUM(L80:AK80) -> 0 | AM80: =IF(AL80=I80,"OK","NG") -> OK
I81: =SUM(L81:AK81) -> 0 | AL81: =SUM(L81:AK81) -> 0 | AM81: =IF(AL81=I81,"OK","NG") -> OK
I82: =SUM(L82:AK82) -> 0 | AL82: =SUM(L82:AK82) -> 0 | AM82: =IF(AL82=I82,"OK","NG") -> OK
I83: =SUM(L83:AK83) -> 0 | AL83: =SUM(L83:AK83) -> 0 | AM83: =IF(AL83=I83,"OK","NG") -> OK
I84: =SUM(L84:AK84) -> 0 | AL84: =SUM(L84:AK84) -> 0 | AM84: =IF(AL84=I84,"OK","NG") -> OK
I85: =SUM(L85:AK85) -> 0 | AL85: =SUM(L85:AK85) -> 0 | AM85: =IF(AL85=I85,"OK","NG") -> OK
I86: =SUM(L86:AK86) -> 0 | AL86: =SUM(L86:AK86) -> 0 | AM86: =IF(AL86=I86,"OK","NG") -> OK
I87: =SUM(L87:AK87) -> 0 | AL87: =SUM(L87:AK87) -> 0 | AM87: =IF(AL87=I87,"OK","NG") -> OK
I88: =SUM(L88:AK88) -> 0 | AL88: =SUM(L88:AK88) -> 0 | AM88: =IF(AL88=I88,"OK","NG") -> OK
I89: =SUM(L89:AK89) -> 0 | AL89: =SUM(L89:AK89) -> 0 | AM89: =IF(AL89=I89,"OK","NG") -> OK
... I96: =SUM(L96:AK96) -> 0 | AL96: =SUM(L96:AK96) -> 0 | AM96: =IF(AL96=I96,"OK","NG") -> OK
C97: 소계 SUBTOTAL(가로) | G97: =SUM(G6:G74) -> 0 | H97: =SUM(H6:H96) -> 0 | I97: =SUM(I6:I96) -> 0 | J97: =SUM(J6:J74) -> 0 | L97: =SUM(L6:L96) -> 0 | M97: =SUM(M6:M96) -> 0 | N97: =SUM(N6:N96) -> 0 | O97: =SUM(O6:O96) -> 0 | P97: =SUM(P6:P96) -> 0 | Q97: =SUM(Q6:Q96) -> 0 | R97: =SUM(R6:R96) -> 0 | S97: =SUM(S6:S96) -> 0 | ... AL97: =SUM(AL6:AL96) -> 0 | AM97: =IF(AL97=SUM(I97),"OK","NG") -> OK

Sheet 6
A1: 생산수량 | B1: =H97 -> 38138 | E1: 불량금액 | F1: =G97 -> 0
A2: 불량수량 | B2: =I97 -> 20 | L2: =SUBTOTAL(9,L6:L96) -> 7 | M2: =SUBTOTAL(9,M6:M96) -> 0 | N2: =SUBTOTAL(9,N6:N96) -> 0 | O2: =SUBTOTAL(9,O6:O96) -> 0 | P2: =SUBTOTAL(9,P6:P96) -> 0 | Q2: =SUBTOTAL(9,Q6:Q96) -> 0 | R2: =SUBTOTAL(9,R6:R96) -> 0 | S2: =SUBTOTAL(9,S6:S96) -> 0 | ... AL2: =SUBTOTAL(9,AL6:AL96) -> 20
A3: 불량율(ppm) | B3: =IF(ISERROR(B2/(B2+B1)*1000000),"",(B2/(B2+B1)*1000000)) -> 524.13649 | L3: =SUM(L6:L96) -> 7 | M3: =SUM(M6:M96) -> 0 | N3: =SUM(N6:N96) -> 0 | O3: =SUM(O6:O96) -> 0 | P3: =SUM(P6:P96) -> 0 | Q3: =SUM(Q6:Q96) -> 0 | R3: =SUM(R6:R96) -> 0 | S3: =SUM(S6:S96) -> 0 | ... AL3: =SUM(AL6:AL96) -> 20
A4: =AM97 -> OK | E4: 거래선 및 불량금액 | H4: 종합 | L4: 깨짐 | M4: 찍힘 | N4: CRACK | O4: 스크래치 | P4: 녹불량 | Q4: 초기가동 | R4: 편차수정 | S4: 중량불량 | T4: 설비Error | U4: Pellet누락 | V4: 낙물 | W4: 산화 | X4: 휨 | Y4: 눌림 | Z4: 분말소착 | AA4: 역싸이징 | AB4: 이물질소착 | AC4: 기포 | AD4: 윈도우 GO | AE4: 윈도우 NO | AF4: 조립불량 | AG4: 침투불량 | AH4: 치형뜯김 | AI4: 기타 | AJ4: 폐기 | AK4: 소재불량 | AL4: 합계 | AM4: 오기 유/무
A5: TM NO. | B5: CODE (ERP) | C5: 품 명 | D5: 차종 | E5: 거래선 | F5: 단가 | G5: 불량금액 (단가x수량) | H5: 생산수량 | I5: 불량수량 | J5: 불량율 (PPM)
A6: 1360-00 | B6: 10901 | C6: MOTOR PULLEY | H6: 3600 | I6: =SUM(L6:AK6) -> 0 | AL6: =SUM(L6:AK6) -> 0 | AM6: =IF(AL6=I6,"OK","NG") -> OK
A7: 1360-01 | B7: 15922 | C7: MOTOR PULLEY | I7: =SUM(L7:AK7) -> 0 | AL7: =SUM(L7:AK7) -> 0 | AM7: =IF(AL7=I7,"OK","NG") -> OK
A8: 1361-00 | B8: 10899 | C8: BALL NUT PULLEY | I8: =SUM(L8:AK8) -> 0 | AL8: =SUM(L8:AK8) -> 0 | AM8: =IF(AL8=I8,"OK","NG") -> OK
A9: 1361-01 | B9: 10897 | C9: BALL NUT PULLEY | I9: =SUM(L9:AK9) -> 0 | AL9: =SUM(L9:AK9) -> 0 | AM9: =IF(AL9=I9,"OK","NG") -> OK
A10: 1361-02 | B10: 18523 | C10: BALL NUT PULLEY | I10: =SUM(L10:AK10) -> 0 | AL10: =SUM(L10:AK10) -> 0 | AM10: =IF(AL10=I10,"OK","NG") -> OK
A11: 1361-50 | B11: 19445 | C11: BELT GUIDE | I11: =SUM(L11:AK11) -> 0 | AL11: =SUM(L11:AK11) -> 0 | AM11: =IF(AL11=I11,"OK","NG") -> OK
A12: 1464-00 | B12: 10315 | C12: PULLEY | I12: =SUM(L12:AK12) -> 0 | AL12: =SUM(L12:AK12) -> 0 | AM12: =IF(AL12=I12,"OK","NG") -> OK
A13: 1464-01 | B13: 14961 | C13: PULLEY | I13: =SUM(L13:AK13) -> 0 | AL13: =SUM(L13:AK13) -> 0 | AM13: =IF(AL13=I13,"OK","NG") -> OK
A14: 1510-00 | B14: 10254 | C14: PULLEY LARGE | H14: =1560+1200 -> 2760 | I14: =SUM(L14:AK14) -> 2 | L14: 1 | Y14: 1 | AL14: =SUM(L14:AK14) -> 2 | AM14: =IF(AL14=I14,"OK","NG") -> OK
A15: 1510-01 | B15: 11856 | C15: PULLEY LARGE | H15: 240 | I15: =SUM(L15:AK15) -> 0 | AL15: =SUM(L15:AK15) -> 0 | AM15: =IF(AL15=I15,"OK","NG") -> OK
A16: 1510-02 | B16: 15003 | C16: PULLEY LARGE | I16: =SUM(L16:AK16) -> 0 | AL16: =SUM(L16:AK16) -> 0 | AM16: =IF(AL16=I16,"OK","NG") -> OK
A17: 1695-00 | B17: 15173 | C17: MOTOR PULLEY | I17: =SUM(L17:AK17) -> 0 | AL17: =SUM(L17:AK17) -> 0 | AM17: =IF(AL17=I17,"OK","NG") -> OK
A18: 1781-00 | B18: 15519 | C18: PULLEY | I18: =SUM(L18:AK18) -> 0 | AL18: =SUM(L18:AK18) -> 0 | AM18: =IF(AL18=I18,"OK","NG") -> OK
A19: 1785-00 | B19: 14988 | C19: MOTOR PULLEY | I19: =SUM(L19:AK19) -> 0 | AL19: =SUM(L19:AK19) -> 0 | AM19: =IF(AL19=I19,"OK","NG") -> OK
A20: 1786-00 | B20: 14983 | C20: BALL NUT PULLEY | I20: =SUM(L20:AK20) -> 0 | AL20: =SUM(L20:AK20) -> 0 | AM20: =IF(AL20=I20,"OK","NG") -> OK
A21: 1883-00 | B21: 16269 | C21: SLIDE | I21: =SUM(L21:AK21) -> 0 | AL21: =SUM(L21:AK21) -> 0 | AM21: =IF(AL21=I21,"OK","NG") -> OK
A22: 1903-00 | B22: 19059 | C22: PULLEY | I22: =SUM(L22:AK22) -> 0 | AL22: =SUM(L22:AK22) -> 0 | AM22: =IF(AL22=I22,"OK","NG") -> OK
A23: 1935-00 | B23: 18827 | C23: Driven Pulley | I23: =SUM(L23:AK23) -> 0 | AL23: =SUM(L23:AK23) -> 0 | AM23: =IF(AL23=I23,"OK","NG") -> OK
A24: 5001-00 | B24: 10163 | C24: PLATE 1-2-3-4 CLU BKG | H24: 1344 | I24: =SUM(L24:AK24) -> 4 | L24: 3 | AC24: 1 | AL24: =SUM(L24:AK24) -> 4 | AM24: =IF(AL24=I24,"OK","NG") -> OK
A25: 5002-00 | B25: 10160 | C25: PLATE 4-5-6 CLU BKG | I25: =SUM(L25:AK25) -> 0 | AL25: =SUM(L25:AK25) -> 0 | AM25: =IF(AL25=I25,"OK","NG") -> OK
A26: 5003-00 | B26: 10158 | C26: PLATE 3-5-REV CLU BKG | I26: =SUM(L26:AK26) -> 0 | AL26: =SUM(L26:AK26) -> 0 | AM26: =IF(AL26=I26,"OK","NG") -> OK
A27: 5003-01 | B27: 10155 | C27: PLATE 3-5-REV CLU BKG | I27: =SUM(L27:AK27) -> 0 | AL27: =SUM(L27:AK27) -> 0 | AM27: =IF(AL27=I27,"OK","NG") -> OK
A28: 5004-00 | B28: 10153 | C28: PLATE LOW & REV CLU BKG | H28: 624 | I28: =SUM(L28:AK28) -> 0 | AL28: =SUM(L28:AK28) -> 0 | AM28: =IF(AL28=I28,"OK","NG") -> OK
A29: 5005-00 | B29: 10151 | C29: WHEEL-A/TRANS INPUT SHF SPD SEN RELUCTOR | H29: =264+440 -> 704 | I29: =SUM(L29:AK29) -> 0 | AL29: =SUM(L29:AK29) -> 0 | AM29: =IF(AL29=I29,"OK","NG") -> OK
A30: 5006-00 | B30: 10149 | C30: PLATE 1-2-3-4 CLU BKG | H30: 1296 | I30: =SUM(L30:AK30) -> 5 | AI30: 5 | AL30: =SUM(L30:AK30) -> 5 | AM30: =IF(AL30=I30,"OK","NG") -> OK
A31: 5007-00 | B31: 10146 | C31: PLATE 4-5-6 CLU BKG | I31: =SUM(L31:AK31) -> 0 | AL31: =SUM(L31:AK31) -> 0 | AM31: =IF(AL31=I31,"OK","NG") -> OK
A32: 5008-00 | B32: 10143 | C32: PLATE 3-5-REV CLU BKG | I32: =SUM(L32:AK32) -> 0 | AL32: =SUM(L32:AK32) -> 0 | AM32: =IF(AL32=I32,"OK","NG") -> OK
A33: 5009-00 | B33: 10141 | C33: PLATE LOW & REV CLU BKG | H33: 1416 | I33: =SUM(L33:AK33) -> 1 | L33: 1 | AL33: =SUM(L33:AK33) -> 1 | AM33: =IF(AL33=I33,"OK","NG") -> OK
A34: 5010-00 | B34: 10139 | C34: WHEEL-A/TRANS INPUT SHF SPD | H34: =660+660+660 -> 1980 | I34: =SUM(L34:AK34) -> 2 | Y34: 2 | AL34: =SUM(L34:AK34) -> 2 | AM34: =IF(AL34=I34,"OK","NG") -> OK
A35: 5011-00 | B35: 10137 | C35: CARRIER-REACTION | I35: =SUM(L35:AK35) -> 0 | AL35: =SUM(L35:AK35) -> 0 | AM35: =IF(AL35=I35,"OK","NG") -> OK
A36: 5012-00 | B36: 10135 | C36: CARRIER-INPUT | I36: =SUM(L36:AK36) -> 0 | AL36: =SUM(L36:AK36) -> 0 | AM36: =IF(AL36=I36,"OK","NG") -> OK
A37: 5013-00 | B37: 10133 | C37: CARRIER-REACTION | I37: =SUM(L37:AK37) -> 0 | AL37: =SUM(L37:AK37) -> 0 | AM37: =IF(AL37=I37,"OK","NG") -> OK
A38: 5014-00 | B38: 10131 | C38: CARRIER-INPUT | H38: =400+600 -> 1000 | I38: =SUM(L38:AK38) -> 2 | L38: 1 | AC38: 1 | AL38: =SUM(L38:AK38) -> 2 | AM38: =IF(AL38=I38,"OK","NG") -> OK
A39: 5015-00 | B39: 10129 | C39: CARRIER - REACTION | H39: 750 | I39: =SUM(L39:AK39) -> 0 | AL39: =SUM(L39:AK39) -> 0 | AM39: =IF(AL39=I39,"OK","NG") -> OK
A40: 5016-00 | B40: 10127 | C40: CARRIER - INPUT | H40: =700+984+177+1400 -> 3261 | I40: =SUM(L40:AK40) -> 1 | L40: 1 | AL40: =SUM(L40:AK40) -> 1 | AM40: =IF(AL40=I40,"OK","NG") -> OK
A41: 5017-00 | B41: 14859 | C41: CARRIER-INPUT | I41: =SUM(L41:AK41) -> 0 | AL41: =SUM(L41:AK41) -> 0 | AM41: =IF(AL41=I41,"OK","NG") -> OK
A42: 5018-00 | B42: 15095 | C42: CARRIER-INPUT | I42: =SUM(L42:AK42) -> 0 | AL42: =SUM(L42:AK42) -> 0 | AM42: =IF(AL42=I42,"OK","NG") -> OK
A43: 6001-00 | B43: 10121 | C43: CARRIER PLANET | I43: =SUM(L43:AK43) -> 0 | AL43: =SUM(L43:AK43) -> 0 | AM43: =IF(AL43=I43,"OK","NG") -> OK
A44: 6002-00 | B44: 10120 | C44: CARRIER PLANET | I44: =SUM(L44:AK44) -> 0 | AL44: =SUM(L44:AK44) -> 0 | AM44: =IF(AL44=I44,"OK","NG") -> OK
A45: 6004-00 | B45: 13467 | C45: CARRIER PLANET MID | I45: =SUM(L45:AK45) -> 0 | AL45: =SUM(L45:AK45) -> 0 | AM45: =IF(AL45=I45,"OK","NG") -> OK
A46: 6004-01 | B46: 15948 | C46: CARRIER PLANET MID | I46: =SUM(L46:AK46) -> 0 | AL46: =SUM(L46:AK46) -> 0 | AM46: =IF(AL46=I46,"OK","NG") -> OK
A47: 6007-00 | B47: 13466 | C47: CARRIER PLANET MID | I47: =SUM(L47:AK47) -> 0 | AL47: =SUM(L47:AK47) -> 0 | AM47: =IF(AL47=I47,"OK","NG") -> OK
A48: 6007-01 | B48: 16598 | C48: CARRIER PLANET MID | H48: =503+915 -> 1418 | I48: =SUM(L48:AK48) -> 0 | AL48: =SUM(L48:AK48) -> 0 | AM48: =IF(AL48=I48,"OK","NG") -> OK
A49: 6009-01 | B49: 11815 | C49: PRESSURE PLATE | I49: =SUM(L49:AK49) -> 0 | AL49: =SUM(L49:AK49) -> 0 | AM49: =IF(AL49=I49,"OK","NG") -> OK
A50: 6009-02 | B50: 11823 | C50: PRESSURE PLATE | I50: =SUM(L50:AK50) -> 0 | AL50: =SUM(L50:AK50) -> 0 | AM50: =IF(AL50=I50,"OK","NG") -> OK
A51: 6009-03 | B51: 11824 | C51: PRESSURE PLATE | I51: =SUM(L51:AK51) -> 0 | AL51: =SUM(L51:AK51) -> 0 | AM51: =IF(AL51=I51,"OK","NG") -> OK
A52: 6009-04 | B52: 11825 | C52: PRESSURE PLATE | I52: =SUM(L52:AK52) -> 0 | AL52: =SUM(L52:AK52) -> 0 | AM52: =IF(AL52=I52,"OK","NG") -> OK
A53: 6009-05 | B53: 11826 | C53: PRESSURE PLATE | I53: =SUM(L53:AK53) -> 0 | AL53: =SUM(L53:AK53) -> 0 | AM53: =IF(AL53=I53,"OK","NG") -> OK
A54: 6009-06 | B54: 11827 | C54: PRESSURE PLATE | I54: =SUM(L54:AK54) -> 0 | AL54: =SUM(L54:AK54) -> 0 | AM54: =IF(AL54=I54,"OK","NG") -> OK
A55: 6009-07 | B55: 11828 | C55: PRESSURE PLATE | I55: =SUM(L55:AK55) -> 0 | AL55: =SUM(L55:AK55) -> 0 | AM55: =IF(AL55=I55,"OK","NG") -> OK
A56: 6009-08 | B56: 11830 | C56: PRESSURE PLATE | I56: =SUM(L56:AK56) -> 0 | AL56: =SUM(L56:AK56) -> 0 | AM56: =IF(AL56=I56,"OK","NG") -> OK
A57: 6009-09 | B57: 11832 | C57: PRESSURE PLATE | I57: =SUM(L57:AK57) -> 0 | AL57: =SUM(L57:AK57) -> 0 | AM57: =IF(AL57=I57,"OK","NG") -> OK
A58: 6009-10 | B58: 18839 | C58: PRESSURE PLATE | I58: =SUM(L58:AK58) -> 0 | AL58: =SUM(L58:AK58) -> 0 | AM58: =IF(AL58=I58,"OK","NG") -> OK
A59: 6009-11 | B59: 18840 | C59: PRESSURE PLATE | I59: =SUM(L59:AK59) -> 0 | AL59: =SUM(L59:AK59) -> 0 | AM59: =IF(AL59=I59,"OK","NG") -> OK
A60: 6011-00 | B60: 11380 | C60: CARRIER PALNET | H60: =1320+1120+1340 -> 3780 | I60: =SUM(L60:AK60) -> 0 | AL60: =SUM(L60:AK60) -> 0 | AM60: =IF(AL60=I60,"OK","NG") -> OK
A61: 6017-00 | B61: 18518 | C61: CARRIER PLANET MID | H61: =924+1008+1200 -> 3132 | I61: =SUM(L61:AK61) -> 1 | AI61: 1 | AL61: =SUM(L61:AK61) -> 1 | AM61: =IF(AL61=I61,"OK","NG") -> OK
A62: 6017-01 | B62: 16585 | C62: CARRIER PLANET MID | H62: =503+70+1150 -> 1723 | I62: =SUM(L62:AK62) -> 0 | AL62: =SUM(L62:AK62) -> 0 | AM62: =IF(AL62=I62,"OK","NG") -> OK
A63: 6019-00 | B63: 17107 | C63: HOUSING GUIDE RING | I63: =SUM(L63:AK63) -> 0 | AL63: =SUM(L63:AK63) -> 0 | AM63: =IF(AL63=I63,"OK","NG") -> OK
A64: 6020-00 | B64: 19269 | C64: CARRIER PALNET | I64: =SUM(L64:AK64) -> 0 | AL64: =SUM(L64:AK64) -> 0 | AM64: =IF(AL64=I64,"OK","NG") -> OK
A65: 1917-00 | B65: 18306 | C65: BODY | I65: =SUM(L65:AK65) -> 0 | AL65: =SUM(L65:AK65) -> 0 | AM65: =IF(AL65=I65,"OK","NG") -> OK
A66: 1914-00 | B66: 19834 | C66: MOTOR PULLEY | H66: 3240 | I66: =SUM(L66:AK66) -> 2 | Y66: 1 | AC66: 1 | AL66: =SUM(L66:AK66) -> 2 | AM66: =IF(AL66=I66,"OK","NG") -> OK
A67: 1987-00J | B67: 20277 | C67: BELT PULLEY | I67: =SUM(L67:AK67) -> 0 | AL67: =SUM(L67:AK67) -> 0 | AM67: =IF(AL67=I67,"OK","NG") -> OK
A68: 1986-00J | B68: 20269 | C68: BELT PULLEY | H68: =1250+1340+1480 -> 4070 | I68: =SUM(L68:AK68) -> 0 | AL68: =SUM(L68:AK68) -> 0 | AM68: =IF(AL68=I68,"OK","NG") -> OK
A69: 1581-00 | B69: 14023 | C69: 성형-BODY | I69: =SUM(L69:AK69) -> 0 | AL69: =SUM(L69:AK69) -> 0 | AM69: =IF(AL69=I69,"OK","NG") -> OK
A70: 2059-00 | B70: 20955 | C70: BELT PULLEY | H70: 1800 | I70: =SUM(L70:AK70) -> 0 | AL70: =SUM(L70:AK70) -> 0 | AM70: =IF(AL70=I70,"OK","NG") -> OK
A71: 6023-00AJ | B71: 21298 | C71: CARRIER PLANET MID | I71: =SUM(L71:AK71) -> 0 | AL71: =SUM(L71:AK71) -> 0 | AM71: =IF(AL71=I71,"OK","NG") -> OK
A72: 1361-03 | B72: 21809 | C72: BALL NUT PULLEY | I72: =SUM(L72:AK72) -> 0 | AL72: =SUM(L72:AK72) -> 0 | AM72: =IF(AL72=I72,"OK","NG") -> OK
A73: 6009-00 | B73: 11820 | C73: 성형-PRESSURE PLATE | I73: =SUM(L73:AK73) -> 0 | AL73: =SUM(L73:AK73) -> 0 | AM73: =IF(AL73=I73,"OK","NG") -> OK
A74: 1987-01J | B74: 21870 | C74: BELT PULLEY | I74: =SUM(L74:AK74) -> 0 | AL74: =SUM(L74:AK74) -> 0 | AM74: =IF(AL74=I74,"OK","NG") -> OK
A75: 2202-00 | B75: 22379 | C75: PULLEY | I75: =SUM(L75:AK75) -> 0 | AL75: =SUM(L75:AK75) -> 0 | AM75: =IF(AL75=I75,"OK","NG") -> OK
A76: 2206-00 | B76: 22886 | C76: 성형-BALL NUT PULLEY | I76: =SUM(L76:AK76) -> 0 | AL76: =SUM(L76:AK76) -> 0 | AM76: =IF(AL76=I76,"OK","NG") -> OK
A77: 1630-00 | B77: 13007 | C77: 성형-REB,RETAINER | I77: =SUM(L77:AK77) -> 0 | AL77: =SUM(L77:AK77) -> 0 | AM77: =IF(AL77=I77,"OK","NG") -> OK
I78: =SUM(L78:AK78) -> 0 | AL78: =SUM(L78:AK78) -> 0 | AM78: =IF(AL78=I78,"OK","NG") -> OK
I79: =SUM(L79:AK79) -> 0 | AL79: =SUM(L79:AK79) -> 0 | AM79: =IF(AL79=I79,"OK","NG") -> OK
I80: =SUM(L80:AK80) -> 0 | AL80: =SUM(L80:AK80) -> 0 | AM80: =IF(AL80=I80,"OK","NG") -> OK
I81: =SUM(L81:AK81) -> 0 | AL81: =SUM(L81:AK81) -> 0 | AM81: =IF(AL81=I81,"OK","NG") -> OK
I82: =SUM(L82:AK82) -> 0 | AL82: =SUM(L82:AK82) -> 0 | AM82: =IF(AL82=I82,"OK","NG") -> OK
I83: =SUM(L83:AK83) -> 0 | AL83: =SUM(L83:AK83) -> 0 | AM83: =IF(AL83=I83,"OK","NG") -> OK
I84: =SUM(L84:AK84) -> 0 | AL84: =SUM(L84:AK84) -> 0 | AM84: =IF(AL84=I84,"OK","NG") -> OK
I85: =SUM(L85:AK85) -> 0 | AL85: =SUM(L85:AK85) -> 0 | AM85: =IF(AL85=I85,"OK","NG") -> OK
I86: =SUM(L86:AK86) -> 0 | AL86: =SUM(L86:AK86) -> 0 | AM86: =IF(AL86=I86,"OK","NG") -> OK
I87: =SUM(L87:AK87) -> 0 | AL87: =SUM(L87:AK87) -> 0 | AM87: =IF(AL87=I87,"OK","NG") -> OK
I88: =SUM(L88:AK88) -> 0 | AL88: =SUM(L88:AK88) -> 0 | AM88: =IF(AL88=I88,"OK","NG") -> OK
I89: =SUM(L89:AK89) -> 0 | AL89: =SUM(L89:AK89) -> 0 | AM89: =IF(AL89=I89,"OK","NG") -> OK
... I96: =SUM(L96:AK96) -> 0 | AL96: =SUM(L96:AK96) -> 0 | AM96: =IF(AL96=I96,"OK","NG") -> OK
C97: 소계 SUBTOTAL(가로) | G97: =SUM(G6:G74) -> 0 | H97: =SUM(H6:H96) -> 38138 | I97: =SUM(I6:I96) -> 20 | J97: =SUM(J6:J74) -> 0 | L97: =SUM(L6:L96) -> 7 | M97: =SUM(M6:M96) -> 0 | N97: =SUM(N6:N96) -> 0 | O97: =SUM(O6:O96) -> 0 | P97: =SUM(P6:P96) -> 0 | Q97: =SUM(Q6:Q96) -> 0 | R97: =SUM(R6:R96) -> 0 | S97: =SUM(S6:S96) -> 0 | ... AL97: =SUM(AL6:AL96) -> 20 | AM97: =IF(AL97=SUM(I97),"OK","NG") -> OK

Sheet 7
A1: 생산수량 | B1: =H97 -> 28185 | E1: 불량금액 | F1: =G97 -> 0
A2: 불량수량 | B2: =I97 -> 24 | L2: =SUBTOTAL(9,L6:L96) -> 0 | M2: =SUBTOTAL(9,M6:M96) -> 9 | N2: =SUBTOTAL(9,N6:N96) -> 0 | O2: =SUBTOTAL(9,O6:O96) -> 0 | P2: =SUBTOTAL(9,P6:P96) -> 0 | Q2: =SUBTOTAL(9,Q6:Q96) -> 0 | R2: =SUBTOTAL(9,R6:R96) -> 0 | S2: =SUBTOTAL(9,S6:S96) -> 0 | ... AL2: =SUBTOTAL(9,AL6:AL96) -> 24
A3: 불량율(ppm) | B3: =IF(ISERROR(B2/(B2+B1)*1000000),"",(B2/(B2+B1)*1000000)) -> 850.7923 | L3: =SUM(L6:L96) -> 0 | M3: =SUM(M6:M96) -> 9 | N3: =SUM(N6:N96) -> 0 | O3: =SUM(O6:O96) -> 0 | P3: =SUM(P6:P96) -> 0 | Q3: =SUM(Q6:Q96) -> 0 | R3: =SUM(R6:R96) -> 0 | S3: =SUM(S6:S96) -> 0 | ... AL3: =SUM(AL6:AL96) -> 24
A4: =AM97 -> OK | E4: 거래선 및 불량금액 | H4: 종합 | L4: 깨짐 | M4: 찍힘 | N4: CRACK | O4: 스크래치 | P4: 녹불량 | Q4: 초기가동 | R4: 편차수정 | S4: 중량불량 | T4: 설비Error | U4: Pellet누락 | V4: 낙물 | W4: 산화 | X4: 휨 | Y4: 눌림 | Z4: 분말소착 | AA4: 역싸이징 | AB4: 이물질소착 | AC4: 기포 | AD4: 윈도우 GO | AE4: 윈도우 NO | AF4: 조립불량 | AG4: 침투불량 | AH4: 치형뜯김 | AI4: 기타 | AJ4: 폐기 | AK4: 소재불량 | AL4: 합계 | AM4: 오기 유/무
A5: TM NO. | B5: CODE (ERP) | C5: 품 명 | D5: 차종 | E5: 거래선 | F5: 단가 | G5: 불량금액 (단가x수량) | H5: 생산수량 | I5: 불량수량 | J5: 불량율 (PPM)
A6: 1360-00 | B6: 10901 | C6: MOTOR PULLEY | H6: =900+800+422+200+2190 -> 4512 | I6: =SUM(L6:AK6) -> 13 | M6: 8 | Y6: 3 | AC6: 2 | AL6: =SUM(L6:AK6) -> 13 | AM6: =IF(AL6=I6,"OK","NG") -> OK
A7: 1360-01 | B7: 15922 | C7: MOTOR PULLEY | I7: =SUM(L7:AK7) -> 0 | AL7: =SUM(L7:AK7) -> 0 | AM7: =IF(AL7=I7,"OK","NG") -> OK
A8: 1361-00 | B8: 10899 | C8: BALL NUT PULLEY | I8: =SUM(L8:AK8) -> 0 | AL8: =SUM(L8:AK8) -> 0 | AM8: =IF(AL8=I8,"OK","NG") -> OK
A9: 1361-01 | B9: 10897 | C9: BALL NUT PULLEY | H9: 100 | I9: =SUM(L9:AK9) -> 0 | AL9: =SUM(L9:AK9) -> 0 | AM9: =IF(AL9=I9,"OK","NG") -> OK
A10: 1361-02 | B10: 18523 | C10: BALL NUT PULLEY | I10: =SUM(L10:AK10) -> 0 | AL10: =SUM(L10:AK10) -> 0 | AM10: =IF(AL10=I10,"OK","NG") -> OK
A11: 1361-50 | B11: 19445 | C11: BELT GUIDE | I11: =SUM(L11:AK11) -> 0 | AL11: =SUM(L11:AK11) -> 0 | AM11: =IF(AL11=I11,"OK","NG") -> OK
A12: 1464-00 | B12: 10315 | C12: PULLEY | I12: =SUM(L12:AK12) -> 0 | AL12: =SUM(L12:AK12) -> 0 | AM12: =IF(AL12=I12,"OK","NG") -> OK
A13: 1464-01 | B13: 14961 | C13: PULLEY | I13: =SUM(L13:AK13) -> 0 | AL13: =SUM(L13:AK13) -> 0 | AM13: =IF(AL13=I13,"OK","NG") -> OK
A14: 1510-00 | B14: 10254 | C14: PULLEY LARGE | H14: 320 | I14: =SUM(L14:AK14) -> 0 | AL14: =SUM(L14:AK14) -> 0 | AM14: =IF(AL14=I14,"OK","NG") -> OK
A15: 1510-01 | B15: 11856 | C15: PULLEY LARGE | H15: 720 | I15: =SUM(L15:AK15) -> 0 | AL15: =SUM(L15:AK15) -> 0 | AM15: =IF(AL15=I15,"OK","NG") -> OK
A16: 1510-02 | B16: 15003 | C16: PULLEY LARGE | I16: =SUM(L16:AK16) -> 0 | AL16: =SUM(L16:AK16) -> 0 | AM16: =IF(AL16=I16,"OK","NG") -> OK
A17: 1695-00 | B17: 15173 | C17: MOTOR PULLEY | I17: =SUM(L17:AK17) -> 0 | AL17: =SUM(L17:AK17) -> 0 | AM17: =IF(AL17=I17,"OK","NG") -> OK
A18: 1781-00 | B18: 15519 | C18: PULLEY | I18: =SUM(L18:AK18) -> 0 | AL18: =SUM(L18:AK18) -> 0 | AM18: =IF(AL18=I18,"OK","NG") -> OK
A19: 1785-00 | B19: 14988 | C19: MOTOR PULLEY | H19: =1560+1680+1560 -> 4800 | I19: =SUM(L19:AK19) -> 0 | AL19: =SUM(L19:AK19) -> 0 | AM19: =IF(AL19=I19,"OK","NG") -> OK
A20: 1786-00 | B20: 14983 | C20: BALL NUT PULLEY | I20: =SUM(L20:AK20) -> 0 | AL20: =SUM(L20:AK20) -> 0 | AM20: =IF(AL20=I20,"OK","NG") -> OK
A21: 1883-00 | B21: 16269 | C21: SLIDE | I21: =SUM(L21:AK21) -> 0 | AL21: =SUM(L21:AK21) -> 0 | AM21: =IF(AL21=I21,"OK","NG") -> OK
A22: 1903-00 | B22: 19059 | C22: PULLEY | I22: =SUM(L22:AK22) -> 0 | AL22: =SUM(L22:AK22) -> 0 | AM22: =IF(AL22=I22,"OK","NG") -> OK
A23: 1935-00 | B23: 18827 | C23: Driven Pulley | I23: =SUM(L23:AK23) -> 0 | AL23: =SUM(L23:AK23) -> 0 | AM23: =IF(AL23=I23,"OK","NG") -> OK
A24: 5001-00 | B24: 10163 | C24: PLATE 1-2-3-4 CLU BKG | H24: 1344 | I24: =SUM(L24:AK24) -> 0 | AL24: =SUM(L24:AK24) -> 0 | AM24: =IF(AL24=I24,"OK","NG") -> OK
A25: 5002-00 | B25: 10160 | C25: PLATE 4-5-6 CLU BKG | I25: =SUM(L25:AK25) -> 0 | AL25: =SUM(L25:AK25) -> 0 | AM25: =IF(AL25=I25,"OK","NG") -> OK
A26: 5003-00 | B26: 10158 | C26: PLATE 3-5-REV CLU BKG | I26: =SUM(L26:AK26) -> 0 | AL26: =SUM(L26:AK26) -> 0 | AM26: =IF(AL26=I26,"OK","NG") -> OK
A27: 5003-01 | B27: 10155 | C27: PLATE 3-5-REV CLU BKG | I27: =SUM(L27:AK27) -> 0 | AL27: =SUM(L27:AK27) -> 0 | AM27: =IF(AL27=I27,"OK","NG") -> OK
A28: 5004-00 | B28: 10153 | C28: PLATE LOW & REV CLU BKG | H28: =624+624+312 -> 1560 | I28: =SUM(L28:AK28) -> 4 | M28: 1 | Z28: 3 | AL28: =SUM(L28:AK28) -> 4 | AM28: =IF(AL28=I28,"OK","NG") -> OK
A29: 5005-00 | B29: 10151 | C29: WHEEL-A/TRANS INPUT SHF SPD SEN RELUCTOR | H29: =924+418 -> 1342 | I29: =SUM(L29:AK29) -> 6 | AC29: 6 | AL29: =SUM(L29:AK29) -> 6 | AM29: =IF(AL29=I29,"OK","NG") -> OK
A30: 5006-00 | B30: 10149 | C30: PLATE 1-2-3-4 CLU BKG | H30: 1296 | I30: =SUM(L30:AK30) -> 0 | AL30: =SUM(L30:AK30) -> 0 | AM30: =IF(AL30=I30,"OK","NG") -> OK
A31: 5007-00 | B31: 10146 | C31: PLATE 4-5-6 CLU BKG | I31: =SUM(L31:AK31) -> 0 | AL31: =SUM(L31:AK31) -> 0 | AM31: =IF(AL31=I31,"OK","NG") -> OK
A32: 5008-00 | B32: 10143 | C32: PLATE 3-5-REV CLU BKG | I32: =SUM(L32:AK32) -> 0 | AL32: =SUM(L32:AK32) -> 0 | AM32: =IF(AL32=I32,"OK","NG") -> OK
A33: 5009-00 | B33: 10141 | C33: PLATE LOW & REV CLU BKG | I33: =SUM(L33:AK33) -> 0 | AL33: =SUM(L33:AK33) -> 0 | AM33: =IF(AL33=I33,"OK","NG") -> OK
A34: 5010-00 | B34: 10139 | C34: WHEEL-A/TRANS INPUT SHF SPD | H34: 1320 | I34: =SUM(L34:AK34) -> 0 | AL34: =SUM(L34:AK34) -> 0 | AM34: =IF(AL34=I34,"OK","NG") -> OK
A35: 5011-00 | B35: 10137 | C35: CARRIER-REACTION | I35: =SUM(L35:AK35) -> 0 | AL35: =SUM(L35:AK35) -> 0 | AM35: =IF(AL35=I35,"OK","NG") -> OK
A36: 5012-00 | B36: 10135 | C36: CARRIER-INPUT | I36: =SUM(L36:AK36) -> 0 | AL36: =SUM(L36:AK36) -> 0 | AM36: =IF(AL36=I36,"OK","NG") -> OK
A37: 5013-00 | B37: 10133 | C37: CARRIER-REACTION | I37: =SUM(L37:AK37) -> 0 | AL37: =SUM(L37:AK37) -> 0 | AM37: =IF(AL37=I37,"OK","NG") -> OK
A38: 5014-00 | B38: 10131 | C38: CARRIER-INPUT | I38: =SUM(L38:AK38) -> 0 | AL38: =SUM(L38:AK38) -> 0 | AM38: =IF(AL38=I38,"OK","NG") -> OK
A39: 5015-00 | B39: 10129 | C39: CARRIER - REACTION | I39: =SUM(L39:AK39) -> 0 | AL39: =SUM(L39:AK39) -> 0 | AM39: =IF(AL39=I39,"OK","NG") -> OK
A40: 5016-00 | B40: 10127 | C40: CARRIER - INPUT | H40: 1350 | I40: =SUM(L40:AK40) -> 0 | AL40: =SUM(L40:AK40) -> 0 | AM40: =IF(AL40=I40,"OK","NG") -> OK
A41: 5017-00 | B41: 14859 | C41: CARRIER-INPUT | I41: =SUM(L41:AK41) -> 0 | AL41: =SUM(L41:AK41) -> 0 | AM41: =IF(AL41=I41,"OK","NG") -> OK
A42: 5018-00 | B42: 15095 | C42: CARRIER-INPUT | I42: =SUM(L42:AK42) -> 0 | AL42: =SUM(L42:AK42) -> 0 | AM42: =IF(AL42=I42,"OK","NG") -> OK
A43: 6001-00 | B43: 10121 | C43: CARRIER PLANET | I43: =SUM(L43:AK43) -> 0 | AL43: =SUM(L43:AK43) -> 0 | AM43: =IF(AL43=I43,"OK","NG") -> OK
A44: 6002-00 | B44: 10120 | C44: CARRIER PLANET | I44: =SUM(L44:AK44) -> 0 | AL44: =SUM(L44:AK44) -> 0 | AM44: =IF(AL44=I44,"OK","NG") -> OK
A45: 6004-00 | B45: 13467 | C45: CARRIER PLANET MID | H45: 512 | I45: =SUM(L45:AK45) -> 0 | AL45: =SUM(L45:AK45) -> 0 | AM45: =IF(AL45=I45,"OK","NG") -> OK
A46: 6004-01 | B46: 15948 | C46: CARRIER PLANET MID | I46: =SUM(L46:AK46) -> 0 | AL46: =SUM(L46:AK46) -> 0 | AM46: =IF(AL46=I46,"OK","NG") -> OK
A47: 6007-00 | B47: 13466 | C47: CARRIER PLANET MID | I47: =SUM(L47:AK47) -> 0 | AL47: =SUM(L47:AK47) -> 0 | AM47: =IF(AL47=I47,"OK","NG") -> OK
A48: 6007-01 | B48: 16598 | C48: CARRIER PLANET MID | H48: =1006+690 -> 1696 | I48: =SUM(L48:AK48) -> 0 | AL48: =SUM(L48:AK48) -> 0 | AM48: =IF(AL48=I48,"OK","NG") -> OK
A49: 6009-01 | B49: 11815 | C49: PRESSURE PLATE | I49: =SUM(L49:AK49) -> 0 | AL49: =SUM(L49:AK49) -> 0 | AM49: =IF(AL49=I49,"OK","NG") -> OK
A50: 6009-02 | B50: 11823 | C50: PRESSURE PLATE | I50: =SUM(L50:AK50) -> 0 | AL50: =SUM(L50:AK50) -> 0 | AM50: =IF(AL50=I50,"OK","NG") -> OK
A51: 6009-03 | B51: 11824 | C51: PRESSURE PLATE | I51: =SUM(L51:AK51) -> 0 | AL51: =SUM(L51:AK51) -> 0 | AM51: =IF(AL51=I51,"OK","NG") -> OK
A52: 6009-04 | B52: 11825 | C52: PRESSURE PLATE | I52: =SUM(L52:AK52) -> 0 | AL52: =SUM(L52:AK52) -> 0 | AM52: =IF(AL52=I52,"OK","NG") -> OK
A53: 6009-05 | B53: 11826 | C53: PRESSURE PLATE | I53: =SUM(L53:AK53) -> 0 | AL53: =SUM(L53:AK53) -> 0 | AM53: =IF(AL53=I53,"OK","NG") -> OK
A54: 6009-06 | B54: 11827 | C54: PRESSURE PLATE | I54: =SUM(L54:AK54) -> 0 | AL54: =SUM(L54:AK54) -> 0 | AM54: =IF(AL54=I54,"OK","NG") -> OK
A55: 6009-07 | B55: 11828 | C55: PRESSURE PLATE | I55: =SUM(L55:AK55) -> 0 | AL55: =SUM(L55:AK55) -> 0 | AM55: =IF(AL55=I55,"OK","NG") -> OK
A56: 6009-08 | B56: 11830 | C56: PRESSURE PLATE | I56: =SUM(L56:AK56) -> 0 | AL56: =SUM(L56:AK56) -> 0 | AM56: =IF(AL56=I56,"OK","NG") -> OK
A57: 6009-09 | B57: 11832 | C57: PRESSURE PLATE | I57: =SUM(L57:AK57) -> 0 | AL57: =SUM(L57:AK57) -> 0 | AM57: =IF(AL57=I57,"OK","NG") -> OK
A58: 6009-10 | B58: 18839 | C58: PRESSURE PLATE | I58: =SUM(L58:AK58) -> 0 | AL58: =SUM(L58:AK58) -> 0 | AM58: =IF(AL58=I58,"OK","NG") -> OK
A59: 6009-11 | B59: 18840 | C59: PRESSURE PLATE | I59: =SUM(L59:AK59) -> 0 | AL59: =SUM(L59:AK59) -> 0 | AM59: =IF(AL59=I59,"OK","NG") -> OK
A60: 6011-00 | B60: 11380 | C60: CARRIER PALNET | H60: =1250+900+1000 -> 3150 | I60: =SUM(L60:AK60) -> 1 | AI60: 1 | AL60: =SUM(L60:AK60) -> 1 | AM60: =IF(AL60=I60,"OK","NG") -> OK
A61: 6017-00 | B61: 18518 | C61: CARRIER PLANET MID | H61: =144+280+265+200+261+830 -> 1980 | I61: =SUM(L61:AK61) -> 0 | AL61: =SUM(L61:AK61) -> 0 | AM61: =IF(AL61=I61,"OK","NG") -> OK
A62: 6017-01 | B62: 16585 | C62: CARRIER PLANET MID | H62: 300 | I62: =SUM(L62:AK62) -> 0 | AL62: =SUM(L62:AK62) -> 0 | AM62: =IF(AL62=I62,"OK","NG") -> OK
A63: 6019-00 | B63: 17107 | C63: HOUSING GUIDE RING | I63: =SUM(L63:AK63) -> 0 | AL63: =SUM(L63:AK63) -> 0 | AM63: =IF(AL63=I63,"OK","NG") -> OK
A64: 6020-00 | B64: 19269 | C64: CARRIER PALNET | I64: =SUM(L64:AK64) -> 0 | AL64: =SUM(L64:AK64) -> 0 | AM64: =IF(AL64=I64,"OK","NG") -> OK
A65: 1917-00 | B65: 18306 | C65: BODY | I65: =SUM(L65:AK65) -> 0 | AL65: =SUM(L65:AK65) -> 0 | AM65: =IF(AL65=I65,"OK","NG") -> OK
A66: 1914-00 | B66: 19834 | C66: MOTOR PULLEY | I66: =SUM(L66:AK66) -> 0 | AL66: =SUM(L66:AK66) -> 0 | AM66: =IF(AL66=I66,"OK","NG") -> OK
A67: 1987-00J | B67: 20277 | C67: BELT PULLEY | H67: 400 | I67: =SUM(L67:AK67) -> 0 | AL67: =SUM(L67:AK67) -> 0 | AM67: =IF(AL67=I67,"OK","NG") -> OK
A68: 1986-00J | B68: 20269 | C68: BELT PULLEY | H68: 281 | I68: =SUM(L68:AK68) -> 0 | AL68: =SUM(L68:AK68) -> 0 | AM68: =IF(AL68=I68,"OK","NG") -> OK
A69: 1581-00 | B69: 14023 | C69: 성형-BODY | I69: =SUM(L69:AK69) -> 0 | AL69: =SUM(L69:AK69) -> 0 | AM69: =IF(AL69=I69,"OK","NG") -> OK
A70: 2059-00 | B70: 20955 | C70: BELT PULLEY | I70: =SUM(L70:AK70) -> 0 | AL70: =SUM(L70:AK70) -> 0 | AM70: =IF(AL70=I70,"OK","NG") -> OK
A71: 6023-00AJ | B71: 21298 | C71: CARRIER PLANET MID | I71: =SUM(L71:AK71) -> 0 | AL71: =SUM(L71:AK71) -> 0 | AM71: =IF(AL71=I71,"OK","NG") -> OK
A72: 1361-03 | B72: 21809 | C72: BALL NUT PULLEY | I72: =SUM(L72:AK72) -> 0 | AL72: =SUM(L72:AK72) -> 0 | AM72: =IF(AL72=I72,"OK","NG") -> OK
A73: 6009-00 | B73: 11820 | C73: 성형-PRESSURE PLATE | I73: =SUM(L73:AK73) -> 0 | AL73: =SUM(L73:AK73) -> 0 | AM73: =IF(AL73=I73,"OK","NG") -> OK
A74: 1987-01J | B74: 21870 | C74: BELT PULLEY | H74: =800+402 -> 1202 | I74: =SUM(L74:AK74) -> 0 | AL74: =SUM(L74:AK74) -> 0 | AM74: =IF(AL74=I74,"OK","NG") -> OK
A75: 2202-00 | B75: 22379 | C75: PULLEY | I75: =SUM(L75:AK75) -> 0 | AL75: =SUM(L75:AK75) -> 0 | AM75: =IF(AL75=I75,"OK","NG") -> OK
A76: 2206-00 | B76: 22886 | C76: 성형-BALL NUT PULLEY | I76: =SUM(L76:AK76) -> 0 | AL76: =SUM(L76:AK76) -> 0 | AM76: =IF(AL76=I76,"OK","NG") -> OK
A77: 1630-00 | B77: 13007 | C77: 성형-REB,RETAINER | I77: =SUM(L77:AK77) -> 0 | AL77: =SUM(L77:AK77) -> 0 | AM77: =IF(AL77=I77,"OK","NG") -> OK
I78: =SUM(L78:AK78) -> 0 | AL78: =SUM(L78:AK78) -> 0 | AM78: =IF(AL78=I78,"OK","NG") -> OK
I79: =SUM(L79:AK79) -> 0 | AL79: =SUM(L79:AK79) -> 0 | AM79: =IF(AL79=I79,"OK","NG") -> OK
I80: =SUM(L80:AK80) -> 0 | AL80: =SUM(L80:AK80) -> 0 | AM80: =IF(AL80=I80,"OK","NG") -> OK
I81: =SUM(L81:AK81) -> 0 | AL81: =SUM(L81:AK81) -> 0 | AM81: =IF(AL81=I81,"OK","NG") -> OK
I82: =SUM(L82:AK82) -> 0 | AL82: =SUM(L82:AK82) -> 0 | AM82: =IF(AL82=I82,"OK","NG") -> OK
I83: =SUM(L83:AK83) -> 0 | AL83: =SUM(L83:AK83) -> 0 | AM83: =IF(AL83=I83,"OK","NG") -> OK
I84: =SUM(L84:AK84) -> 0 | AL84: =SUM(L84:AK84) -> 0 | AM84: =IF(AL84=I84,"OK","NG") -> OK
I85: =SUM(L85:AK85) -> 0 | AL85: =SUM(L85:AK85) -> 0 | AM85: =IF(AL85=I85,"OK","NG") -> OK
I86: =SUM(L86:AK86) -> 0 | AL86: =SUM(L86:AK86) -> 0 | AM86: =IF(AL86=I86,"OK","NG") -> OK
I87: =SUM(L87:AK87) -> 0 | AL87: =SUM(L87:AK87) -> 0 | AM87: =IF(AL87=I87,"OK","NG") -> OK
I88: =SUM(L88:AK88) -> 0 | AL88: =SUM(L88:AK88) -> 0 | AM88: =IF(AL88=I88,"OK","NG") -> OK
I89: =SUM(L89:AK89) -> 0 | AL89: =SUM(L89:AK89) -> 0 | AM89: =IF(AL89=I89,"OK","NG") -> OK
... I96: =SUM(L96:AK96) -> 0 | AL96: =SUM(L96:AK96) -> 0 | AM96: =IF(AL96=I96,"OK","NG") -> OK
C97: 소계 SUBTOTAL(가로) | G97: =SUM(G6:G74) -> 0 | H97: =SUM(H6:H96) -> 28185 | I97: =SUM(I6:I96) -> 24 | J97: =SUM(J6:J74) -> 0 | L97: =SUM(L6:L96) -> 0 | M97: =SUM(M6:M96) -> 9 | N97: =SUM(N6:N96) -> 0 | O97: =SUM(O6:O96) -> 0 | P97: =SUM(P6:P96) -> 0 | Q97: =SUM(Q6:Q96) -> 0 | R97: =SUM(R6:R96) -> 0 | S97: =SUM(S6:S96) -> 0 | ... AL97: =SUM(AL6:AL96) -> 24 | AM97: =IF(AL97=SUM(I97),"OK","NG") -> OK

Sheet 8
A1: 생산수량 | B1: =H97 -> 34294 | E1: 불량금액 | F1: =G97 -> 0
A2: 불량수량 | B2: =I97 -> 33 | L2: =SUBTOTAL(9,L6:L96) -> 7 | M2: =SUBTOTAL(9,M6:M96) -> 5 | N2: =SUBTOTAL(9,N6:N96) -> 0 | O2: =SUBTOTAL(9,O6:O96) -> 0 | P2: =SUBTOTAL(9,P6:P96) -> 1 | Q2: =SUBTOTAL(9,Q6:Q96) -> 0 | R2: =SUBTOTAL(9,R6:R96) -> 0 | S2: =SUBTOTAL(9,S6:S96) -> 0 | ... AL2: =SUBTOTAL(9,AL6:AL96) -> 33
A3: 불량율(ppm) | B3: =IF(ISERROR(B2/(B2+B1)*1000000),"",(B2/(B2+B1)*1000000)) -> 961.34238 | L3: =SUM(L6:L96) -> 7 | M3: =SUM(M6:M96) -> 5 | N3: =SUM(N6:N96) -> 0 | O3: =SUM(O6:O96) -> 0 | P3: =SUM(P6:P96) -> 1 | Q3: =SUM(Q6:Q96) -> 0 | R3: =SUM(R6:R96) -> 0 | S3: =SUM(S6:S96) -> 0 | ... AL3: =SUM(AL6:AL96) -> 33
A4: =AM97 -> OK | E4: 거래선 및 불량금액 | H4: 종합 | L4: 깨짐 | M4: 찍힘 | N4: CRACK | O4: 스크래치 | P4: 녹불량 | Q4: 초기가동 | R4: 편차수정 | S4: 중량불량 | T4: 설비Error | U4: Pellet누락 | V4: 낙물 | W4: 산화 | X4: 휨 | Y4: 눌림 | Z4: 분말소착 | AA4: 역싸이징 | AB4: 이물질소착 | AC4: 기포 | AD4: 윈도우 GO | AE4: 윈도우 NO | AF4: 조립불량 | AG4: 침투불량 | AH4: 치형뜯김 | AI4: 기타 | AJ4: 폐기 | AK4: 소재불량 | AL4: 합계 | AM4: 오기 유/무
A5: TM NO. | B5: CODE (ERP) | C5: 품 명 | D5: 차종 | E5: 거래선 | F5: 단가 | G5: 불량금액 (단가x수량) | H5: 생산수량 | I5: 불량수량 | J5: 불량율 (PPM)
A6: 1360-00 | B6: 10901 | C6: MOTOR PULLEY | H6: 1440 | I6: =SUM(L6:AK6) -> 7 | L6: 1 | M6: 1 | AC6: 5 | AL6: =SUM(L6:AK6) -> 7 | AM6: =IF(AL6=I6,"OK","NG") -> OK
A7: 1360-01 | B7: 15922 | C7: MOTOR PULLEY | I7: =SUM(L7:AK7) -> 0 | AL7: =SUM(L7:AK7) -> 0 | AM7: =IF(AL7=I7,"OK","NG") -> OK
A8: 1361-00 | B8: 10899 | C8: BALL NUT PULLEY | I8: =SUM(L8:AK8) -> 0 | AL8: =SUM(L8:AK8) -> 0 | AM8: =IF(AL8=I8,"OK","NG") -> OK
A9: 1361-01 | B9: 10897 | C9: BALL NUT PULLEY | H9: 900 | I9: =SUM(L9:AK9) -> 0 | AL9: =SUM(L9:AK9) -> 0 | AM9: =IF(AL9=I9,"OK","NG") -> OK
A10: 1361-02 | B10: 18523 | C10: BALL NUT PULLEY | I10: =SUM(L10:AK10) -> 0 | AL10: =SUM(L10:AK10) -> 0 | AM10: =IF(AL10=I10,"OK","NG") -> OK
A11: 1361-50 | B11: 19445 | C11: BELT GUIDE | I11: =SUM(L11:AK11) -> 0 | AL11: =SUM(L11:AK11) -> 0 | AM11: =IF(AL11=I11,"OK","NG") -> OK
A12: 1464-00 | B12: 10315 | C12: PULLEY | I12: =SUM(L12:AK12) -> 0 | AL12: =SUM(L12:AK12) -> 0 | AM12: =IF(AL12=I12,"OK","NG") -> OK
A13: 1464-01 | B13: 14961 | C13: PULLEY | I13: =SUM(L13:AK13) -> 0 | AL13: =SUM(L13:AK13) -> 0 | AM13: =IF(AL13=I13,"OK","NG") -> OK
A14: 1510-00 | B14: 10254 | C14: PULLEY LARGE | I14: =SUM(L14:AK14) -> 0 | AL14: =SUM(L14:AK14) -> 0 | AM14: =IF(AL14=I14,"OK","NG") -> OK
A15: 1510-01 | B15: 11856 | C15: PULLEY LARGE | I15: =SUM(L15:AK15) -> 0 | AL15: =SUM(L15:AK15) -> 0 | AM15: =IF(AL15=I15,"OK","NG") -> OK
A16: 1510-02 | B16: 15003 | C16: PULLEY LARGE | I16: =SUM(L16:AK16) -> 0 | AL16: =SUM(L16:AK16) -> 0 | AM16: =IF(AL16=I16,"OK","NG") -> OK
A17: 1695-00 | B17: 15173 | C17: MOTOR PULLEY | I17: =SUM(L17:AK17) -> 0 | AL17: =SUM(L17:AK17) -> 0 | AM17: =IF(AL17=I17,"OK","NG") -> OK
A18: 1781-00 | B18: 15519 | C18: PULLEY | H18: =2160+470+637 -> 3267 | I18: =SUM(L18:AK18) -> 0 | AL18: =SUM(L18:AK18) -> 0 | AM18: =IF(AL18=I18,"OK","NG") -> OK
A19: 1785-00 | B19: 14988 | C19: MOTOR PULLEY | H19: 2520 | I19: =SUM(L19:AK19) -> 0 | AL19: =SUM(L19:AK19) -> 0 | AM19: =IF(AL19=I19,"OK","NG") -> OK
A20: 1786-00 | B20: 14983 | C20: BALL NUT PULLEY | I20: =SUM(L20:AK20) -> 0 | AL20: =SUM(L20:AK20) -> 0 | AM20: =IF(AL20=I20,"OK","NG") -> OK
A21: 1883-00 | B21: 16269 | C21: SLIDE | I21: =SUM(L21:AK21) -> 0 | AL21: =SUM(L21:AK21) -> 0 | AM21: =IF(AL21=I21,"OK","NG") -> OK
A22: 1903-00 | B22: 19059 | C22: PULLEY | I22: =SUM(L22:AK22) -> 0 | AL22: =SUM(L22:AK22) -> 0 | AM22: =IF(AL22=I22,"OK","NG") -> OK
A23: 1935-00 | B23: 18827 | C23: Driven Pulley | I23: =SUM(L23:AK23) -> 0 | AL23: =SUM(L23:AK23) -> 0 | AM23: =IF(AL23=I23,"OK","NG") -> OK
A24: 5001-00 | B24: 10163 | C24: PLATE 1-2-3-4 CLU BKG | H24: 1344 | I24: =SUM(L24:AK24) -> 0 | AL24: =SUM(L24:AK24) -> 0 | AM24: =IF(AL24=I24,"OK","NG") -> OK
A25: 5002-00 | B25: 10160 | C25: PLATE 4-5-6 CLU BKG | I25: =SUM(L25:AK25) -> 0 | AL25: =SUM(L25:AK25) -> 0 | AM25: =IF(AL25=I25,"OK","NG") -> OK
A26: 5003-00 | B26: 10158 | C26: PLATE 3-5-REV CLU BKG | I26: =SUM(L26:AK26) -> 0 | AL26: =SUM(L26:AK26) -> 0 | AM26: =IF(AL26=I26,"OK","NG") -> OK
A27: 5003-01 | B27: 10155 | C27: PLATE 3-5-REV CLU BKG | I27: =SUM(L27:AK27) -> 0 | AL27: =SUM(L27:AK27) -> 0 | AM27: =IF(AL27=I27,"OK","NG") -> OK
A28: 5004-00 | B28: 10153 | C28: PLATE LOW & REV CLU BKG | H28: 2184 | I28: =SUM(L28:AK28) -> 1 | AC28: 1 | AL28: =SUM(L28:AK28) -> 1 | AM28: =IF(AL28=I28,"OK","NG") -> OK
A29: 5005-00 | B29: 10151 | C29: WHEEL-A/TRANS INPUT SHF SPD SEN RELUCTOR | H29: 1320 | I29: =SUM(L29:AK29) -> 1 | L29: 1 | AL29: =SUM(L29:AK29) -> 1 | AM29: =IF(AL29=I29,"OK","NG") -> OK
A30: 5006-00 | B30: 10149 | C30: PLATE 1-2-3-4 CLU BKG | H30: =648+684 -> 1332 | I30: =SUM(L30:AK30) -> 3 | L30: 2 | AI30: 1 | AL30: =SUM(L30:AK30) -> 3 | AM30: =IF(AL30=I30,"OK","NG") -> OK
A31: 5007-00 | B31: 10146 | C31: PLATE 4-5-6 CLU BKG | I31: =SUM(L31:AK31) -> 0 | AL31: =SUM(L31:AK31) -> 0 | AM31: =IF(AL31=I31,"OK","NG") -> OK
A32: 5008-00 | B32: 10143 | C32: PLATE 3-5-REV CLU BKG | I32: =SUM(L32:AK32) -> 0 | AL32: =SUM(L32:AK32) -> 0 | AM32: =IF(AL32=I32,"OK","NG") -> OK
A33: 5009-00 | B33: 10141 | C33: PLATE LOW & REV CLU BKG | H33: 1296 | I33: =SUM(L33:AK33) -> 4 | L33: 2 | P33: 1 | Y33: 1 | AL33: =SUM(L33:AK33) -> 4 | AM33: =IF(AL33=I33,"OK","NG") -> OK
A34: 5010-00 | B34: 10139 | C34: WHEEL-A/TRANS INPUT SHF SPD | H34: 1320 | I34: =SUM(L34:AK34) -> 2 | L34: 1 | AC34: 1 | AL34: =SUM(L34:AK34) -> 2 | AM34: =IF(AL34=I34,"OK","NG") -> OK
A35: 5011-00 | B35: 10137 | C35: CARRIER-REACTION | I35: =SUM(L35:AK35) -> 0 | AL35: =SUM(L35:AK35) -> 0 | AM35: =IF(AL35=I35,"OK","NG") -> OK
A36: 5012-00 | B36: 10135 | C36: CARRIER-INPUT | I36: =SUM(L36:AK36) -> 0 | AL36: =SUM(L36:AK36) -> 0 | AM36: =IF(AL36=I36,"OK","NG") -> OK
A37: 5013-00 | B37: 10133 | C37: CARRIER-REACTION | H37: =850+554+550 -> 1954 | I37: =SUM(L37:AK37) -> 1 | AC37: 1 | AL37: =SUM(L37:AK37) -> 1 | AM37: =IF(AL37=I37,"OK","NG") -> OK
A38: 5014-00 | B38: 10131 | C38: CARRIER-INPUT | H38: 1350 | I38: =SUM(L38:AK38) -> 0 | AL38: =SUM(L38:AK38) -> 0 | AM38: =IF(AL38=I38,"OK","NG") -> OK
A39: 5015-00 | B39: 10129 | C39: CARRIER - REACTION | H39: 100 | I39: =SUM(L39:AK39) -> 0 | AL39: =SUM(L39:AK39) -> 0 | AM39: =IF(AL39=I39,"OK","NG") -> OK
A40: 5016-00 | B40: 10127 | C40: CARRIER - INPUT | H40: 250 | I40: =SUM(L40:AK40) -> 0 | AL40: =SUM(L40:AK40) -> 0 | AM40: =IF(AL40=I40,"OK","NG") -> OK
A41: 5017-00 | B41: 14859 | C41: CARRIER-INPUT | I41: =SUM(L41:AK41) -> 0 | AL41: =SUM(L41:AK41) -> 0 | AM41: =IF(AL41=I41,"OK","NG") -> OK
A42: 5018-00 | B42: 15095 | C42: CARRIER-INPUT | I42: =SUM(L42:AK42) -> 0 | AL42: =SUM(L42:AK42) -> 0 | AM42: =IF(AL42=I42,"OK","NG") -> OK
A43: 6001-00 | B43: 10121 | C43: CARRIER PLANET | I43: =SUM(L43:AK43) -> 0 | AL43: =SUM(L43:AK43) -> 0 | AM43: =IF(AL43=I43,"OK","NG") -> OK
A44: 6002-00 | B44: 10120 | C44: CARRIER PLANET | I44: =SUM(L44:AK44) -> 0 | AL44: =SUM(L44:AK44) -> 0 | AM44: =IF(AL44=I44,"OK","NG") -> OK
A45: 6004-00 | B45: 13467 | C45: CARRIER PLANET MID | H45: =1000+1080 -> 2080 | I45: =SUM(L45:AK45) -> 0 | AL45: =SUM(L45:AK45) -> 0 | AM45: =IF(AL45=I45,"OK","NG") -> OK
A46: 6004-01 | B46: 15948 | C46: CARRIER PLANET MID | I46: =SUM(L46:AK46) -> 0 | AL46: =SUM(L46:AK46) -> 0 | AM46: =IF(AL46=I46,"OK","NG") -> OK
A47: 6007-00 | B47: 13466 | C47: CARRIER PLANET MID | I47: =SUM(L47:AK47) -> 0 | AL47: =SUM(L47:AK47) -> 0 | AM47: =IF(AL47=I47,"OK","NG") -> OK
A48: 6007-01 | B48: 16598 | C48: CARRIER PLANET MID | H48: 305 | I48: =SUM(L48:AK48) -> 0 | AL48: =SUM(L48:AK48) -> 0 | AM48: =IF(AL48=I48,"OK","NG") -> OK
A49: 6009-01 | B49: 11815 | C49: PRESSURE PLATE | I49: =SUM(L49:AK49) -> 0 | AL49: =SUM(L49:AK49) -> 0 | AM49: =IF(AL49=I49,"OK","NG") -> OK
A50: 6009-02 | B50: 11823 | C50: PRESSURE PLATE | I50: =SUM(L50:AK50) -> 0 | AL50: =SUM(L50:AK50) -> 0 | AM50: =IF(AL50=I50,"OK","NG") -> OK
A51: 6009-03 | B51: 11824 | C51: PRESSURE PLATE | I51: =SUM(L51:AK51) -> 0 | AL51: =SUM(L51:AK51) -> 0 | AM51: =IF(AL51=I51,"OK","NG") -> OK
A52: 6009-04 | B52: 11825 | C52: PRESSURE PLATE | I52: =SUM(L52:AK52) -> 0 | AL52: =SUM(L52:AK52) -> 0 | AM52: =IF(AL52=I52,"OK","NG") -> OK
A53: 6009-05 | B53: 11826 | C53: PRESSURE PLATE | I53: =SUM(L53:AK53) -> 0 | AL53: =SUM(L53:AK53) -> 0 | AM53: =IF(AL53=I53,"OK","NG") -> OK
A54: 6009-06 | B54: 11827 | C54: PRESSURE PLATE | I54: =SUM(L54:AK54) -> 0 | AL54: =SUM(L54:AK54) -> 0 | AM54: =IF(AL54=I54,"OK","NG") -> OK
A55: 6009-07 | B55: 11828 | C55: PRESSURE PLATE | I55: =SUM(L55:AK55) -> 0 | AL55: =SUM(L55:AK55) -> 0 | AM55: =IF(AL55=I55,"OK","NG") -> OK
A56: 6009-08 | B56: 11830 | C56: PRESSURE PLATE | I56: =SUM(L56:AK56) -> 0 | AL56: =SUM(L56:AK56) -> 0 | AM56: =IF(AL56=I56,"OK","NG") -> OK
A57: 6009-09 | B57: 11832 | C57: PRESSURE PLATE | I57: =SUM(L57:AK57) -> 0 | AL57: =SUM(L57:AK57) -> 0 | AM57: =IF(AL57=I57,"OK","NG") -> OK
A58: 6009-10 | B58: 18839 | C58: PRESSURE PLATE | I58: =SUM(L58:AK58) -> 0 | AL58: =SUM(L58:AK58) -> 0 | AM58: =IF(AL58=I58,"OK","NG") -> OK
A59: 6009-11 | B59: 18840 | C59: PRESSURE PLATE | I59: =SUM(L59:AK59) -> 0 | AL59: =SUM(L59:AK59) -> 0 | AM59: =IF(AL59=I59,"OK","NG") -> OK
A60: 6011-00 | B60: 11380 | C60: CARRIER PALNET | H60: =1330+1010 -> 2340 | I60: =SUM(L60:AK60) -> 0 | AL60: =SUM(L60:AK60) -> 0 | AM60: =IF(AL60=I60,"OK","NG") -> OK
A61: 6017-00 | B61: 18518 | C61: CARRIER PLANET MID | H61: 896 | I61: =SUM(L61:AK61) -> 0 | AL61: =SUM(L61:AK61) -> 0 | AM61: =IF(AL61=I61,"OK","NG") -> OK
A62: 6017-01 | B62: 16585 | C62: CARRIER PLANET MID | H62: =800+1076 -> 1876 | I62: =SUM(L62:AK62) -> 0 | AL62: =SUM(L62:AK62) -> 0 | AM62: =IF(AL62=I62,"OK","NG") -> OK
A63: 6019-00 | B63: 17107 | C63: HOUSING GUIDE RING | I63: =SUM(L63:AK63) -> 0 | AL63: =SUM(L63:AK63) -> 0 | AM63: =IF(AL63=I63,"OK","NG") -> OK
A64: 6020-00 | B64: 19269 | C64: CARRIER PALNET | I64: =SUM(L64:AK64) -> 0 | AL64: =SUM(L64:AK64) -> 0 | AM64: =IF(AL64=I64,"OK","NG") -> OK
A65: 1917-00 | B65: 18306 | C65: BODY | I65: =SUM(L65:AK65) -> 0 | AL65: =SUM(L65:AK65) -> 0 | AM65: =IF(AL65=I65,"OK","NG") -> OK
A66: 1914-00 | B66: 19834 | C66: MOTOR PULLEY | H66: =1200+1920 -> 3120 | I66: =SUM(L66:AK66) -> 14 | M66: 4 | Y66: 2 | AC66: 8 | AL66: =SUM(L66:AK66) -> 14 | AM66: =IF(AL66=I66,"OK","NG") -> OK
A67: 1987-00J | B67: 20277 | C67: BELT PULLEY | I67: =SUM(L67:AK67) -> 0 | AL67: =SUM(L67:AK67) -> 0 | AM67: =IF(AL67=I67,"OK","NG") -> OK
A68: 1986-00J | B68: 20269 | C68: BELT PULLEY | I68: =SUM(L68:AK68) -> 0 | AL68: =SUM(L68:AK68) -> 0 | AM68: =IF(AL68=I68,"OK","NG") -> OK
A69: 1581-00 | B69: 14023 | C69: 성형-BODY | I69: =SUM(L69:AK69) -> 0 | AL69: =SUM(L69:AK69) -> 0 | AM69: =IF(AL69=I69,"OK","NG") -> OK
A70: 2059-00 | B70: 20955 | C70: BELT PULLEY | I70: =SUM(L70:AK70) -> 0 | AL70: =SUM(L70:AK70) -> 0 | AM70: =IF(AL70=I70,"OK","NG") -> OK
A71: 6023-00AJ | B71: 21298 | C71: CARRIER PLANET MID | I71: =SUM(L71:AK71) -> 0 | AL71: =SUM(L71:AK71) -> 0 | AM71: =IF(AL71=I71,"OK","NG") -> OK
A72: 1361-03 | B72: 21809 | C72: BALL NUT PULLEY | I72: =SUM(L72:AK72) -> 0 | AL72: =SUM(L72:AK72) -> 0 | AM72: =IF(AL72=I72,"OK","NG") -> OK
A73: 6009-00 | B73: 11820 | C73: 성형-PRESSURE PLATE | I73: =SUM(L73:AK73) -> 0 | AL73: =SUM(L73:AK73) -> 0 | AM73: =IF(AL73=I73,"OK","NG") -> OK
A74: 1987-01J | B74: 21870 | C74: BELT PULLEY | I74: =SUM(L74:AK74) -> 0 | AL74: =SUM(L74:AK74) -> 0 | AM74: =IF(AL74=I74,"OK","NG") -> OK
A75: 2202-00 | B75: 22379 | C75: PULLEY | I75: =SUM(L75:AK75) -> 0 | AL75: =SUM(L75:AK75) -> 0 | AM75: =IF(AL75=I75,"OK","NG") -> OK
A76: 2206-00 | B76: 22886 | C76: 성형-BALL NUT PULLEY | H76: =1300+1800 -> 3100 | I76: =SUM(L76:AK76) -> 0 | AL76: =SUM(L76:AK76) -> 0 | AM76: =IF(AL76=I76,"OK","NG") -> OK
A77: 1630-00 | B77: 13007 | C77: 성형-REB,RETAINER | I77: =SUM(L77:AK77) -> 0 | AL77: =SUM(L77:AK77) -> 0 | AM77: =IF(AL77=I77,"OK","NG") -> OK
I78: =SUM(L78:AK78) -> 0 | AL78: =SUM(L78:AK78) -> 0 | AM78: =IF(AL78=I78,"OK","NG") -> OK
I79: =SUM(L79:AK79) -> 0 | AL79: =SUM(L79:AK79) -> 0 | AM79: =IF(AL79=I79,"OK","NG") -> OK
I80: =SUM(L80:AK80) -> 0 | AL80: =SUM(L80:AK80) -> 0 | AM80: =IF(AL80=I80,"OK","NG") -> OK
I81: =SUM(L81:AK81) -> 0 | AL81: =SUM(L81:AK81) -> 0 | AM81: =IF(AL81=I81,"OK","NG") -> OK
I82: =SUM(L82:AK82) -> 0 | AL82: =SUM(L82:AK82) -> 0 | AM82: =IF(AL82=I82,"OK","NG") -> OK
I83: =SUM(L83:AK83) -> 0 | AL83: =SUM(L83:AK83) -> 0 | AM83: =IF(AL83=I83,"OK","NG") -> OK
I84: =SUM(L84:AK84) -> 0 | AL84: =SUM(L84:AK84) -> 0 | AM84: =IF(AL84=I84,"OK","NG") -> OK
I85: =SUM(L85:AK85) -> 0 | AL85: =SUM(L85:AK85) -> 0 | AM85: =IF(AL85=I85,"OK","NG") -> OK
I86: =SUM(L86:AK86) -> 0 | AL86: =SUM(L86:AK86) -> 0 | AM86: =IF(AL86=I86,"OK","NG") -> OK
I87: =SUM(L87:AK87) -> 0 | AL87: =SUM(L87:AK87) -> 0 | AM87: =IF(AL87=I87,"OK","NG") -> OK
I88: =SUM(L88:AK88) -> 0 | AL88: =SUM(L88:AK88) -> 0 | AM88: =IF(AL88=I88,"OK","NG") -> OK
I89: =SUM(L89:AK89) -> 0 | AL89: =SUM(L89:AK89) -> 0 | AM89: =IF(AL89=I89,"OK","NG") -> OK
... I96: =SUM(L96:AK96) -> 0 | AL96: =SUM(L96:AK96) -> 0 | AM96: =IF(AL96=I96,"OK","NG") -> OK
C97: 소계 SUBTOTAL(가로) | G97: =SUM(G6:G74) -> 0 | H97: =SUM(H6:H96) -> 34294 | I97: =SUM(I6:I96) -> 33 | J97: =SUM(J6:J74) -> 0 | L97: =SUM(L6:L96) -> 7 | M97: =SUM(M6:M96) -> 5 | N97: =SUM(N6:N96) -> 0 | O97: =SUM(O6:O96) -> 0 | P97: =SUM(P6:P96) -> 1 | Q97: =SUM(Q6:Q96) -> 0 | R97: =SUM(R6:R96) -> 0 | S97: =SUM(S6:S96) -> 0 | ... AL97: =SUM(AL6:AL96) -> 33 | AM97: =IF(AL97=SUM(I97),"OK","NG") -> OK

Sheet 9
A1: 생산수량 | B1: =H97 -> 38644 | E1: 불량금액 | F1: =G97 -> 0
A2: 불량수량 | B2: =I97 -> 21 | M2: =SUBTOTAL(9,M6:M96) -> 3 | N2: =SUBTOTAL(9,N6:N96) -> 0 | O2: =SUBTOTAL(9,O6:O96) -> 0 | P2: =SUBTOTAL(9,P6:P96) -> 0 | Q2: =SUBTOTAL(9,Q6:Q96) -> 0 | R2: =SUBTOTAL(9,R6:R96) -> 0 | S2: =SUBTOTAL(9,S6:S96) -> 0 | T2: =SUBTOTAL(9,T6:T96) -> 0 | ... AL2: =SUBTOTAL(9,AL6:AL96) -> 21
A3: 불량율(ppm) | B3: =IF(ISERROR(B2/(B2+B1)*1000000),"",(B2/(B2+B1)*1000000)) -> 543.12686 | L3: =SUM(L6:L96) -> 10 | M3: =SUM(M6:M96) -> 3 | N3: =SUM(N6:N96) -> 0 | O3: =SUM(O6:O96) -> 0 | P3: =SUM(P6:P96) -> 0 | Q3: =SUM(Q6:Q96) -> 0 | R3: =SUM(R6:R96) -> 0 | S3: =SUM(S6:S96) -> 0 | ... AL3: =SUM(AL6:AL96) -> 21
A4: =AM97 -> OK | E4: 거래선 및 불량금액 | H4: 종합 | L4: 깨짐 | M4: 찍힘 | N4: CRACK | O4: 스크래치 | P4: 녹불량 | Q4: 초기가동 | R4: 편차수정 | S4: 중량불량 | T4: 설비Error | U4: Pellet누락 | V4: 낙물 | W4: 산화 | X4: 휨 | Y4: 눌림 | Z4: 분말소착 | AA4: 역싸이징 | AB4: 이물질소착 | AC4: 기포 | AD4: 윈도우 GO | AE4: 윈도우 NO | AF4: 조립불량 | AG4: 침투불량 | AH4: 치형뜯김 | AI4: 기타 | AJ4: 폐기 | AK4: 소재불량 | AL4: 합계 | AM4: 오기 유/무
A5: TM NO. | B5: CODE (ERP) | C5: 품 명 | D5: 차종 | E5: 거래선 | F5: 단가 | G5: 불량금액 (단가x수량) | H5: 생산수량 | I5: 불량수량 | J5: 불량율 (PPM)
A6: 1360-00 | B6: 10901 | C6: MOTOR PULLEY | H6: 2520 | I6: =SUM(L6:AK6) -> 2 | M6: 2 | AL6: =SUM(L6:AK6) -> 2 | AM6: =IF(AL6=I6,"OK","NG") -> OK
A7: 1360-01 | B7: 15922 | C7: MOTOR PULLEY | I7: =SUM(L7:AK7) -> 0 | AL7: =SUM(L7:AK7) -> 0 | AM7: =IF(AL7=I7,"OK","NG") -> OK
A8: 1361-00 | B8: 10899 | C8: BALL NUT PULLEY | I8: =SUM(L8:AK8) -> 0 | AL8: =SUM(L8:AK8) -> 0 | AM8: =IF(AL8=I8,"OK","NG") -> OK
A9: 1361-01 | B9: 10897 | C9: BALL NUT PULLEY | I9: =SUM(L9:AK9) -> 0 | AL9: =SUM(L9:AK9) -> 0 | AM9: =IF(AL9=I9,"OK","NG") -> OK
A10: 1361-02 | B10: 18523 | C10: BALL NUT PULLEY | I10: =SUM(L10:AK10) -> 0 | AL10: =SUM(L10:AK10) -> 0 | AM10: =IF(AL10=I10,"OK","NG") -> OK
A11: 1361-50 | B11: 19445 | C11: BELT GUIDE | I11: =SUM(L11:AK11) -> 0 | AL11: =SUM(L11:AK11) -> 0 | AM11: =IF(AL11=I11,"OK","NG") -> OK
A12: 1464-00 | B12: 10315 | C12: PULLEY | I12: =SUM(L12:AK12) -> 0 | AL12: =SUM(L12:AK12) -> 0 | AM12: =IF(AL12=I12,"OK","NG") -> OK
A13: 1464-01 | B13: 14961 | C13: PULLEY | I13: =SUM(L13:AK13) -> 0 | AL13: =SUM(L13:AK13) -> 0 | AM13: =IF(AL13=I13,"OK","NG") -> OK
A14: 1510-00 | B14: 10254 | C14: PULLEY LARGE | I14: =SUM(L14:AK14) -> 0 | AL14: =SUM(L14:AK14) -> 0 | AM14: =IF(AL14=I14,"OK","NG") -> OK
A15: 1510-01 | B15: 11856 | C15: PULLEY LARGE | I15: =SUM(L15:AK15) -> 0 | AL15: =SUM(L15:AK15) -> 0 | AM15: =IF(AL15=I15,"OK","NG") -> OK
A16: 1510-02 | B16: 15003 | C16: PULLEY LARGE | I16: =SUM(L16:AK16) -> 0 | AL16: =SUM(L16:AK16) -> 0 | AM16: =IF(AL16=I16,"OK","NG") -> OK
A17: 1695-00 | B17: 15173 | C17: MOTOR PULLEY | I17: =SUM(L17:AK17) -> 0 | AL17: =SUM(L17:AK17) -> 0 | AM17: =IF(AL17=I17,"OK","NG") -> OK
A18: 1781-00 | B18: 15519 | C18: PULLEY | I18: =SUM(L18:AK18) -> 0 | AL18: =SUM(L18:AK18) -> 0 | AM18: =IF(AL18=I18,"OK","NG") -> OK
A19: 1785-00 | B19: 14988 | C19: MOTOR PULLEY | H19: =1920+720+4440+3840 -> 10920 | I19: =SUM(L19:AK19) -> 0 | AL19: =SUM(L19:AK19) -> 0 | AM19: =IF(AL19=I19,"OK","NG") -> OK
A20: 1786-00 | B20: 14983 | C20: BALL NUT PULLEY | I20: =SUM(L20:AK20) -> 0 | AL20: =SUM(L20:AK20) -> 0 | AM20: =IF(AL20=I20,"OK","NG") -> OK
A21: 1883-00 | B21: 16269 | C21: SLIDE | I21: =SUM(L21:AK21) -> 0 | AL21: =SUM(L21:AK21) -> 0 | AM21: =IF(AL21=I21,"OK","NG") -> OK
A22: 1903-00 | B22: 19059 | C22: PULLEY | I22: =SUM(L22:AK22) -> 0 | AL22: =SUM(L22:AK22) -> 0 | AM22: =IF(AL22=I22,"OK","NG") -> OK
A23: 1935-00 | B23: 18827 | C23: Driven Pulley | I23: =SUM(L23:AK23) -> 0 | AL23: =SUM(L23:AK23) -> 0 | AM23: =IF(AL23=I23,"OK","NG") -> OK
A24: 5001-00 | B24: 10163 | C24: PLATE 1-2-3-4 CLU BKG | H24: 1344 | I24: =SUM(L24:AK24) -> 0 | AL24: =SUM(L24:AK24) -> 0 | AM24: =IF(AL24=I24,"OK","NG") -> OK
A25: 5002-00 | B25: 10160 | C25: PLATE 4-5-6 CLU BKG | I25: =SUM(L25:AK25) -> 0 | AL25: =SUM(L25:AK25) -> 0 | AM25: =IF(AL25=I25,"OK","NG") -> OK
A26: 5003-00 | B26: 10158 | C26: PLATE 3-5-REV CLU BKG | I26: =SUM(L26:AK26) -> 0 | AL26: =SUM(L26:AK26) -> 0 | AM26: =IF(AL26=I26,"OK","NG") -> OK
A27: 5003-01 | B27: 10155 | C27: PLATE 3-5-REV CLU BKG | I27: =SUM(L27:AK27) -> 0 | AL27: =SUM(L27:AK27) -> 0 | AM27: =IF(AL27=I27,"OK","NG") -> OK
A28: 5004-00 | B28: 10153 | C28: PLATE LOW & REV CLU BKG | H28: =624+208 -> 832 | I28: =SUM(L28:AK28) -> 1 | Y28: 1 | AL28: =SUM(L28:AK28) -> 1 | AM28: =IF(AL28=I28,"OK","NG") -> OK
A29: 5005-00 | B29: 10151 | C29: WHEEL-A/TRANS INPUT SHF SPD SEN RELUCTOR | H29: 1320 | I29: =SUM(L29:AK29) -> 3 | L29: 2 | AC29: 1 | AL29: =SUM(L29:AK29) -> 3 | AM29: =IF(AL29=I29,"OK","NG") -> OK
A30: 5006-00 | B30: 10149 | C30: PLATE 1-2-3-4 CLU BKG | H30: 1368 | I30: =SUM(L30:AK30) -> 0 | AL30: =SUM(L30:AK30) -> 0 | AM30: =IF(AL30=I30,"OK","NG") -> OK
A31: 5007-00 | B31: 10146 | C31: PLATE 4-5-6 CLU BKG | I31: =SUM(L31:AK31) -> 0 | AL31: =SUM(L31:AK31) -> 0 | AM31: =IF(AL31=I31,"OK","NG") -> OK
A32: 5008-00 | B32: 10143 | C32: PLATE 3-5-REV CLU BKG | I32: =SUM(L32:AK32) -> 0 | AL32: =SUM(L32:AK32) -> 0 | AM32: =IF(AL32=I32,"OK","NG") -> OK
A33: 5009-00 | B33: 10141 | C33: PLATE LOW & REV CLU BKG | H33: =1300+648+1770 -> 3718 | I33: =SUM(L33:AK33) -> 1 | M33: 1 | AL33: =SUM(L33:AK33) -> 1 | AM33: =IF(AL33=I33,"OK","NG") -> OK
A34: 5010-00 | B34: 10139 | C34: WHEEL-A/TRANS INPUT SHF SPD | H34: 1100 | I34: =SUM(L34:AK34) -> 12 | L34: 7 | AC34: 5 | AL34: =SUM(L34:AK34) -> 12 | AM34: =IF(AL34=I34,"OK","NG") -> OK
A35: 5011-00 | B35: 10137 | C35: CARRIER-REACTION | I35: =SUM(L35:AK35) -> 0 | AL35: =SUM(L35:AK35) -> 0 | AM35: =IF(AL35=I35,"OK","NG") -> OK
A36: 5012-00 | B36: 10135 | C36: CARRIER-INPUT | I36: =SUM(L36:AK36) -> 0 | AL36: =SUM(L36:AK36) -> 0 | AM36: =IF(AL36=I36,"OK","NG") -> OK
A37: 5013-00 | B37: 10133 | C37: CARRIER-REACTION | I37: =SUM(L37:AK37) -> 0 | AL37: =SUM(L37:AK37) -> 0 | AM37: =IF(AL37=I37,"OK","NG") -> OK
A38: 5014-00 | B38: 10131 | C38: CARRIER-INPUT | I38: =SUM(L38:AK38) -> 0 | AL38: =SUM(L38:AK38) -> 0 | AM38: =IF(AL38=I38,"OK","NG") -> OK
A39: 5015-00 | B39: 10129 | C39: CARRIER - REACTION | H39: =1400+290+1150 -> 2840 | I39: =SUM(L39:AK39) -> 1 | L39: 1 | AL39: =SUM(L39:AK39) -> 1 | AM39: =IF(AL39=I39,"OK","NG") -> OK
A40: 5016-00 | B40: 10127 | C40: CARRIER - INPUT | I40: =SUM(L40:AK40) -> 0 | AL40: =SUM(L40:AK40) -> 0 | AM40: =IF(AL40=I40,"OK","NG") -> OK
A41: 5017-00 | B41: 14859 | C41: CARRIER-INPUT | I41: =SUM(L41:AK41) -> 0 | AL41: =SUM(L41:AK41) -> 0 | AM41: =IF(AL41=I41,"OK","NG") -> OK
A42: 5018-00 | B42: 15095 | C42: CARRIER-INPUT | I42: =SUM(L42:AK42) -> 0 | AL42: =SUM(L42:AK42) -> 0 | AM42: =IF(AL42=I42,"OK","NG") -> OK
A43: 6001-00 | B43: 10121 | C43: CARRIER PLANET | I43: =SUM(L43:AK43) -> 0 | AL43: =SUM(L43:AK43) -> 0 | AM43: =IF(AL43=I43,"OK","NG") -> OK
A44: 6002-00 | B44: 10120 | C44: CARRIER PLANET | I44: =SUM(L44:AK44) -> 0 | AL44: =SUM(L44:AK44) -> 0 | AM44: =IF(AL44=I44,"OK","NG") -> OK
A45: 6004-00 | B45: 13467 | C45: CARRIER PLANET MID | H45: 756 | I45: =SUM(L45:AK45) -> 0 | AL45: =SUM(L45:AK45) -> 0 | AM45: =IF(AL45=I45,"OK","NG") -> OK
A46: 6004-01 | B46: 15948 | C46: CARRIER PLANET MID | I46: =SUM(L46:AK46) -> 0 | AL46: =SUM(L46:AK46) -> 0 | AM46: =IF(AL46=I46,"OK","NG") -> OK
A47: 6007-00 | B47: 13466 | C47: CARRIER PLANET MID | I47: =SUM(L47:AK47) -> 0 | AL47: =SUM(L47:AK47) -> 0 | AM47: =IF(AL47=I47,"OK","NG") -> OK
A48: 6007-01 | B48: 16598 | C48: CARRIER PLANET MID | H48: 503 | I48: =SUM(L48:AK48) -> 0 | AL48: =SUM(L48:AK48) -> 0 | AM48: =IF(AL48=I48,"OK","NG") -> OK
A49: 6009-01 | B49: 11815 | C49: PRESSURE PLATE | I49: =SUM(L49:AK49) -> 0 | AL49: =SUM(L49:AK49) -> 0 | AM49: =IF(AL49=I49,"OK","NG") -> OK
A50: 6009-02 | B50: 11823 | C50: PRESSURE PLATE | I50: =SUM(L50:AK50) -> 0 | AL50: =SUM(L50:AK50) -> 0 | AM50: =IF(AL50=I50,"OK","NG") -> OK
A51: 6009-03 | B51: 11824 | C51: PRESSURE PLATE | I51: =SUM(L51:AK51) -> 0 | AL51: =SUM(L51:AK51) -> 0 | AM51: =IF(AL51=I51,"OK","NG") -> OK
A52: 6009-04 | B52: 11825 | C52: PRESSURE PLATE | I52: =SUM(L52:AK52) -> 0 | AL52: =SUM(L52:AK52) -> 0 | AM52: =IF(AL52=I52,"OK","NG") -> OK
A53: 6009-05 | B53: 11826 | C53: PRESSURE PLATE | I53: =SUM(L53:AK53) -> 0 | AL53: =SUM(L53:AK53) -> 0 | AM53: =IF(AL53=I53,"OK","NG") -> OK
A54: 6009-06 | B54: 11827 | C54: PRESSURE PLATE | I54: =SUM(L54:AK54) -> 0 | AL54: =SUM(L54:AK54) -> 0 | AM54: =IF(AL54=I54,"OK","NG") -> OK
A55: 6009-07 | B55: 11828 | C55: PRESSURE PLATE | I55: =SUM(L55:AK55) -> 0 | AL55: =SUM(L55:AK55) -> 0 | AM55: =IF(AL55=I55,"OK","NG") -> OK
A56: 6009-08 | B56: 11830 | C56: PRESSURE PLATE | I56: =SUM(L56:AK56) -> 0 | AL56: =SUM(L56:AK56) -> 0 | AM56: =IF(AL56=I56,"OK","NG") -> OK
A57: 6009-09 | B57: 11832 | C57: PRESSURE PLATE | I57: =SUM(L57:AK57) -> 0 | AL57: =SUM(L57:AK57) -> 0 | AM57: =IF(AL57=I57,"OK","NG") -> OK
A58: 6009-10 | B58: 18839 | C58: PRESSURE PLATE | I58: =SUM(L58:AK58) -> 0 | AL58: =SUM(L58:AK58) -> 0 | AM58: =IF(AL58=I58,"OK","NG") -> OK
A59: 6009-11 | B59: 18840 | C59: PRESSURE PLATE | I59: =SUM(L59:AK59) -> 0 | AL59: =SUM(L59:AK59) -> 0 | AM59: =IF(AL59=I59,"OK","NG") -> OK
A60: 6011-00 | B60: 11380 | C60: CARRIER PALNET | H60: =1300+1080+1010 -> 3390 | I60: =SUM(L60:AK60) -> 1 | U60: 1 | AL60: =SUM(L60:AK60) -> 1 | AM60: =IF(AL60=I60,"OK","NG") -> OK
A61: 6017-00 | B61: 18518 | C61: CARRIER PLANET MID | H61: =1080+1120 -> 2200 | I61: =SUM(L61:AK61) -> 0 | AL61: =SUM(L61:AK61) -> 0 | AM61: =IF(AL61=I61,"OK","NG") -> OK
A62: 6017-01 | B62: 16585 | C62: CARRIER PLANET MID | H62: =1010+503 -> 1513 | I62: =SUM(L62:AK62) -> 0 | AL62: =SUM(L62:AK62) -> 0 | AM62: =IF(AL62=I62,"OK","NG") -> OK
A63: 6019-00 | B63: 17107 | C63: HOUSING GUIDE RING | I63: =SUM(L63:AK63) -> 0 | AL63: =SUM(L63:AK63) -> 0 | AM63: =IF(AL63=I63,"OK","NG") -> OK
A64: 6020-00 | B64: 19269 | C64: CARRIER PALNET | I64: =SUM(L64:AK64) -> 0 | AL64: =SUM(L64:AK64) -> 0 | AM64: =IF(AL64=I64,"OK","NG") -> OK
A65: 1917-00 | B65: 18306 | C65: BODY | I65: =SUM(L65:AK65) -> 0 | AL65: =SUM(L65:AK65) -> 0 | AM65: =IF(AL65=I65,"OK","NG") -> OK
A66: 1914-00 | B66: 19834 | C66: MOTOR PULLEY | I66: =SUM(L66:AK66) -> 0 | AL66: =SUM(L66:AK66) -> 0 | AM66: =IF(AL66=I66,"OK","NG") -> OK
A67: 1987-00J | B67: 20277 | C67: BELT PULLEY | I67: =SUM(L67:AK67) -> 0 | AL67: =SUM(L67:AK67) -> 0 | AM67: =IF(AL67=I67,"OK","NG") -> OK
A68: 1986-00J | B68: 20269 | C68: BELT PULLEY | I68: =SUM(L68:AK68) -> 0 | AL68: =SUM(L68:AK68) -> 0 | AM68: =IF(AL68=I68,"OK","NG") -> OK
A69: 1581-00 | B69: 14023 | C69: 성형-BODY | I69: =SUM(L69:AK69) -> 0 | AL69: =SUM(L69:AK69) -> 0 | AM69: =IF(AL69=I69,"OK","NG") -> OK
A70: 2059-00 | B70: 20955 | C70: BELT PULLEY | I70: =SUM(L70:AK70) -> 0 | AL70: =SUM(L70:AK70) -> 0 | AM70: =IF(AL70=I70,"OK","NG") -> OK
A71: 6023-00AJ | B71: 21298 | C71: CARRIER PLANET MID | I71: =SUM(L71:AK71) -> 0 | AL71: =SUM(L71:AK71) -> 0 | AM71: =IF(AL71=I71,"OK","NG") -> OK
A72: 1361-03 | B72: 21809 | C72: BALL NUT PULLEY | I72: =SUM(L72:AK72) -> 0 | AL72: =SUM(L72:AK72) -> 0 | AM72: =IF(AL72=I72,"OK","NG") -> OK
A73: 6009-00 | B73: 11820 | C73: 성형-PRESSURE PLATE | I73: =SUM(L73:AK73) -> 0 | AL73: =SUM(L73:AK73) -> 0 | AM73: =IF(AL73=I73,"OK","NG") -> OK
A74: 1987-01J | B74: 21870 | C74: BELT PULLEY | I74: =SUM(L74:AK74) -> 0 | AL74: =SUM(L74:AK74) -> 0 | AM74: =IF(AL74=I74,"OK","NG") -> OK
A75: 2202-00 | B75: 22379 | C75: PULLEY | I75: =SUM(L75:AK75) -> 0 | AL75: =SUM(L75:AK75) -> 0 | AM75: =IF(AL75=I75,"OK","NG") -> OK
A76: 2206-00 | B76: 22886 | C76: 성형-BALL NUT PULLEY | H76: =1560+960+1800 -> 4320 | I76: =SUM(L76:AK76) -> 0 | AL76: =SUM(L76:AK76) -> 0 | AM76: =IF(AL76=I76,"OK","NG") -> OK
A77: 1630-00 | B77: 13007 | C77: 성형-REB,RETAINER | I77: =SUM(L77:AK77) -> 0 | AL77: =SUM(L77:AK77) -> 0 | AM77: =IF(AL77=I77,"OK","NG") -> OK
I78: =SUM(L78:AK78) -> 0 | AL78: =SUM(L78:AK78) -> 0 | AM78: =IF(AL78=I78,"OK","NG") -> OK
I79: =SUM(L79:AK79) -> 0 | AL79: =SUM(L79:AK79) -> 0 | AM79: =IF(AL79=I79,"OK","NG") -> OK
I80: =SUM(L80:AK80) -> 0 | AL80: =SUM(L80:AK80) -> 0 | AM80: =IF(AL80=I80,"OK","NG") -> OK
I81: =SUM(L81:AK81) -> 0 | AL81: =SUM(L81:AK81) -> 0 | AM81: =IF(AL81=I81,"OK","NG") -> OK
I82: =SUM(L82:AK82) -> 0 | AL82: =SUM(L82:AK82) -> 0 | AM82: =IF(AL82=I82,"OK","NG") -> OK
I83: =SUM(L83:AK83) -> 0 | AL83: =SUM(L83:AK83) -> 0 | AM83: =IF(AL83=I83,"OK","NG") -> OK
I84: =SUM(L84:AK84) -> 0 | AL84: =SUM(L84:AK84) -> 0 | AM84: =IF(AL84=I84,"OK","NG") -> OK
I85: =SUM(L85:AK85) -> 0 | AL85: =SUM(L85:AK85) -> 0 | AM85: =IF(AL85=I85,"OK","NG") -> OK
I86: =SUM(L86:AK86) -> 0 | AL86: =SUM(L86:AK86) -> 0 | AM86: =IF(AL86=I86,"OK","NG") -> OK
I87: =SUM(L87:AK87) -> 0 | AL87: =SUM(L87:AK87) -> 0 | AM87: =IF(AL87=I87,"OK","NG") -> OK
I88: =SUM(L88:AK88) -> 0 | AL88: =SUM(L88:AK88) -> 0 | AM88: =IF(AL88=I88,"OK","NG") -> OK
I89: =SUM(L89:AK89) -> 0 | AL89: =SUM(L89:AK89) -> 0 | AM89: =IF(AL89=I89,"OK","NG") -> OK
... I96: =SUM(L96:AK96) -> 0 | AL96: =SUM(L96:AK96) -> 0 | AM96: =IF(AL96=I96,"OK","NG") -> OK
C97: 소계 SUBTOTAL(가로) | G97: =SUM(G6:G74) -> 0 | H97: =SUM(H6:H96) -> 38644 | I97: =SUM(I6:I96) -> 21 | J97: =SUM(J6:J74) -> 0 | L97: =SUM(L6:L96) -> 10 | M97: =SUM(M6:M96) -> 3 | N97: =SUM(N6:N96) -> 0 | O97: =SUM(O6:O96) -> 0 | P97: =SUM(P6:P96) -> 0 | Q97: =SUM(Q6:Q96) -> 0 | R97: =SUM(R6:R96) -> 0 | S97: =SUM(S6:S96) -> 0 | ... AL97: =SUM(AL6:AL96) -> 21 | AM97: =IF(AL97=SUM(I97),"OK","NG") -> OK

Sheet 10
A1: 생산수량 | B1: =H97 -> 25203 | E1: 불량금액 | F1: =G97 -> 0
A2: 불량수량 | B2: =I97 -> 15 | L2: =SUBTOTAL(9,L6:L96) -> 9 | M2: =SUBTOTAL(9,M6:M96) -> 0 | N2: =SUBTOTAL(9,N6:N96) -> 0 | O2: =SUBTOTAL(9,O6:O96) -> 0 | P2: =SUBTOTAL(9,P6:P96) -> 0 | Q2: =SUBTOTAL(9,Q6:Q96) -> 0 | R2: =SUBTOTAL(9,R6:R96) -> 0 | S2: =SUBTOTAL(9,S6:S96) -> 0 | ... AL2: =SUBTOTAL(9,AL6:AL96) -> 15
A3: 불량율(ppm) | B3: =IF(ISERROR(B2/(B2+B1)*1000000),"",(B2/(B2+B1)*1000000)) -> 594.81323 | L3: =SUM(L6:L96) -> 9 | M3: =SUM(M6:M96) -> 0 | N3: =SUM(N6:N96) -> 0 | O3: =SUM(O6:O96) -> 0 | P3: =SUM(P6:P96) -> 0 | Q3: =SUM(Q6:Q96) -> 0 | R3: =SUM(R6:R96) -> 0 | S3: =SUM(S6:S96) -> 0 | ... AL3: =SUM(AL6:AL96) -> 15
A4: =AM97 -> OK | E4: 거래선 및 불량금액 | H4: 종합 | L4: 깨짐 | M4: 찍힘 | N4: CRACK | O4: 스크래치 | P4: 녹불량 | Q4: 초기가동 | R4: 편차수정 | S4: 중량불량 | T4: 설비Error | U4: Pellet누락 | V4: 낙물 | W4: 산화 | X4: 휨 | Y4: 눌림 | Z4: 분말소착 | AA4: 역싸이징 | AB4: 이물질소착 | AC4: 기포 | AD4: 윈도우 GO | AE4: 윈도우 NO | AF4: 조립불량 | AG4: 침투불량 | AH4: 치형뜯김 | AI4: 기타 | AJ4: 폐기 | AK4: 소재불량 | AL4: 합계 | AM4: 오기 유/무
A5: TM NO. | B5: CODE (ERP) | C5: 품 명 | D5: 차종 | E5: 거래선 | F5: 단가 | G5: 불량금액 (단가x수량) | H5: 생산수량 | I5: 불량수량 | J5: 불량율 (PPM)
A6: 1360-00 | B6: 10901 | C6: MOTOR PULLEY | H6: 2280 | I6: =SUM(L6:AK6) -> 0 | AL6: =SUM(L6:AK6) -> 0 | AM6: =IF(AL6=I6,"OK","NG") -> OK
A7: 1360-01 | B7: 15922 | C7: MOTOR PULLEY | I7: =SUM(L7:AK7) -> 0 | AL7: =SUM(L7:AK7) -> 0 | AM7: =IF(AL7=I7,"OK","NG") -> OK
A8: 1361-00 | B8: 10899 | C8: BALL NUT PULLEY | I8: =SUM(L8:AK8) -> 0 | AL8: =SUM(L8:AK8) -> 0 | AM8: =IF(AL8=I8,"OK","NG") -> OK
A9: 1361-01 | B9: 10897 | C9: BALL NUT PULLEY | I9: =SUM(L9:AK9) -> 0 | AL9: =SUM(L9:AK9) -> 0 | AM9: =IF(AL9=I9,"OK","NG") -> OK
A10: 1361-02 | B10: 18523 | C10: BALL NUT PULLEY | I10: =SUM(L10:AK10) -> 0 | AL10: =SUM(L10:AK10) -> 0 | AM10: =IF(AL10=I10,"OK","NG") -> OK
A11: 1361-50 | B11: 19445 | C11: BELT GUIDE | I11: =SUM(L11:AK11) -> 0 | AL11: =SUM(L11:AK11) -> 0 | AM11: =IF(AL11=I11,"OK","NG") -> OK
A12: 1464-00 | B12: 10315 | C12: PULLEY | I12: =SUM(L12:AK12) -> 0 | AL12: =SUM(L12:AK12) -> 0 | AM12: =IF(AL12=I12,"OK","NG") -> OK
A13: 1464-01 | B13: 14961 | C13: PULLEY | I13: =SUM(L13:AK13) -> 0 | AL13: =SUM(L13:AK13) -> 0 | AM13: =IF(AL13=I13,"OK","NG") -> OK
A14: 1510-00 | B14: 10254 | C14: PULLEY LARGE | I14: =SUM(L14:AK14) -> 0 | AL14: =SUM(L14:AK14) -> 0 | AM14: =IF(AL14=I14,"OK","NG") -> OK
A15: 1510-01 | B15: 11856 | C15: PULLEY LARGE | I15: =SUM(L15:AK15) -> 0 | AL15: =SUM(L15:AK15) -> 0 | AM15: =IF(AL15=I15,"OK","NG") -> OK
A16: 1510-02 | B16: 15003 | C16: PULLEY LARGE | I16: =SUM(L16:AK16) -> 0 | AL16: =SUM(L16:AK16) -> 0 | AM16: =IF(AL16=I16,"OK","NG") -> OK
A17: 1695-00 | B17: 15173 | C17: MOTOR PULLEY | I17: =SUM(L17:AK17) -> 0 | AL17: =SUM(L17:AK17) -> 0 | AM17: =IF(AL17=I17,"OK","NG") -> OK
A18: 1781-00 | B18: 15519 | C18: PULLEY | I18: =SUM(L18:AK18) -> 0 | AL18: =SUM(L18:AK18) -> 0 | AM18: =IF(AL18=I18,"OK","NG") -> OK
... A21: 1883-00 | B21: 16269 | C21: SLIDE | I21: =SUM(L21:AK21) -> 0 | AL21: =SUM(L21:AK21) -> 0 | AM21: =IF(AL21=I21,"OK","NG") -> OK
A22: 1903-00 | B22: 19059 | C22: PULLEY | H22: 3750 | I22: =SUM(L22:AK22) -> 0 | AL22: =SUM(L22:AK22) -> 0 | AM22: =IF(AL22=I22,"OK","NG") -> OK
A23: 1935-00 | B23: 18827 | C23: Driven Pulley | I23: =SUM(L23:AK23) -> 0 | AL23: =SUM(L23:AK23) -> 0 | AM23: =IF(AL23=I23,"OK","NG") -> OK
A24: 5001-00 | B24: 10163 | C24: PLATE 1-2-3-4 CLU BKG | H24: =672+672 -> 1344 | I24: =SUM(L24:AK24) -> 0 | AL24: =SUM(L24:AK24) -> 0 | AM24: =IF(AL24=I24,"OK","NG") -> OK
A25: 5002-00 | B25: 10160 | C25: PLATE 4-5-6 CLU BKG | I25: =SUM(L25:AK25) -> 0 | AL25: =SUM(L25:AK25) -> 0 | AM25: =IF(AL25=I25,"OK","NG") -> OK
A26: 5003-00 | B26: 10158 | C26: PLATE 3-5-REV CLU BKG | I26: =SUM(L26:AK26) -> 0 | AL26: =SUM(L26:AK26) -> 0 | AM26: =IF(AL26=I26,"OK","NG") -> OK
A27: 5003-01 | B27: 10155 | C27: PLATE 3-5-REV CLU BKG | I27: =SUM(L27:AK27) -> 0 | AL27: =SUM(L27:AK27) -> 0 | AM27: =IF(AL27=I27,"OK","NG") -> OK
A28: 5004-00 | B28: 10153 | C28: PLATE LOW & REV CLU BKG | H28: 2184 | I28: =SUM(L28:AK28) -> 0 | AL28: =SUM(L28:AK28) -> 0 | AM28: =IF(AL28=I28,"OK","NG") -> OK
A29: 5005-00 | B29: 10151 | C29: WHEEL-A/TRANS INPUT SHF SPD SEN RELUCTOR | H29: =660+1320 -> 1980 | I29: =SUM(L29:AK29) -> 0 | AL29: =SUM(L29:AK29) -> 0 | AM29: =IF(AL29=I29,"OK","NG") -> OK
A30: 5006-00 | B30: 10149 | C30: PLATE 1-2-3-4 CLU BKG | H30: 1368 | I30: =SUM(L30:AK30) -> 0 | AL30: =SUM(L30:AK30) -> 0 | AM30: =IF(AL30=I30,"OK","NG") -> OK
A31: 5007-00 | B31: 10146 | C31: PLATE 4-5-6 CLU BKG | I31: =SUM(L31:AK31) -> 0 | AL31: =SUM(L31:AK31) -> 0 | AM31: =IF(AL31=I31,"OK","NG") -> OK
A32: 5008-00 | B32: 10143 | C32: PLATE 3-5-REV CLU BKG | I32: =SUM(L32:AK32) -> 0 | AL32: =SUM(L32:AK32) -> 0 | AM32: =IF(AL32=I32,"OK","NG") -> OK
A33: 5009-00 | B33: 10141 | C33: PLATE LOW & REV CLU BKG | I33: =SUM(L33:AK33) -> 0 | AL33: =SUM(L33:AK33) -> 0 | AM33: =IF(AL33=I33,"OK","NG") -> OK
A34: 5010-00 | B34: 10139 | C34: WHEEL-A/TRANS INPUT SHF SPD | H34: =300+1144 -> 1444 | I34: =SUM(L34:AK34) -> 12 | L34: 8 | AC34: 4 | AL34: =SUM(L34:AK34) -> 12 | AM34: =IF(AL34=I34,"OK","NG") -> OK
A35: 5011-00 | B35: 10137 | C35: CARRIER-REACTION | I35: =SUM(L35:AK35) -> 0 | AL35: =SUM(L35:AK35) -> 0 | AM35: =IF(AL35=I35,"OK","NG") -> OK
A36: 5012-00 | B36: 10135 | C36: CARRIER-INPUT | I36: =SUM(L36:AK36) -> 0 | AL36: =SUM(L36:AK36) -> 0 | AM36: =IF(AL36=I36,"OK","NG") -> OK
A37: 5013-00 | B37: 10133 | C37: CARRIER-REACTION | H37: 850 | I37: =SUM(L37:AK37) -> 0 | AL37: =SUM(L37:AK37) -> 0 | AM37: =IF(AL37=I37,"OK","NG") -> OK
A38: 5014-00 | B38: 10131 | C38: CARRIER-INPUT | H38: =1300+1540 -> 2840 | I38: =SUM(L38:AK38) -> 3 | L38: 1 | AC38: 2 | AL38: =SUM(L38:AK38) -> 3 | AM38: =IF(AL38=I38,"OK","NG") -> OK
A39: 5015-00 | B39: 10129 | C39: CARRIER - REACTION | H39: 200 | I39: =SUM(L39:AK39) -> 0 | AL39: =SUM(L39:AK39) -> 0 | AM39: =IF(AL39=I39,"OK","NG") -> OK
A40: 5016-00 | B40: 10127 | C40: CARRIER - INPUT | I40: =SUM(L40:AK40) -> 0 | AL40: =SUM(L40:AK40) -> 0 | AM40: =IF(AL40=I40,"OK","NG") -> OK
A41: 5017-00 | B41: 14859 | C41: CARRIER-INPUT | I41: =SUM(L41:AK41) -> 0 | AL41: =SUM(L41:AK41) -> 0 | AM41: =IF(AL41=I41,"OK","NG") -> OK
A42: 5018-00 | B42: 15095 | C42: CARRIER-INPUT | I42: =SUM(L42:AK42) -> 0 | AL42: =SUM(L42:AK42) -> 0 | AM42: =IF(AL42=I42,"OK","NG") -> OK
A43: 6001-00 | B43: 10121 | C43: CARRIER PLANET | I43: =SUM(L43:AK43) -> 0 | AL43: =SUM(L43:AK43) -> 0 | AM43: =IF(AL43=I43,"OK","NG") -> OK
A44: 6002-00 | B44: 10120 | C44: CARRIER PLANET | I44: =SUM(L44:AK44) -> 0 | AL44: =SUM(L44:AK44) -> 0 | AM44: =IF(AL44=I44,"OK","NG") -> OK
A45: 6004-00 | B45: 13467 | C45: CARRIER PLANET MID | I45: =SUM(L45:AK45) -> 0 | AL45: =SUM(L45:AK45) -> 0 | AM45: =IF(AL45=I45,"OK","NG") -> OK
A46: 6004-01 | B46: 15948 | C46: CARRIER PLANET MID | I46: =SUM(L46:AK46) -> 0 | AL46: =SUM(L46:AK46) -> 0 | AM46: =IF(AL46=I46,"OK","NG") -> OK
A47: 6007-00 | B47: 13466 | C47: CARRIER PLANET MID | I47: =SUM(L47:AK47) -> 0 | AL47: =SUM(L47:AK47) -> 0 | AM47: =IF(AL47=I47,"OK","NG") -> OK
A48: 6007-01 | B48: 16598 | C48: CARRIER PLANET MID | I48: =SUM(L48:AK48) -> 0 | AL48: =SUM(L48:AK48) -> 0 | AM48: =IF(AL48=I48,"OK","NG") -> OK
A49: 6009-01 | B49: 11815 | C49: PRESSURE PLATE | I49: =SUM(L49:AK49) -> 0 | AL49: =SUM(L49:AK49) -> 0 | AM49: =IF(AL49=I49,"OK","NG") -> OK
A50: 6009-02 | B50: 11823 | C50: PRESSURE PLATE | I50: =SUM(L50:AK50) -> 0 | AL50: =SUM(L50:AK50) -> 0 | AM50: =IF(AL50=I50,"OK","NG") -> OK
A51: 6009-03 | B51: 11824 | C51: PRESSURE PLATE | I51: =SUM(L51:AK51) -> 0 | AL51: =SUM(L51:AK51) -> 0 | AM51: =IF(AL51=I51,"OK","NG") -> OK
... A60: 6011-00 | B60: 11380 | C60: CARRIER PALNET | I60: =SUM(L60:AK60) -> 0 | AL60: =SUM(L60:AK60) -> 0 | AM60: =IF(AL60=I60,"OK","NG") -> OK
A61: 6017-00 | B61: 18518 | C61: CARRIER PLANET MID | H61: =784+540 -> 1324 | I61: =SUM(L61:AK61) -> 0 | AL61: =SUM(L61:AK61) -> 0 | AM61: =IF(AL61=I61,"OK","NG") -> OK
A62: 6017-01 | B62: 16585 | C62: CARRIER PLANET MID | H62: =840+1006 -> 1846 | I62: =SUM(L62:AK62) -> 0 | AL62: =SUM(L62:AK62) -> 0 | AM62: =IF(AL62=I62,"OK","NG") -> OK
A63: 6019-00 | B63: 17107 | C63: HOUSING GUIDE RING | I63: =SUM(L63:AK63) -> 0 | AL63: =SUM(L63:AK63) -> 0 | AM63: =IF(AL63=I63,"OK","NG") -> OK
A64: 6020-00 | B64: 19269 | C64: CARRIER PALNET | I64: =SUM(L64:AK64) -> 0 | AL64: =SUM(L64:AK64) -> 0 | AM64: =IF(AL64=I64,"OK","NG") -> OK
A65: 1917-00 | B65: 18306 | C65: BODY | I65: =SUM(L65:AK65) -> 0 | AL65: =SUM(L65:AK65) -> 0 | AM65: =IF(AL65=I65,"OK","NG") -> OK
A66: 1914-00 | B66: 19834 | C66: MOTOR PULLEY | I66: =SUM(L66:AK66) -> 0 | AL66: =SUM(L66:AK66) -> 0 | AM66: =IF(AL66=I66,"OK","NG") -> OK
A67: 1987-00J | B67: 20277 | C67: BELT PULLEY | H67: 300 | I67: =SUM(L67:AK67) -> 0 | AL67: =SUM(L67:AK67) -> 0 | AM67: =IF(AL67=I67,"OK","NG") -> OK
A68: 1986-00J | B68: 20269 | C68: BELT PULLEY | I68: =SUM(L68:AK68) -> 0 | AL68: =SUM(L68:AK68) -> 0 | AM68: =IF(AL68=I68,"OK","NG") -> OK
A69: 1581-00 | B69: 14023 | C69: 성형-BODY | I69: =SUM(L69:AK69) -> 0 | AL69: =SUM(L69:AK69) -> 0 | AM69: =IF(AL69=I69,"OK","NG") -> OK
A70: 2059-00 | B70: 20955 | C70: BELT PULLEY | I70: =SUM(L70:AK70) -> 0 | AL70: =SUM(L70:AK70) -> 0 | AM70: =IF(AL70=I70,"OK","NG") -> OK
A71: 6023-00AJ | B71: 21298 | C71: CARRIER PLANET MID | H71: 130 | I71: =SUM(L71:AK71) -> 0 | AL71: =SUM(L71:AK71) -> 0 | AM71: =IF(AL71=I71,"OK","NG") -> OK
A72: 1361-03 | B72: 21809 | C72: BALL NUT PULLEY | I72: =SUM(L72:AK72) -> 0 | AL72: =SUM(L72:AK72) -> 0 | AM72: =IF(AL72=I72,"OK","NG") -> OK
A73: 6009-00 | B73: 11820 | C73: 성형-PRESSURE PLATE | I73: =SUM(L73:AK73) -> 0 | AL73: =SUM(L73:AK73) -> 0 | AM73: =IF(AL73=I73,"OK","NG") -> OK
A74: 1987-01J | B74: 21870 | C74: BELT PULLEY | I74: =SUM(L74:AK74) -> 0 | AL74: =SUM(L74:AK74) -> 0 | AM74: =IF(AL74=I74,"OK","NG") -> OK
A75: 2202-00 | B75: 22379 | C75: PULLEY | I75: =SUM(L75:AK75) -> 0 | AL75: =SUM(L75:AK75) -> 0 | AM75: =IF(AL75=I75,"OK","NG") -> OK
A76: 2206-00 | B76: 22886 | C76: 성형-BALL NUT PULLEY | H76: =1200+1700+463 -> 3363 | I76: =SUM(L76:AK76) -> 0 | AL76: =SUM(L76:AK76) -> 0 | AM76: =IF(AL76=I76,"OK","NG") -> OK
A77: 1630-00 | B77: 13007 | C77: 성형-REB,RETAINER | I77: =SUM(L77:AK77) -> 0 | AL77: =SUM(L77:AK77) -> 0 | AM77: =IF(AL77=I77,"OK","NG") -> OK
I78: =SUM(L78:AK78) -> 0 | AL78: =SUM(L78:AK78) -> 0 | AM78: =IF(AL78=I78,"OK","NG") -> OK
I79: =SUM(L79:AK79) -> 0 | AL79: =SUM(L79:AK79) -> 0 | AM79: =IF(AL79=I79,"OK","NG") -> OK
I80: =SUM(L80:AK80) -> 0 | AL80: =SUM(L80:AK80) -> 0 | AM80: =IF(AL80=I80,"OK","NG") -> OK
I81: =SUM(L81:AK81) -> 0 | AL81: =SUM(L81:AK81) -> 0 | AM81: =IF(AL81=I81,"OK","NG") -> OK
I82: =SUM(L82:AK82) -> 0 | AL82: =SUM(L82:AK82) -> 0 | AM82: =IF(AL82=I82,"OK","NG") -> OK
I83: =SUM(L83:AK83) -> 0 | AL83: =SUM(L83:AK83) -> 0 | AM83: =IF(AL83=I83,"OK","NG") -> OK
I84: =SUM(L84:AK84) -> 0 | AL84: =SUM(L84:AK84) -> 0 | AM84: =IF(AL84=I84,"OK","NG") -> OK
I85: =SUM(L85:AK85) -> 0 | AL85: =SUM(L85:AK85) -> 0 | AM85: =IF(AL85=I85,"OK","NG") -> OK
I86: =SUM(L86:AK86) -> 0 | AL86: =SUM(L86:AK86) -> 0 | AM86: =IF(AL86=I86,"OK","NG") -> OK
I87: =SUM(L87:AK87) -> 0 | AL87: =SUM(L87:AK87) -> 0 | AM87: =IF(AL87=I87,"OK","NG") -> OK
I88: =SUM(L88:AK88) -> 0 | AL88: =SUM(L88:AK88) -> 0 | AM88: =IF(AL88=I88,"OK","NG") -> OK
I89: =SUM(L89:AK89) -> 0 | AL89: =SUM(L89:AK89) -> 0 | AM89: =IF(AL89=I89,"OK","NG") -> OK
... I96: =SUM(L96:AK96) -> 0 | AL96: =SUM(L96:AK96) -> 0 | AM96: =IF(AL96=I96,"OK","NG") -> OK
C97: 소계 SUBTOTAL(가로) | G97: =SUM(G6:G74) -> 0 | H97: =SUM(H6:H96) -> 25203 | I97: =SUM(I6:I96) -> 15 | J97: =SUM(J6:J74) -> 0 | L97: =SUM(L6:L96) -> 9 | M97: =SUM(M6:M96) -> 0 | N97: =SUM(N6:N96) -> 0 | O97: =SUM(O6:O96) -> 0 | P97: =SUM(P6:P96) -> 0 | Q97: =SUM(Q6:Q96) -> 0 | R97: =SUM(R6:R96) -> 0 | S97: =SUM(S6:S96) -> 0 | ... AL97: =SUM(AL6:AL96) -> 15 | AM97: =IF(AL97=SUM(I97),"OK","NG") -> OK

Sheet 11
A1: 생산수량 | B1: =H97 -> 7230 | E1: 불량금액 | F1: =G97 -> 0
A2: 불량수량 | B2: =I97 -> 3 | L2: =SUBTOTAL(9,L6:L96) -> 0 | M2: =SUBTOTAL(9,M6:M96) -> 0 | N2: =SUBTOTAL(9,N6:N96) -> 0 | O2: =SUBTOTAL(9,O6:O96) -> 0 | P2: =SUBTOTAL(9,P6:P96) -> 0 | Q2: =SUBTOTAL(9,Q6:Q96) -> 0 | R2: =SUBTOTAL(9,R6:R96) -> 0 | S2: =SUBTOTAL(9,S6:S96) -> 0 | ... AL2: =SUBTOTAL(9,AL6:AL96) -> 3
A3: 불량율(ppm) | B3: =IF(ISERROR(B2/(B2+B1)*1000000),"",(B2/(B2+B1)*1000000)) -> 414.76566 | L3: =SUM(L6:L96) -> 0 | M3: =SUM(M6:M96) -> 0 | N3: =SUM(N6:N96) -> 0 | O3: =SUM(O6:O96) -> 0 | P3: =SUM(P6:P96) -> 0 | Q3: =SUM(Q6:Q96) -> 0 | R3: =SUM(R6:R96) -> 0 | S3: =SUM(S6:S96) -> 0 | ... AL3: =SUM(AL6:AL96) -> 3
A4: =AM97 -> OK | E4: 거래선 및 불량금액 | H4: 종합 | L4: 깨짐 | M4: 찍힘 | N4: CRACK | O4: 스크래치 | P4: 녹불량 | Q4: 초기가동 | R4: 편차수정 | S4: 중량불량 | T4: 설비Error | U4: Pellet누락 | V4: 낙물 | W4: 산화 | X4: 휨 | Y4: 눌림 | Z4: 분말소착 | AA4: 역싸이징 | AB4: 이물질소착 | AC4: 기포 | AD4: 윈도우 GO | AE4: 윈도우 NO | AF4: 조립불량 | AG4: 침투불량 | AH4: 치형뜯김 | AI4: 기타 | AJ4: 폐기 | AK4: 소재불량 | AL4: 합계 | AM4: 오기 유/무
A5: TM NO. | B5: CODE (ERP) | C5: 품 명 | D5: 차종 | E5: 거래선 | F5: 단가 | G5: 불량금액 (단가x수량) | H5: 생산수량 | I5: 불량수량 | J5: 불량율 (PPM)
A6: 1360-00 | B6: 10901 | C6: MOTOR PULLEY | I6: =SUM(L6:AK6) -> 0 | AL6: =SUM(L6:AK6) -> 0 | AM6: =IF(AL6=I6,"OK","NG") -> OK
A7: 1360-01 | B7: 15922 | C7: MOTOR PULLEY | I7: =SUM(L7:AK7) -> 0 | AL7: =SUM(L7:AK7) -> 0 | AM7: =IF(AL7=I7,"OK","NG") -> OK
A8: 1361-00 | B8: 10899 | C8: BALL NUT PULLEY | I8: =SUM(L8:AK8) -> 0 | AL8: =SUM(L8:AK8) -> 0 | AM8: =IF(AL8=I8,"OK","NG") -> OK
A9: 1361-01 | B9: 10897 | C9: BALL NUT PULLEY | I9: =SUM(L9:AK9) -> 0 | AL9: =SUM(L9:AK9) -> 0 | AM9: =IF(AL9=I9,"OK","NG") -> OK
A10: 1361-02 | B10: 18523 | C10: BALL NUT PULLEY | I10: =SUM(L10:AK10) -> 0 | AL10: =SUM(L10:AK10) -> 0 | AM10: =IF(AL10=I10,"OK","NG") -> OK
A11: 1361-50 | B11: 19445 | C11: BELT GUIDE | I11: =SUM(L11:AK11) -> 0 | AL11: =SUM(L11:AK11) -> 0 | AM11: =IF(AL11=I11,"OK","NG") -> OK
A12: 1464-00 | B12: 10315 | C12: PULLEY | I12: =SUM(L12:AK12) -> 0 | AL12: =SUM(L12:AK12) -> 0 | AM12: =IF(AL12=I12,"OK","NG") -> OK
A13: 1464-01 | B13: 14961 | C13: PULLEY | I13: =SUM(L13:AK13) -> 0 | AL13: =SUM(L13:AK13) -> 0 | AM13: =IF(AL13=I13,"OK","NG") -> OK
A14: 1510-00 | B14: 10254 | C14: PULLEY LARGE | I14: =SUM(L14:AK14) -> 0 | AL14: =SUM(L14:AK14) -> 0 | AM14: =IF(AL14=I14,"OK","NG") -> OK
A15: 1510-01 | B15: 11856 | C15: PULLEY LARGE | I15: =SUM(L15:AK15) -> 0 | AL15: =SUM(L15:AK15) -> 0 | AM15: =IF(AL15=I15,"OK","NG") -> OK
A16: 1510-02 | B16: 15003 | C16: PULLEY LARGE | I16: =SUM(L16:AK16) -> 0 | AL16: =SUM(L16:AK16) -> 0 | AM16: =IF(AL16=I16,"OK","NG") -> OK
A17: 1695-00 | B17: 15173 | C17: MOTOR PULLEY | I17: =SUM(L17:AK17) -> 0 | AL17: =SUM(L17:AK17) -> 0 | AM17: =IF(AL17=I17,"OK","NG") -> OK
... A37: 5013-00 | B37: 10133 | C37: CARRIER-REACTION | I37: =SUM(L37:AK37) -> 0 | AL37: =SUM(L37:AK37) -> 0 | AM37: =IF(AL37=I37,"OK","NG") -> OK
A38: 5014-00 | B38: 10131 | C38: CARRIER-INPUT | H38: =1424+1200 -> 2624 | I38: =SUM(L38:AK38) -> 0 | AL38: =SUM(L38:AK38) -> 0 | AM38: =IF(AL38=I38,"OK","NG") -> OK
A39: 5015-00 | B39: 10129 | C39: CARRIER - REACTION | I39: =SUM(L39:AK39) -> 0 | AL39: =SUM(L39:AK39) -> 0 | AM39: =IF(AL39=I39,"OK","NG") -> OK
A40: 5016-00 | B40: 10127 | C40: CARRIER - INPUT | I40: =SUM(L40:AK40) -> 0 | AL40: =SUM(L40:AK40) -> 0 | AM40: =IF(AL40=I40,"OK","NG") -> OK
A41: 5017-00 | B41: 14859 | C41: CARRIER-INPUT | I41: =SUM(L41:AK41) -> 0 | AL41: =SUM(L41:AK41) -> 0 | AM41: =IF(AL41=I41,"OK","NG") -> OK
A42: 5018-00 | B42: 15095 | C42: CARRIER-INPUT | I42: =SUM(L42:AK42) -> 0 | AL42: =SUM(L42:AK42) -> 0 | AM42: =IF(AL42=I42,"OK","NG") -> OK
A43: 6001-00 | B43: 10121 | C43: CARRIER PLANET | I43: =SUM(L43:AK43) -> 0 | AL43: =SUM(L43:AK43) -> 0 | AM43: =IF(AL43=I43,"OK","NG") -> OK
A44: 6002-00 | B44: 10120 | C44: CARRIER PLANET | I44: =SUM(L44:AK44) -> 0 | AL44: =SUM(L44:AK44) -> 0 | AM44: =IF(AL44=I44,"OK","NG") -> OK
A45: 6004-00 | B45: 13467 | C45: CARRIER PLANET MID | H45: 896 | I45: =SUM(L45:AK45) -> 3 | AI45: 3 | AL45: =SUM(L45:AK45) -> 3 | AM45: =IF(AL45=I45,"OK","NG") -> OK
A46: 6004-01 | B46: 15948 | C46: CARRIER PLANET MID | I46: =SUM(L46:AK46) -> 0 | AL46: =SUM(L46:AK46) -> 0 | AM46: =IF(AL46=I46,"OK","NG") -> OK
A47: 6007-00 | B47: 13466 | C47: CARRIER PLANET MID | I47: =SUM(L47:AK47) -> 0 | AL47: =SUM(L47:AK47) -> 0 | AM47: =IF(AL47=I47,"OK","NG") -> OK
A48: 6007-01 | B48: 16598 | C48: CARRIER PLANET MID | H48: 1040 | I48: =SUM(L48:AK48) -> 0 | AL48: =SUM(L48:AK48) -> 0 | AM48: =IF(AL48=I48,"OK","NG") -> OK
A49: 6009-01 | B49: 11815 | C49: PRESSURE PLATE | I49: =SUM(L49:AK49) -> 0 | AL49: =SUM(L49:AK49) -> 0 | AM49: =IF(AL49=I49,"OK","NG") -> OK
A50: 6009-02 | B50: 11823 | C50: PRESSURE PLATE | I50: =SUM(L50:AK50) -> 0 | AL50: =SUM(L50:AK50) -> 0 | AM50: =IF(AL50=I50,"OK","NG") -> OK
A51: 6009-03 | B51: 11824 | C51: PRESSURE PLATE | I51: =SUM(L51:AK51) -> 0 | AL51: =SUM(L51:AK51) -> 0 | AM51: =IF(AL51=I51,"OK","NG") -> OK
A52: 6009-04 | B52: 11825 | C52: PRESSURE PLATE | I52: =SUM(L52:AK52) -> 0 | AL52: =SUM(L52:AK52) -> 0 | AM52: =IF(AL52=I52,"OK","NG") -> OK
A53: 6009-05 | B53: 11826 | C53: PRESSURE PLATE | I53: =SUM(L53:AK53) -> 0 | AL53: =SUM(L53:AK53) -> 0 | AM53: =IF(AL53=I53,"OK","NG") -> OK
A54: 6009-06 | B54: 11827 | C54: PRESSURE PLATE | I54: =SUM(L54:AK54) -> 0 | AL54: =SUM(L54:AK54) -> 0 | AM54: =IF(AL54=I54,"OK","NG") -> OK
A55: 6009-07 | B55: 11828 | C55: PRESSURE PLATE | I55: =SUM(L55:AK55) -> 0 | AL55: =SUM(L55:AK55) -> 0 | AM55: =IF(AL55=I55,"OK","NG") -> OK
A56: 6009-08 | B56: 11830 | C56: PRESSURE PLATE | I56: =SUM(L56:AK56) -> 0 | AL56: =SUM(L56:AK56) -> 0 | AM56: =IF(AL56=I56,"OK","NG") -> OK
A57: 6009-09 | B57: 11832 | C57: PRESSURE PLATE | I57: =SUM(L57:AK57) -> 0 | AL57: =SUM(L57:AK57) -> 0 | AM57: =IF(AL57=I57,"OK","NG") -> OK
A58: 6009-10 | B58: 18839 | C58: PRESSURE PLATE | I58: =SUM(L58:AK58) -> 0 | AL58: =SUM(L58:AK58) -> 0 | AM58: =IF(AL58=I58,"OK","NG") -> OK
A59: 6009-11 | B59: 18840 | C59: PRESSURE PLATE | I59: =SUM(L59:AK59) -> 0 | AL59: =SUM(L59:AK59) -> 0 | AM59: =IF(AL59=I59,"OK","NG") -> OK
A60: 6011-00 | B60: 11380 | C60: CARRIER PALNET | I60: =SUM(L60:AK60) -> 0 | AL60: =SUM(L60:AK60) -> 0 | AM60: =IF(AL60=I60,"OK","NG") -> OK
A61: 6017-00 | B61: 18518 | C61: CARRIER PLANET MID | H61: 170 | I61: =SUM(L61:AK61) -> 0 | AL61: =SUM(L61:AK61) -> 0 | AM61: =IF(AL61=I61,"OK","NG") -> OK
A62: 6017-01 | B62: 16585 | C62: CARRIER PLANET MID | I62: =SUM(L62:AK62) -> 0 | AL62: =SUM(L62:AK62) -> 0 | AM62: =IF(AL62=I62,"OK","NG") -> OK
A63: 6019-00 | B63: 17107 | C63: HOUSING GUIDE RING | I63: =SUM(L63:AK63) -> 0 | AL63: =SUM(L63:AK63) -> 0 | AM63: =IF(AL63=I63,"OK","NG") -> OK
A64: 6020-00 | B64: 19269 | C64: CARRIER PALNET | I64: =SUM(L64:AK64) -> 0 | AL64: =SUM(L64:AK64) -> 0 | AM64: =IF(AL64=I64,"OK","NG") -> OK
A65: 1917-00 | B65: 18306 | C65: BODY | I65: =SUM(L65:AK65) -> 0 | AL65: =SUM(L65:AK65) -> 0 | AM65: =IF(AL65=I65,"OK","NG") -> OK
A66: 1914-00 | B66: 19834 | C66: MOTOR PULLEY | I66: =SUM(L66:AK66) -> 0 | AL66: =SUM(L66:AK66) -> 0 | AM66: =IF(AL66=I66,"OK","NG") -> OK
A67: 1987-00J | B67: 20277 | C67: BELT PULLEY | H67: 1400 | I67: =SUM(L67:AK67) -> 0 | AL67: =SUM(L67:AK67) -> 0 | AM67: =IF(AL67=I67,"OK","NG") -> OK
A68: 1986-00J | B68: 20269 | C68: BELT PULLEY | I68: =SUM(L68:AK68) -> 0 | AL68: =SUM(L68:AK68) -> 0 | AM68: =IF(AL68=I68,"OK","NG") -> OK
A69: 1581-00 | B69: 14023 | C69: 성형-BODY | I69: =SUM(L69:AK69) -> 0 | AL69: =SUM(L69:AK69) -> 0 | AM69: =IF(AL69=I69,"OK","NG") -> OK
A70: 2059-00 | B70: 20955 | C70: BELT PULLEY | I70: =SUM(L70:AK70) -> 0 | AL70: =SUM(L70:AK70) -> 0 | AM70: =IF(AL70=I70,"OK","NG") -> OK
A71: 6023-00AJ | B71: 21298 | C71: CARRIER PLANET MID | H71: 1100 | I71: =SUM(L71:AK71) -> 0 | AL71: =SUM(L71:AK71) -> 0 | AM71: =IF(AL71=I71,"OK","NG") -> OK
A72: 1361-03 | B72: 21809 | C72: BALL NUT PULLEY | I72: =SUM(L72:AK72) -> 0 | AL72: =SUM(L72:AK72) -> 0 | AM72: =IF(AL72=I72,"OK","NG") -> OK
A73: 6009-00 | B73: 11820 | C73: 성형-PRESSURE PLATE | I73: =SUM(L73:AK73) -> 0 | AL73: =SUM(L73:AK73) -> 0 | AM73: =IF(AL73=I73,"OK","NG") -> OK
A74: 1987-01J | B74: 21870 | C74: BELT PULLEY | I74: =SUM(L74:AK74) -> 0 | AL74: =SUM(L74:AK74) -> 0 | AM74: =IF(AL74=I74,"OK","NG") -> OK
A75: 2202-00 | B75: 22379 | C75: PULLEY | I75: =SUM(L75:AK75) -> 0 | AL75: =SUM(L75:AK75) -> 0 | AM75: =IF(AL75=I75,"OK","NG") -> OK
A76: 2206-00 | B76: 22886 | C76: 성형-BALL NUT PULLEY | I76: =SUM(L76:AK76) -> 0 | AL76: =SUM(L76:AK76) -> 0 | AM76: =IF(AL76=I76,"OK","NG") -> OK
A77: 1630-00 | B77: 13007 | C77: 성형-REB,RETAINER | I77: =SUM(L77:AK77) -> 0 | AL77: =SUM(L77:AK77) -> 0 | AM77: =IF(AL77=I77,"OK","NG") -> OK
I78: =SUM(L78:AK78) -> 0 | AL78: =SUM(L78:AK78) -> 0 | AM78: =IF(AL78=I78,"OK","NG") -> OK
I79: =SUM(L79:AK79) -> 0 | AL79: =SUM(L79:AK79) -> 0 | AM79: =IF(AL79=I79,"OK","NG") -> OK
I80: =SUM(L80:AK80) -> 0 | AL80: =SUM(L80:AK80) -> 0 | AM80: =IF(AL80=I80,"OK","NG") -> OK
I81: =SUM(L81:AK81) -> 0 | AL81: =SUM(L81:AK81) -> 0 | AM81: =IF(AL81=I81,"OK","NG") -> OK
I82: =SUM(L82:AK82) -> 0 | AL82: =SUM(L82:AK82) -> 0 | AM82: =IF(AL82=I82,"OK","NG") -> OK
I83: =SUM(L83:AK83) -> 0 | AL83: =SUM(L83:AK83) -> 0 | AM83: =IF(AL83=I83,"OK","NG") -> OK
I84: =SUM(L84:AK84) -> 0 | AL84: =SUM(L84:AK84) -> 0 | AM84: =IF(AL84=I84,"OK","NG") -> OK
I85: =SUM(L85:AK85) -> 0 | AL85: =SUM(L85:AK85) -> 0 | AM85: =IF(AL85=I85,"OK","NG") -> OK
I86: =SUM(L86:AK86) -> 0 | AL86: =SUM(L86:AK86) -> 0 | AM86: =IF(AL86=I86,"OK","NG") -> OK
I87: =SUM(L87:AK87) -> 0 | AL87: =SUM(L87:AK87) -> 0 | AM87: =IF(AL87=I87,"OK","NG") -> OK
I88: =SUM(L88:AK88) -> 0 | AL88: =SUM(L88:AK88) -> 0 | AM88: =IF(AL88=I88,"OK","NG") -> OK
I89: =SUM(L89:AK89) -> 0 | AL89: =SUM(L89:AK89) -> 0 | AM89: =IF(AL89=I89,"OK","NG") -> OK
... I96: =SUM(L96:AK96) -> 0 | AL96: =SUM(L96:AK96) -> 0 | AM96: =IF(AL96=I96,"OK","NG") -> OK
C97: 소계 SUBTOTAL(가로) | G97: =SUM(G6:G74) -> 0 | H97: =SUM(H6:H96) -> 7230 | I97: =SUM(I6:I96) -> 3 | J97: =SUM(J6:J74) -> 0 | L97: =SUM(L6:L96) -> 0 | M97: =SUM(M6:M96) -> 0 | N97: =SUM(N6:N96) -> 0 | O97: =SUM(O6:O96) -> 0 | P97: =SUM(P6:P96) -> 0 | Q97: =SUM(Q6:Q96) -> 0 | R97: =SUM(R6:R96) -> 0 | S97: =SUM(S6:S96) -> 0 | ... AL97: =SUM(AL6:AL96) -> 3 | AM97: =IF(AL97=SUM(I97),"OK","NG") -> OK

Sheet 12
A1: 생산수량 | B1: =H97 -> 0 | E1: 불량금액 | F1: =G97 -> 0
A2: 불량수량 | B2: =I97 -> 0 | L2: =SUBTOTAL(9,L6:L96) -> 0 | M2: =SUBTOTAL(9,M6:M96) -> 0 | N2: =SUBTOTAL(9,N6:N96) -> 0 | O2: =SUBTOTAL(9,O6:O96) -> 0 | P2: =SUBTOTAL(9,P6:P96) -> 0 | Q2: =SUBTOTAL(9,Q6:Q96) -> 0 | R2: =SUBTOTAL(9,R6:R96) -> 0 | S2: =SUBTOTAL(9,S6:S96) -> 0 | ... AL2: =SUBTOTAL(9,AL6:AL96) -> 0
A3: 불량율(ppm) | B3: =IF(ISERROR(B2/(B2+B1)*1000000),"",(B2/(B2+B1)*1000000)) | L3: =SUM(L6:L96) -> 0 | M3: =SUM(M6:M96) -> 0 | N3: =SUM(N6:N96) -> 0 | O3: =SUM(O6:O96) -> 0 | P3: =SUM(P6:P96) -> 0 | Q3: =SUM(Q6:Q96) -> 0 | R3: =SUM(R6:R96) -> 0 | S3: =SUM(S6:S96) -> 0 | ... AL3: =SUM(AL6:AL96) -> 0
A4: =AM97 -> OK | E4: 거래선 및 불량금액 | H4: 종합 | L4: 깨짐 | M4: 찍힘 | N4: CRACK | O4: 스크래치 | P4: 녹불량 | Q4: 초기가동 | R4: 편차수정 | S4: 중량불량 | T4: 설비Error | U4: Pellet누락 | V4: 낙물 | W4: 산화 | X4: 휨 | Y4: 눌림 | Z4: 분말소착 | AA4: 역싸이징 | AB4: 이물질소착 | AC4: 기포 | AD4: 윈도우 GO | AE4: 윈도우 NO | AF4: 조립불량 | AG4: 침투불량 | AH4: 치형뜯김 | AI4: 기타 | AJ4: 폐기 | AK4: 소재불량 | AL4: 합계 | AM4: 오기 유/무
A5: TM NO. | B5: CODE (ERP) | C5: 품 명 | D5: 차종 | E5: 거래선 | F5: 단가 | G5: 불량금액 (단가x수량) | H5: 생산수량 | I5: 불량수량 | J5: 불량율 (PPM)
A6: 1360-00 | B6: 10901 | C6: MOTOR PULLEY | I6: =SUM(L6:AK6) -> 0 | AL6: =SUM(L6:AK6) -> 0 | AM6: =IF(AL6=I6,"OK","NG") -> OK
A7: 1360-01 | B7: 15922 | C7: MOTOR PULLEY | I7: =SUM(L7:AK7) -> 0 | AL7: =SUM(L7:AK7) -> 0 | AM7: =IF(AL7=I7,"OK","NG") -> OK
A8: 1361-00 | B8: 10899 | C8: BALL NUT PULLEY | I8: =SUM(L8:AK8) -> 0 | AL8: =SUM(L8:AK8) -> 0 | AM8: =IF(AL8=I8,"OK","NG") -> OK
A9: 1361-01 | B9: 10897 | C9: BALL NUT PULLEY | I9: =SUM(L9:AK9) -> 0 | AL9: =SUM(L9:AK9) -> 0 | AM9: =IF(AL9=I9,"OK","NG") -> OK
A10: 1361-02 | B10: 18523 | C10: BALL NUT PULLEY | I10: =SUM(L10:AK10) -> 0 | AL10: =SUM(L10:AK10) -> 0 | AM10: =IF(AL10=I10,"OK","NG") -> OK
A11: 1361-50 | B11: 19445 | C11: BELT GUIDE | I11: =SUM(L11:AK11) -> 0 | AL11: =SUM(L11:AK11) -> 0 | AM11: =IF(AL11=I11,"OK","NG") -> OK
A12: 1464-00 | B12: 10315 | C12: PULLEY | I12: =SUM(L12:AK12) -> 0 | AL12: =SUM(L12:AK12) -> 0 | AM12: =IF(AL12=I12,"OK","NG") -> OK
A13: 1464-01 | B13: 14961 | C13: PULLEY | I13: =SUM(L13:AK13) -> 0 | AL13: =SUM(L13:AK13) -> 0 | AM13: =IF(AL13=I13,"OK","NG") -> OK
A14: 1510-00 | B14: 10254 | C14: PULLEY LARGE | I14: =SUM(L14:AK14) -> 0 | AL14: =SUM(L14:AK14) -> 0 | AM14: =IF(AL14=I14,"OK","NG") -> OK
A15: 1510-01 | B15: 11856 | C15: PULLEY LARGE | I15: =SUM(L15:AK15) -> 0 | AL15: =SUM(L15:AK15) -> 0 | AM15: =IF(AL15=I15,"OK","NG") -> OK
A16: 1510-02 | B16: 15003 | C16: PULLEY LARGE | I16: =SUM(L16:AK16) -> 0 | AL16: =SUM(L16:AK16) -> 0 | AM16: =IF(AL16=I16,"OK","NG") -> OK
A17: 1695-00 | B17: 15173 | C17: MOTOR PULLEY | I17: =SUM(L17:AK17) -> 0 | AL17: =SUM(L17:AK17) -> 0 | AM17: =IF(AL17=I17,"OK","NG") -> OK
... A77: 1630-00 | B77: 13007 | C77: 성형-REB,RETAINER | I77: =SUM(L77:AK77) -> 0 | AL77: =SUM(L77:AK77) -> 0 | AM77: =IF(AL77=I77,"OK","NG") -> OK
I78: =SUM(L78:AK78) -> 0 | AL78: =SUM(L78:AK78) -> 0 | AM78: =IF(AL78=I78,"OK","NG") -> OK
I79: =SUM(L79:AK79) -> 0 | AL79: =SUM(L79:AK79) -> 0 | AM79: =IF(AL79=I79,"OK","NG") -> OK
I80: =SUM(L80:AK80) -> 0 | AL80: =SUM(L80:AK80) -> 0 | AM80: =IF(AL80=I80,"OK","NG") -> OK
I81: =SUM(L81:AK81) -> 0 | AL81: =SUM(L81:AK81) -> 0 | AM81: =IF(AL81=I81,"OK","NG") -> OK
I82: =SUM(L82:AK82) -> 0 | AL82: =SUM(L82:AK82) -> 0 | AM82: =IF(AL82=I82,"OK","NG") -> OK
I83: =SUM(L83:AK83) -> 0 | AL83: =SUM(L83:AK83) -> 0 | AM83: =IF(AL83=I83,"OK","NG") -> OK
I84: =SUM(L84:AK84) -> 0 | AL84: =SUM(L84:AK84) -> 0 | AM84: =IF(AL84=I84,"OK","NG") -> OK
I85: =SUM(L85:AK85) -> 0 | AL85: =SUM(L85:AK85) -> 0 | AM85: =IF(AL85=I85,"OK","NG") -> OK
I86: =SUM(L86:AK86) -> 0 | AL86: =SUM(L86:AK86) -> 0 | AM86: =IF(AL86=I86,"OK","NG") -> OK
I87: =SUM(L87:AK87) -> 0 | AL87: =SUM(L87:AK87) -> 0 | AM87: =IF(AL87=I87,"OK","NG") -> OK
I88: =SUM(L88:AK88) -> 0 | AL88: =SUM(L88:AK88) -> 0 | AM88: =IF(AL88=I88,"OK","NG") -> OK
I89: =SUM(L89:AK89) -> 0 | AL89: =SUM(L89:AK89) -> 0 | AM89: =IF(AL89=I89,"OK","NG") -> OK
... I96: =SUM(L96:AK96) -> 0 | AL96: =SUM(L96:AK96) -> 0 | AM96: =IF(AL96=I96,"OK","NG") -> OK
C97: 소계 SUBTOTAL(가로) | G97: =SUM(G6:G74) -> 0 | H97: =SUM(H6:H96) -> 0 | I97: =SUM(I6:I96) -> 0 | J97: =SUM(J6:J74) -> 0 | L97: =SUM(L6:L96) -> 0 | M97: =SUM(M6:M96) -> 0 | N97: =SUM(N6:N96) -> 0 | O97: =SUM(O6:O96) -> 0 | P97: =SUM(P6:P96) -> 0 | Q97: =SUM(Q6:Q96) -> 0 | R97: =SUM(R6:R96) -> 0 | S97: =SUM(S6:S96) -> 0 | ... AL97: =SUM(AL6:AL96) -> 0 | AM97: =IF(AL97=SUM(I97),"OK","NG") -> OK

Sheet 13
A1: 생산수량 | B1: =H97 -> 29919 | E1: 불량금액 | F1: =G97 -> 0
A2: 불량수량 | B2: =I97 -> 4 | L2: =SUBTOTAL(9,L6:L96) -> 1 | M2: =SUBTOTAL(9,M6:M96) -> 0 | N2: =SUBTOTAL(9,N6:N96) -> 0 | O2: =SUBTOTAL(9,O6:O96) -> 0 | P2: =SUBTOTAL(9,P6:P96) -> 0 | Q2: =SUBTOTAL(9,Q6:Q96) -> 0 | R2: =SUBTOTAL(9,R6:R96) -> 0 | S2: =SUBTOTAL(9,S6:S96) -> 0 | ... AL2: =SUBTOTAL(9,AL6:AL96) -> 4
A3: 불량율(ppm) | B3: =IF(ISERROR(B2/(B2+B1)*1000000),"",(B2/(B2+B1)*1000000)) -> 133.67644 | L3: =SUM(L6:L96) -> 1 | M3: =SUM(M6:M96) -> 0 | N3: =SUM(N6:N96) -> 0 | O3: =SUM(O6:O96) -> 0 | P3: =SUM(P6:P96) -> 0 | Q3: =SUM(Q6:Q96) -> 0 | R3: =SUM(R6:R96) -> 0 | S3: =SUM(S6:S96) -> 0 | ... AL3: =SUM(AL6:AL96) -> 4
A4: =AM97 -> OK | E4: 거래선 및 불량금액 | H4: 종합 | L4: 깨짐 | M4: 찍힘 | N4: CRACK | O4: 스크래치 | P4: 녹불량 | Q4: 초기가동 | R4: 편차수정 | S4: 중량불량 | T4: 설비Error | U4: Pellet누락 | V4: 낙물 | W4: 산화 | X4: 휨 | Y4: 눌림 | Z4: 분말소착 | AA4: 역싸이징 | AB4: 이물질소착 | AC4: 기포 | AD4: 윈도우 GO | AE4: 윈도우 NO | AF4: 조립불량 | AG4: 침투불량 | AH4: 치형뜯김 | AI4: 기타 | AJ4: 폐기 | AK4: 소재불량 | AL4: 합계 | AM4: 오기 유/무
A5: TM NO. | B5: CODE (ERP) | C5: 품 명 | D5: 차종 | E5: 거래선 | F5: 단가 | G5: 불량금액 (단가x수량) | H5: 생산수량 | I5: 불량수량 | J5: 불량율 (PPM)
A6: 1360-00 | B6: 10901 | C6: MOTOR PULLEY | I6: =SUM(L6:AK6) -> 0 | AL6: =SUM(L6:AK6) -> 0 | AM6: =IF(AL6=I6,"OK","NG") -> OK
A7: 1360-01 | B7: 15922 | C7: MOTOR PULLEY | I7: =SUM(L7:AK7) -> 0 | AL7: =SUM(L7:AK7) -> 0 | AM7: =IF(AL7=I7,"OK","NG") -> OK
A8: 1361-00 | B8: 10899 | C8: BALL NUT PULLEY | I8: =SUM(L8:AK8) -> 0 | AL8: =SUM(L8:AK8) -> 0 | AM8: =IF(AL8=I8,"OK","NG") -> OK
A9: 1361-01 | B9: 10897 | C9: BALL NUT PULLEY | I9: =SUM(L9:AK9) -> 0 | AL9: =SUM(L9:AK9) -> 0 | AM9: =IF(AL9=I9,"OK","NG") -> OK
A10: 1361-02 | B10: 18523 | C10: BALL NUT PULLEY | I10: =SUM(L10:AK10) -> 0 | AL10: =SUM(L10:AK10) -> 0 | AM10: =IF(AL10=I10,"OK","NG") -> OK
A11: 1361-50 | B11: 19445 | C11: BELT GUIDE | I11: =SUM(L11:AK11) -> 0 | AL11: =SUM(L11:AK11) -> 0 | AM11: =IF(AL11=I11,"OK","NG") -> OK
A12: 1464-00 | B12: 10315 | C12: PULLEY | I12: =SUM(L12:AK12) -> 0 | AL12: =SUM(L12:AK12) -> 0 | AM12: =IF(AL12=I12,"OK","NG") -> OK
A13: 1464-01 | B13: 14961 | C13: PULLEY | I13: =SUM(L13:AK13) -> 0 | AL13: =SUM(L13:AK13) -> 0 | AM13: =IF(AL13=I13,"OK","NG") -> OK
A14: 1510-00 | B14: 10254 | C14: PULLEY LARGE | I14: =SUM(L14:AK14) -> 0 | AL14: =SUM(L14:AK14) -> 0 | AM14: =IF(AL14=I14,"OK","NG") -> OK
A15: 1510-01 | B15: 11856 | C15: PULLEY LARGE | I15: =SUM(L15:AK15) -> 0 | AL15: =SUM(L15:AK15) -> 0 | AM15: =IF(AL15=I15,"OK","NG") -> OK
A16: 1510-02 | B16: 15003 | C16: PULLEY LARGE | I16: =SUM(L16:AK16) -> 0 | AL16: =SUM(L16:AK16) -> 0 | AM16: =IF(AL16=I16,"OK","NG") -> OK
A17: 1695-00 | B17: 15173 | C17: MOTOR PULLEY | I17: =SUM(L17:AK17) -> 0 | AL17: =SUM(L17:AK17) -> 0 | AM17: =IF(AL17=I17,"OK","NG") -> OK
A18: 1781-00 | B18: 15519 | C18: PULLEY | I18: =SUM(L18:AK18) -> 0 | AL18: =SUM(L18:AK18) -> 0 | AM18: =IF(AL18=I18,"OK","NG") -> OK
A19: 1785-00 | B19: 14988 | C19: MOTOR PULLEY | H19: =2160+4200+3840 -> 10200 | I19: =SUM(L19:AK19) -> 0 | AL19: =SUM(L19:AK19) -> 0 | AM19: =IF(AL19=I19,"OK","NG") -> OK
A20: 1786-00 | B20: 14983 | C20: BALL NUT PULLEY | I20: =SUM(L20:AK20) -> 0 | AL20: =SUM(L20:AK20) -> 0 | AM20: =IF(AL20=I20,"OK","NG") -> OK
A21: 1883-00 | B21: 16269 | C21: SLIDE | I21: =SUM(L21:AK21) -> 0 | AL21: =SUM(L21:AK21) -> 0 | AM21: =IF(AL21=I21,"OK","NG") -> OK
A22: 1903-00 | B22: 19059 | C22: PULLEY | I22: =SUM(L22:AK22) -> 0 | AL22: =SUM(L22:AK22) -> 0 | AM22: =IF(AL22=I22,"OK","NG") -> OK
A23: 1935-00 | B23: 18827 | C23: Driven Pulley | I23: =SUM(L23:AK23) -> 0 | AL23: =SUM(L23:AK23) -> 0 | AM23: =IF(AL23=I23,"OK","NG") -> OK
A24: 5001-00 | B24: 10163 | C24: PLATE 1-2-3-4 CLU BKG | H24: =1344+667 -> 2011 | I24: =SUM(L24:AK24) -> 1 | L24: 1 | AL24: =SUM(L24:AK24) -> 1 | AM24: =IF(AL24=I24,"OK","NG") -> OK
A25: 5002-00 | B25: 10160 | C25: PLATE 4-5-6 CLU BKG | I25: =SUM(L25:AK25) -> 0 | AL25: =SUM(L25:AK25) -> 0 | AM25: =IF(AL25=I25,"OK","NG") -> OK
A26: 5003-00 | B26: 10158 | C26: PLATE 3-5-REV CLU BKG | I26: =SUM(L26:AK26) -> 0 | AL26: =SUM(L26:AK26) -> 0 | AM26: =IF(AL26=I26,"OK","NG") -> OK
A27: 5003-01 | B27: 10155 | C27: PLATE 3-5-REV CLU BKG | I27: =SUM(L27:AK27) -> 0 | AL27: =SUM(L27:AK27) -> 0 | AM27: =IF(AL27=I27,"OK","NG") -> OK
A28: 5004-00 | B28: 10153 | C28: PLATE LOW & REV CLU BKG | H28: 1872 | I28: =SUM(L28:AK28) -> 0 | AL28: =SUM(L28:AK28) -> 0 | AM28: =IF(AL28=I28,"OK","NG") -> OK
A29: 5005-00 | B29: 10151 | C29: WHEEL-A/TRANS INPUT SHF SPD SEN RELUCTOR | I29: =SUM(L29:AK29) -> 0 | AL29: =SUM(L29:AK29) -> 0 | AM29: =IF(AL29=I29,"OK","NG") -> OK
A30: 5006-00 | B30: 10149 | C30: PLATE 1-2-3-4 CLU BKG | H30: 1300 | I30: =SUM(L30:AK30) -> 0 | AL30: =SUM(L30:AK30) -> 0 | AM30: =IF(AL30=I30,"OK","NG") -> OK
A31: 5007-00 | B31: 10146 | C31: PLATE 4-5-6 CLU BKG | I31: =SUM(L31:AK31) -> 0 | AL31: =SUM(L31:AK31) -> 0 | AM31: =IF(AL31=I31,"OK","NG") -> OK
A32: 5008-00 | B32: 10143 | C32: PLATE 3-5-REV CLU BKG | I32: =SUM(L32:AK32) -> 0 | AL32: =SUM(L32:AK32) -> 0 | AM32: =IF(AL32=I32,"OK","NG") -> OK
A33: 5009-00 | B33: 10141 | C33: PLATE LOW & REV CLU BKG | I33: =SUM(L33:AK33) -> 0 | AL33: =SUM(L33:AK33) -> 0 | AM33: =IF(AL33=I33,"OK","NG") -> OK
A34: 5010-00 | B34: 10139 | C34: WHEEL-A/TRANS INPUT SHF SPD | H34: =198+660+660 -> 1518 | I34: =SUM(L34:AK34) -> 0 | AL34: =SUM(L34:AK34) -> 0 | AM34: =IF(AL34=I34,"OK","NG") -> OK
A35: 5011-00 | B35: 10137 | C35: CARRIER-REACTION | I35: =SUM(L35:AK35) -> 0 | AL35: =SUM(L35:AK35) -> 0 | AM35: =IF(AL35=I35,"OK","NG") -> OK
A36: 5012-00 | B36: 10135 | C36: CARRIER-INPUT | I36: =SUM(L36:AK36) -> 0 | AL36: =SUM(L36:AK36) -> 0 | AM36: =IF(AL36=I36,"OK","NG") -> OK
A37: 5013-00 | B37: 10133 | C37: CARRIER-REACTION | H37: =250+100 -> 350 | I37: =SUM(L37:AK37) -> 0 | AL37: =SUM(L37:AK37) -> 0 | AM37: =IF(AL37=I37,"OK","NG") -> OK
A38: 5014-00 | B38: 10131 | C38: CARRIER-INPUT | I38: =SUM(L38:AK38) -> 0 | AL38: =SUM(L38:AK38) -> 0 | AM38: =IF(AL38=I38,"OK","NG") -> OK
A39: 5015-00 | B39: 10129 | C39: CARRIER - REACTION | I39: =SUM(L39:AK39) -> 0 | AL39: =SUM(L39:AK39) -> 0 | AM39: =IF(AL39=I39,"OK","NG") -> OK
A40: 5016-00 | B40: 10127 | C40: CARRIER - INPUT | H40: =1250+700 -> 1950 | I40: =SUM(L40:AK40) -> 0 | AL40: =SUM(L40:AK40) -> 0 | AM40: =IF(AL40=I40,"OK","NG") -> OK
A41: 5017-00 | B41: 14859 | C41: CARRIER-INPUT | I41: =SUM(L41:AK41) -> 0 | AL41: =SUM(L41:AK41) -> 0 | AM41: =IF(AL41=I41,"OK","NG") -> OK
A42: 5018-00 | B42: 15095 | C42: CARRIER-INPUT | I42: =SUM(L42:AK42) -> 0 | AL42: =SUM(L42:AK42) -> 0 | AM42: =IF(AL42=I42,"OK","NG") -> OK
A43: 6001-00 | B43: 10121 | C43: CARRIER PLANET | I43: =SUM(L43:AK43) -> 0 | AL43: =SUM(L43:AK43) -> 0 | AM43: =IF(AL43=I43,"OK","NG") -> OK
A44: 6002-00 | B44: 10120 | C44: CARRIER PLANET | I44: =SUM(L44:AK44) -> 0 | AL44: =SUM(L44:AK44) -> 0 | AM44: =IF(AL44=I44,"OK","NG") -> OK
A45: 6004-00 | B45: 13467 | C45: CARRIER PLANET MID | I45: =SUM(L45:AK45) -> 0 | AL45: =SUM(L45:AK45) -> 0 | AM45: =IF(AL45=I45,"OK","NG") -> OK
A46: 6004-01 | B46: 15948 | C46: CARRIER PLANET MID | I46: =SUM(L46:AK46) -> 0 | AL46: =SUM(L46:AK46) -> 0 | AM46: =IF(AL46=I46,"OK","NG") -> OK
A47: 6007-00 | B47: 13466 | C47: CARRIER PLANET MID | I47: =SUM(L47:AK47) -> 0 | AL47: =SUM(L47:AK47) -> 0 | AM47: =IF(AL47=I47,"OK","NG") -> OK
A48: 6007-01 | B48: 16598 | C48: CARRIER PLANET MID | H48: 1006 | I48: =SUM(L48:AK48) -> 0 | AL48: =SUM(L48:AK48) -> 0 | AM48: =IF(AL48=I48,"OK","NG") -> OK
A49: 6009-01 | B49: 11815 | C49: PRESSURE PLATE | I49: =SUM(L49:AK49) -> 0 | AL49: =SUM(L49:AK49) -> 0 | AM49: =IF(AL49=I49,"OK","NG") -> OK
A50: 6009-02 | B50: 11823 | C50: PRESSURE PLATE | I50: =SUM(L50:AK50) -> 0 | AL50: =SUM(L50:AK50) -> 0 | AM50: =IF(AL50=I50,"OK","NG") -> OK
A51: 6009-03 | B51: 11824 | C51: PRESSURE PLATE | I51: =SUM(L51:AK51) -> 0 | AL51: =SUM(L51:AK51) -> 0 | AM51: =IF(AL51=I51,"OK","NG") -> OK
A52: 6009-04 | B52: 11825 | C52: PRESSURE PLATE | I52: =SUM(L52:AK52) -> 0 | AL52: =SUM(L52:AK52) -> 0 | AM52: =IF(AL52=I52,"OK","NG") -> OK
A53: 6009-05 | B53: 11826 | C53: PRESSURE PLATE | I53: =SUM(L53:AK53) -> 0 | AL53: =SUM(L53:AK53) -> 0 | AM53: =IF(AL53=I53,"OK","NG") -> OK
A54: 6009-06 | B54: 11827 | C54: PRESSURE PLATE | I54: =SUM(L54:AK54) -> 0 | AL54: =SUM(L54:AK54) -> 0 | AM54: =IF(AL54=I54,"OK","NG") -> OK
A55: 6009-07 | B55: 11828 | C55: PRESSURE PLATE | I55: =SUM(L55:AK55) -> 0 | AL55: =SUM(L55:AK55) -> 0 | AM55: =IF(AL55=I55,"OK","NG") -> OK
A56: 6009-08 | B56: 11830 | C56: PRESSURE PLATE | I56: =SUM(L56:AK56) -> 0 | AL56: =SUM(L56:AK56) -> 0 | AM56: =IF(AL56=I56,"OK","NG") -> OK
A57: 6009-09 | B57: 11832 | C57: PRESSURE PLATE | I57: =SUM(L57:AK57) -> 0 | AL57: =SUM(L57:AK57) -> 0 | AM57: =IF(AL57=I57,"OK","NG") -> OK
A58: 6009-10 | B58: 18839 | C58: PRESSURE PLATE | I58: =SUM(L58:AK58) -> 0 | AL58: =SUM(L58:AK58) -> 0 | AM58: =IF(AL58=I58,"OK","NG") -> OK
A59: 6009-11 | B59: 18840 | C59: PRESSURE PLATE | I59: =SUM(L59:AK59) -> 0 | AL59: =SUM(L59:AK59) -> 0 | AM59: =IF(AL59=I59,"OK","NG") -> OK
A60: 6011-00 | B60: 11380 | C60: CARRIER PALNET | H60: =648+1000 -> 1648 | I60: =SUM(L60:AK60) -> 0 | AL60: =SUM(L60:AK60) -> 0 | AM60: =IF(AL60=I60,"OK","NG") -> OK
A61: 6017-00 | B61: 18518 | C61: CARRIER PLANET MID | H61: =1000+1050+1008 -> 3058 | I61: =SUM(L61:AK61) -> 0 | AL61: =SUM(L61:AK61) -> 0 | AM61: =IF(AL61=I61,"OK","NG") -> OK
A62: 6017-01 | B62: 16585 | C62: CARRIER PLANET MID | H62: 1006 | I62: =SUM(L62:AK62) -> 0 | AL62: =SUM(L62:AK62) -> 0 | AM62: =IF(AL62=I62,"OK","NG") -> OK
A63: 6019-00 | B63: 17107 | C63: HOUSING GUIDE RING | I63: =SUM(L63:AK63) -> 0 | AL63: =SUM(L63:AK63) -> 0 | AM63: =IF(AL63=I63,"OK","NG") -> OK
A64: 6020-00 | B64: 19269 | C64: CARRIER PALNET | I64: =SUM(L64:AK64) -> 0 | AL64: =SUM(L64:AK64) -> 0 | AM64: =IF(AL64=I64,"OK","NG") -> OK
A65: 1917-00 | B65: 18306 | C65: BODY | I65: =SUM(L65:AK65) -> 0 | AL65: =SUM(L65:AK65) -> 0 | AM65: =IF(AL65=I65,"OK","NG") -> OK
A66: 1914-00 | B66: 19834 | C66: MOTOR PULLEY | I66: =SUM(L66:AK66) -> 0 | AL66: =SUM(L66:AK66) -> 0 | AM66: =IF(AL66=I66,"OK","NG") -> OK
A67: 1987-00J | B67: 20277 | C67: BELT PULLEY | H67: =500+1300 -> 1800 | I67: =SUM(L67:AK67) -> 0 | AL67: =SUM(L67:AK67) -> 0 | AM67: =IF(AL67=I67,"OK","NG") -> OK
A68: 1986-00J | B68: 20269 | C68: BELT PULLEY | I68: =SUM(L68:AK68) -> 0 | AL68: =SUM(L68:AK68) -> 0 | AM68: =IF(AL68=I68,"OK","NG") -> OK
A69: 1581-00 | B69: 14023 | C69: 성형-BODY | I69: =SUM(L69:AK69) -> 0 | AL69: =SUM(L69:AK69) -> 0 | AM69: =IF(AL69=I69,"OK","NG") -> OK
A70: 2059-00 | B70: 20955 | C70: BELT PULLEY | I70: =SUM(L70:AK70) -> 0 | AL70: =SUM(L70:AK70) -> 0 | AM70: =IF(AL70=I70,"OK","NG") -> OK
A71: 6023-00AJ | B71: 21298 | C71: CARRIER PLANET MID | I71: =SUM(L71:AK71) -> 0 | AL71: =SUM(L71:AK71) -> 0 | AM71: =IF(AL71=I71,"OK","NG") -> OK
A72: 1361-03 | B72: 21809 | C72: BALL NUT PULLEY | I72: =SUM(L72:AK72) -> 0 | AL72: =SUM(L72:AK72) -> 0 | AM72: =IF(AL72=I72,"OK","NG") -> OK
A73: 6009-00 | B73: 11820 | C73: 성형-PRESSURE PLATE | I73: =SUM(L73:AK73) -> 0 | AL73: =SUM(L73:AK73) -> 0 | AM73: =IF(AL73=I73,"OK","NG") -> OK
A74: 1987-01J | B74: 21870 | C74: BELT PULLEY | H74: =800+1400 -> 2200 | I74: =SUM(L74:AK74) -> 3 | AI74: 3 | AL74: =SUM(L74:AK74) -> 3 | AM74: =IF(AL74=I74,"OK","NG") -> OK
A75: 2202-00 | B75: 22379 | C75: PULLEY | I75: =SUM(L75:AK75) -> 0 | AL75: =SUM(L75:AK75) -> 0 | AM75: =IF(AL75=I75,"OK","NG") -> OK
A76: 2206-00 | B76: 22886 | C76: 성형-BALL NUT PULLEY | I76: =SUM(L76:AK76) -> 0 | AL76: =SUM(L76:AK76) -> 0 | AM76: =IF(AL76=I76,"OK","NG") -> OK
A77: 1630-00 | B77: 13007 | C77: 성형-REB,RETAINER | I77: =SUM(L77:AK77) -> 0 | AL77: =SUM(L77:AK77) -> 0 | AM77: =IF(AL77=I77,"OK","NG") -> OK
I78: =SUM(L78:AK78) -> 0 | AL78: =SUM(L78:AK78) -> 0 | AM78: =IF(AL78=I78,"OK","NG") -> OK
I79: =SUM(L79:AK79) -> 0 | AL79: =SUM(L79:AK79) -> 0 | AM79: =IF(AL79=I79,"OK","NG") -> OK
I80: =SUM(L80:AK80) -> 0 | AL80: =SUM(L80:AK80) -> 0 | AM80: =IF(AL80=I80,"OK","NG") -> OK
I81: =SUM(L81:AK81) -> 0 | AL81: =SUM(L81:AK81) -> 0 | AM81: =IF(AL81=I81,"OK","NG") -> OK
I82: =SUM(L82:AK82) -> 0 | AL82: =SUM(L82:AK82) -> 0 | AM82: =IF(AL82=I82,"OK","NG") -> OK
I83: =SUM(L83:AK83) -> 0 | AL83: =SUM(L83:AK83) -> 0 | AM83: =IF(AL83=I83,"OK","NG") -> OK
I84: =SUM(L84:AK84) -> 0 | AL84: =SUM(L84:AK84) -> 0 | AM84: =IF(AL84=I84,"OK","NG") -> OK
I85: =SUM(L85:AK85) -> 0 | AL85: =SUM(L85:AK85) -> 0 | AM85: =IF(AL85=I85,"OK","NG") -> OK
I86: =SUM(L86:AK86) -> 0 | AL86: =SUM(L86:AK86) -> 0 | AM86: =IF(AL86=I86,"OK","NG") -> OK
I87: =SUM(L87:AK87) -> 0 | AL87: =SUM(L87:AK87) -> 0 | AM87: =IF(AL87=I87,"OK","NG") -> OK
I88: =SUM(L88:AK88) -> 0 | AL88: =SUM(L88:AK88) -> 0 | AM88: =IF(AL88=I88,"OK","NG") -> OK
I89: =SUM(L89:AK89) -> 0 | AL89: =SUM(L89:AK89) -> 0 | AM89: =IF(AL89=I89,"OK","NG") -> OK
... I96: =SUM(L96:AK96) -> 0 | AL96: =SUM(L96:AK96) -> 0 | AM96: =IF(AL96=I96,"OK","NG") -> OK
C97: 소계 SUBTOTAL(가로) | G97: =SUM(G6:G74) -> 0 | H97: =SUM(H6:H96) -> 29919 | I97: =SUM(I6:I96) -> 4 | J97: =SUM(J6:J74) -> 0 | L97: =SUM(L6:L96) -> 1 | M97: =SUM(M6:M96) -> 0 | N97: =SUM(N6:N96) -> 0 | O97: =SUM(O6:O96) -> 0 | P97: =SUM(P6:P96) -> 0 | Q97: =SUM(Q6:Q96) -> 0 | R97: =SUM(R6:R96) -> 0 | S97: =SUM(S6:S96) -> 0 | ... AL97: =SUM(AL6:AL96) -> 4 | AM97: =IF(AL97=SUM(I97),"OK","NG") -> OK

Sheet 14
A1: 생산수량 | B1: =H97 -> 23290 | E1: 불량금액 | F1: =G97 -> 0
A2: 불량수량 | B2: =I97 -> 10 | L2: =SUBTOTAL(9,L6:L96) -> 3 | M2: =SUBTOTAL(9,M6:M96) -> 0 | N2: =SUBTOTAL(9,N6:N96) -> 2 | O2: =SUBTOTAL(9,O6:O96) -> 0 | P2: =SUBTOTAL(9,P6:P96) -> 0 | Q2: =SUBTOTAL(9,Q6:Q96) -> 0 | R2: =SUBTOTAL(9,R6:R96) -> 0 | S2: =SUBTOTAL(9,S6:S96) -> 0 | ... AL2: =SUBTOTAL(9,AL6:AL96) -> 10
A3: 불량율(ppm) | B3: =IF(ISERROR(B2/(B2+B1)*1000000),"",(B2/(B2+B1)*1000000)) -> 429.18455 | L3: =SUM(L6:L96) -> 3 | M3: =SUM(M6:M96) -> 0 | N3: =SUM(N6:N96) -> 2 | O3: =SUM(O6:O96) -> 0 | P3: =SUM(P6:P96) -> 0 | Q3: =SUM(Q6:Q96) -> 0 | R3: =SUM(R6:R96) -> 0 | S3: =SUM(S6:S96) -> 0 | ... AL3: =SUM(AL6:AL96) -> 10
A4: =AM97 -> OK | E4: 거래선 및 불량금액 | H4: 종합 | L4: 깨짐 | M4: 찍힘 | N4: CRACK | O4: 스크래치 | P4: 녹불량 | Q4: 초기가동 | R4: 편차수정 | S4: 중량불량 | T4: 설비Error | U4: Pellet누락 | V4: 낙물 | W4: 산화 | X4: 휨 | Y4: 눌림 | Z4: 분말소착 | AA4: 역싸이징 | AB4: 이물질소착 | AC4: 기포 | AD4: 윈도우 GO | AE4: 윈도우 NO | AF4: 조립불량 | AG4: 침투불량 | AH4: 치형뜯김 | AI4: 기타 | AJ4: 폐기 | AK4: 소재불량 | AL4: 합계 | AM4: 오기 유/무
A5: TM NO. | B5: CODE (ERP) | C5: 품 명 | D5: 차종 | E5: 거래선 | F5: 단가 | G5: 불량금액 (단가x수량) | H5: 생산수량 | I5: 불량수량 | J5: 불량율 (PPM)
A6: 1360-00 | B6: 10901 | C6: MOTOR PULLEY | I6: =SUM(L6:AK6) -> 0 | AL6: =SUM(L6:AK6) -> 0 | AM6: =IF(AL6=I6,"OK","NG") -> OK
A7: 1360-01 | B7: 15922 | C7: MOTOR PULLEY | I7: =SUM(L7:AK7) -> 0 | AL7: =SUM(L7:AK7) -> 0 | AM7: =IF(AL7=I7,"OK","NG") -> OK
A8: 1361-00 | B8: 10899 | C8: BALL NUT PULLEY | I8: =SUM(L8:AK8) -> 0 | AL8: =SUM(L8:AK8) -> 0 | AM8: =IF(AL8=I8,"OK","NG") -> OK
A9: 1361-01 | B9: 10897 | C9: BALL NUT PULLEY | I9: =SUM(L9:AK9) -> 0 | AL9: =SUM(L9:AK9) -> 0 | AM9: =IF(AL9=I9,"OK","NG") -> OK
A10: 1361-02 | B10: 18523 | C10: BALL NUT PULLEY | I10: =SUM(L10:AK10) -> 0 | AL10: =SUM(L10:AK10) -> 0 | AM10: =IF(AL10=I10,"OK","NG") -> OK
A11: 1361-50 | B11: 19445 | C11: BELT GUIDE | I11: =SUM(L11:AK11) -> 0 | AL11: =SUM(L11:AK11) -> 0 | AM11: =IF(AL11=I11,"OK","NG") -> OK
A12: 1464-00 | B12: 10315 | C12: PULLEY | I12: =SUM(L12:AK12) -> 0 | AL12: =SUM(L12:AK12) -> 0 | AM12: =IF(AL12=I12,"OK","NG") -> OK
A13: 1464-01 | B13: 14961 | C13: PULLEY | I13: =SUM(L13:AK13) -> 0 | AL13: =SUM(L13:AK13) -> 0 | AM13: =IF(AL13=I13,"OK","NG") -> OK
A14: 1510-00 | B14: 10254 | C14: PULLEY LARGE | I14: =SUM(L14:AK14) -> 0 | AL14: =SUM(L14:AK14) -> 0 | AM14: =IF(AL14=I14,"OK","NG") -> OK
A15: 1510-01 | B15: 11856 | C15: PULLEY LARGE | I15: =SUM(L15:AK15) -> 0 | AL15: =SUM(L15:AK15) -> 0 | AM15: =IF(AL15=I15,"OK","NG") -> OK
A16: 1510-02 | B16: 15003 | C16: PULLEY LARGE | I16: =SUM(L16:AK16) -> 0 | AL16: =SUM(L16:AK16) -> 0 | AM16: =IF(AL16=I16,"OK","NG") -> OK
A17: 1695-00 | B17: 15173 | C17: MOTOR PULLEY | I17: =SUM(L17:AK17) -> 0 | AL17: =SUM(L17:AK17) -> 0 | AM17: =IF(AL17=I17,"OK","NG") -> OK
... A23: 1935-00 | B23: 18827 | C23: Driven Pulley | I23: =SUM(L23:AK23) -> 0 | AL23: =SUM(L23:AK23) -> 0 | AM23: =IF(AL23=I23,"OK","NG") -> OK
A24: 5001-00 | B24: 10163 | C24: PLATE 1-2-3-4 CLU BKG | H24: 1650 | I24: =SUM(L24:AK24) -> 0 | AL24: =SUM(L24:AK24) -> 0 | AM24: =IF(AL24=I24,"OK","NG") -> OK
A25: 5002-00 | B25: 10160 | C25: PLATE 4-5-6 CLU BKG | I25: =SUM(L25:AK25) -> 0 | AL25: =SUM(L25:AK25) -> 0 | AM25: =IF(AL25=I25,"OK","NG") -> OK
A26: 5003-00 | B26: 10158 | C26: PLATE 3-5-REV CLU BKG | I26: =SUM(L26:AK26) -> 0 | AL26: =SUM(L26:AK26) -> 0 | AM26: =IF(AL26=I26,"OK","NG") -> OK
A27: 5003-01 | B27: 10155 | C27: PLATE 3-5-REV CLU BKG | I27: =SUM(L27:AK27) -> 0 | AL27: =SUM(L27:AK27) -> 0 | AM27: =IF(AL27=I27,"OK","NG") -> OK
A28: 5004-00 | B28: 10153 | C28: PLATE LOW & REV CLU BKG | I28: =SUM(L28:AK28) -> 0 | AL28: =SUM(L28:AK28) -> 0 | AM28: =IF(AL28=I28,"OK","NG") -> OK
A29: 5005-00 | B29: 10151 | C29: WHEEL-A/TRANS INPUT SHF SPD SEN RELUCTOR | H29: =1320+660 -> 1980 | I29: =SUM(L29:AK29) -> 0 | AL29: =SUM(L29:AK29) -> 0 | AM29: =IF(AL29=I29,"OK","NG") -> OK
A30: 5006-00 | B30: 10149 | C30: PLATE 1-2-3-4 CLU BKG | H30: =575+648 -> 1223 | I30: =SUM(L30:AK30) -> 0 | AL30: =SUM(L30:AK30) -> 0 | AM30: =IF(AL30=I30,"OK","NG") -> OK
A31: 5007-00 | B31: 10146 | C31: PLATE 4-5-6 CLU BKG | I31: =SUM(L31:AK31) -> 0 | AL31: =SUM(L31:AK31) -> 0 | AM31: =IF(AL31=I31,"OK","NG") -> OK
A32: 5008-00 | B32: 10143 | C32: PLATE 3-5-REV CLU BKG | I32: =SUM(L32:AK32) -> 0 | AL32: =SUM(L32:AK32) -> 0 | AM32: =IF(AL32=I32,"OK","NG") -> OK
A33: 5009-00 | B33: 10141 | C33: PLATE LOW & REV CLU BKG | H33: 2124 | I33: =SUM(L33:AK33) -> 5 | L33: 2 | N33: 2 | AC33: 1 | AL33: =SUM(L33:AK33) -> 5 | AM33: =IF(AL33=I33,"OK","NG") -> OK
A34: 5010-00 | B34: 10139 | C34: WHEEL-A/TRANS INPUT SHF SPD | H34: 1500 | I34: =SUM(L34:AK34) -> 0 | AL34: =SUM(L34:AK34) -> 0 | AM34: =IF(AL34=I34,"OK","NG") -> OK
A35: 5011-00 | B35: 10137 | C35: CARRIER-REACTION | I35: =SUM(L35:AK35) -> 0 | AL35: =SUM(L35:AK35) -> 0 | AM35: =IF(AL35=I35,"OK","NG") -> OK
A36: 5012-00 | B36: 10135 | C36: CARRIER-INPUT | I36: =SUM(L36:AK36) -> 0 | AL36: =SUM(L36:AK36) -> 0 | AM36: =IF(AL36=I36,"OK","NG") -> OK
A37: 5013-00 | B37: 10133 | C37: CARRIER-REACTION | H37: =1142+657 -> 1799 | I37: =SUM(L37:AK37) -> 2 | L37: 1 | AC37: 1 | AL37: =SUM(L37:AK37) -> 2 | AM37: =IF(AL37=I37,"OK","NG") -> OK
A38: 5014-00 | B38: 10131 | C38: CARRIER-INPUT | H38: 73 | I38: =SUM(L38:AK38) -> 0 | AL38: =SUM(L38:AK38) -> 0 | AM38: =IF(AL38=I38,"OK","NG") -> OK
A39: 5015-00 | B39: 10129 | C39: CARRIER - REACTION | I39: =SUM(L39:AK39) -> 0 | AL39: =SUM(L39:AK39) -> 0 | AM39: =IF(AL39=I39,"OK","NG") -> OK
A40: 5016-00 | B40: 10127 | C40: CARRIER - INPUT | I40: =SUM(L40:AK40) -> 0 | AL40: =SUM(L40:AK40) -> 0 | AM40: =IF(AL40=I40,"OK","NG") -> OK
A41: 5017-00 | B41: 14859 | C41: CARRIER-INPUT | I41: =SUM(L41:AK41) -> 0 | AL41: =SUM(L41:AK41) -> 0 | AM41: =IF(AL41=I41,"OK","NG") -> OK
A42: 5018-00 | B42: 15095 | C42: CARRIER-INPUT | I42: =SUM(L42:AK42) -> 0 | AL42: =SUM(L42:AK42) -> 0 | AM42: =IF(AL42=I42,"OK","NG") -> OK
A43: 6001-00 | B43: 10121 | C43: CARRIER PLANET | I43: =SUM(L43:AK43) -> 0 | AL43: =SUM(L43:AK43) -> 0 | AM43: =IF(AL43=I43,"OK","NG") -> OK
A44: 6002-00 | B44: 10120 | C44: CARRIER PLANET | I44: =SUM(L44:AK44) -> 0 | AL44: =SUM(L44:AK44) -> 0 | AM44: =IF(AL44=I44,"OK","NG") -> OK
A45: 6004-00 | B45: 13467 | C45: CARRIER PLANET MID | H45: =850+912 -> 1762 | I45: =SUM(L45:AK45) -> 0 | AL45: =SUM(L45:AK45) -> 0 | AM45: =IF(AL45=I45,"OK","NG") -> OK
A46: 6004-01 | B46: 15948 | C46: CARRIER PLANET MID | I46: =SUM(L46:AK46) -> 0 | AL46: =SUM(L46:AK46) -> 0 | AM46: =IF(AL46=I46,"OK","NG") -> OK
A47: 6007-00 | B47: 13466 | C47: CARRIER PLANET MID | I47: =SUM(L47:AK47) -> 0 | AL47: =SUM(L47:AK47) -> 0 | AM47: =IF(AL47=I47,"OK","NG") -> OK
A48: 6007-01 | B48: 16598 | C48: CARRIER PLANET MID | H48: 1006 | I48: =SUM(L48:AK48) -> 0 | AL48: =SUM(L48:AK48) -> 0 | AM48: =IF(AL48=I48,"OK","NG") -> OK
A49: 6009-01 | B49: 11815 | C49: PRESSURE PLATE | I49: =SUM(L49:AK49) -> 0 | AL49: =SUM(L49:AK49) -> 0 | AM49: =IF(AL49=I49,"OK","NG") -> OK
A50: 6009-02 | B50: 11823 | C50: PRESSURE PLATE | I50: =SUM(L50:AK50) -> 0 | AL50: =SUM(L50:AK50) -> 0 | AM50: =IF(AL50=I50,"OK","NG") -> OK
A51: 6009-03 | B51: 11824 | C51: PRESSURE PLATE | I51: =SUM(L51:AK51) -> 0 | AL51: =SUM(L51:AK51) -> 0 | AM51: =IF(AL51=I51,"OK","NG") -> OK
A52: 6009-04 | B52: 11825 | C52: PRESSURE PLATE | I52: =SUM(L52:AK52) -> 0 | AL52: =SUM(L52:AK52) -> 0 | AM52: =IF(AL52=I52,"OK","NG") -> OK
A53: 6009-05 | B53: 11826 | C53: PRESSURE PLATE | I53: =SUM(L53:AK53) -> 0 | AL53: =SUM(L53:AK53) -> 0 | AM53: =IF(AL53=I53,"OK","NG") -> OK
A54: 6009-06 | B54: 11827 | C54: PRESSURE PLATE | I54: =SUM(L54:AK54) -> 0 | AL54: =SUM(L54:AK54) -> 0 | AM54: =IF(AL54=I54,"OK","NG") -> OK
A55: 6009-07 | B55: 11828 | C55: PRESSURE PLATE | I55: =SUM(L55:AK55) -> 0 | AL55: =SUM(L55:AK55) -> 0 | AM55: =IF(AL55=I55,"OK","NG") -> OK
A56: 6009-08 | B56: 11830 | C56: PRESSURE PLATE | I56: =SUM(L56:AK56) -> 0 | AL56: =SUM(L56:AK56) -> 0 | AM56: =IF(AL56=I56,"OK","NG") -> OK
A57: 6009-09 | B57: 11832 | C57: PRESSURE PLATE | I57: =SUM(L57:AK57) -> 0 | AL57: =SUM(L57:AK57) -> 0 | AM57: =IF(AL57=I57,"OK","NG") -> OK
A58: 6009-10 | B58: 18839 | C58: PRESSURE PLATE | I58: =SUM(L58:AK58) -> 0 | AL58: =SUM(L58:AK58) -> 0 | AM58: =IF(AL58=I58,"OK","NG") -> OK
A59: 6009-11 | B59: 18840 | C59: PRESSURE PLATE | I59: =SUM(L59:AK59) -> 0 | AL59: =SUM(L59:AK59) -> 0 | AM59: =IF(AL59=I59,"OK","NG") -> OK
A60: 6011-00 | B60: 11380 | C60: CARRIER PALNET | I60: =SUM(L60:AK60) -> 0 | AL60: =SUM(L60:AK60) -> 0 | AM60: =IF(AL60=I60,"OK","NG") -> OK
A61: 6017-00 | B61: 18518 | C61: CARRIER PLANET MID | H61: 457 | I61: =SUM(L61:AK61) -> 0 | AL61: =SUM(L61:AK61) -> 0 | AM61: =IF(AL61=I61,"OK","NG") -> OK
A62: 6017-01 | B62: 16585 | C62: CARRIER PLANET MID | H62: 1006 | I62: =SUM(L62:AK62) -> 0 | AL62: =SUM(L62:AK62) -> 0 | AM62: =IF(AL62=I62,"OK","NG") -> OK
A63: 6019-00 | B63: 17107 | C63: HOUSING GUIDE RING | I63: =SUM(L63:AK63) -> 0 | AL63: =SUM(L63:AK63) -> 0 | AM63: =IF(AL63=I63,"OK","NG") -> OK
A64: 6020-00 | B64: 19269 | C64: CARRIER PALNET | H64: =1000+360 -> 1360 | I64: =SUM(L64:AK64) -> 0 | AL64: =SUM(L64:AK64) -> 0 | AM64: =IF(AL64=I64,"OK","NG") -> OK
A65: 1917-00 | B65: 18306 | C65: BODY | I65: =SUM(L65:AK65) -> 0 | AL65: =SUM(L65:AK65) -> 0 | AM65: =IF(AL65=I65,"OK","NG") -> OK
A66: 1914-00 | B66: 19834 | C66: MOTOR PULLEY | I66: =SUM(L66:AK66) -> 0 | AL66: =SUM(L66:AK66) -> 0 | AM66: =IF(AL66=I66,"OK","NG") -> OK
A67: 1987-00J | B67: 20277 | C67: BELT PULLEY | H67: =1230+1300+1400 -> 3930 | I67: =SUM(L67:AK67) -> 0 | AL67: =SUM(L67:AK67) -> 0 | AM67: =IF(AL67=I67,"OK","NG") -> OK
A68: 1986-00J | B68: 20269 | C68: BELT PULLEY | I68: =SUM(L68:AK68) -> 0 | AL68: =SUM(L68:AK68) -> 0 | AM68: =IF(AL68=I68,"OK","NG") -> OK
A69: 1581-00 | B69: 14023 | C69: 성형-BODY | I69: =SUM(L69:AK69) -> 0 | AL69: =SUM(L69:AK69) -> 0 | AM69: =IF(AL69=I69,"OK","NG") -> OK
A70: 2059-00 | B70: 20955 | C70: BELT PULLEY | H70: =1260+1260+900 -> 3420 | I70: =SUM(L70:AK70) -> 3 | AC70: 3 | AL70: =SUM(L70:AK70) -> 3 | AM70: =IF(AL70=I70,"OK","NG") -> OK
A71: 6023-00AJ | B71: 21298 | C71: CARRIER PLANET MID | I71: =SUM(L71:AK71) -> 0 | AL71: =SUM(L71:AK71) -> 0 | AM71: =IF(AL71=I71,"OK","NG") -> OK
A72: 1361-03 | B72: 21809 | C72: BALL NUT PULLEY | I72: =SUM(L72:AK72) -> 0 | AL72: =SUM(L72:AK72) -> 0 | AM72: =IF(AL72=I72,"OK","NG") -> OK
A73: 6009-00 | B73: 11820 | C73: 성형-PRESSURE PLATE | I73: =SUM(L73:AK73) -> 0 | AL73: =SUM(L73:AK73) -> 0 | AM73: =IF(AL73=I73,"OK","NG") -> OK
A74: 1987-01J | B74: 21870 | C74: BELT PULLEY | I74: =SUM(L74:AK74) -> 0 | AL74: =SUM(L74:AK74) -> 0 | AM74: =IF(AL74=I74,"OK","NG") -> OK
A75: 2202-00 | B75: 22379 | C75: PULLEY | I75: =SUM(L75:AK75) -> 0 | AL75: =SUM(L75:AK75) -> 0 | AM75: =IF(AL75=I75,"OK","NG") -> OK
A76: 2206-00 | B76: 22886 | C76: 성형-BALL NUT PULLEY | I76: =SUM(L76:AK76) -> 0 | AL76: =SUM(L76:AK76) -> 0 | AM76: =IF(AL76=I76,"OK","NG") -> OK
A77: 1630-00 | B77: 13007 | C77: 성형-REB,RETAINER | I77: =SUM(L77:AK77) -> 0 | AL77: =SUM(L77:AK77) -> 0 | AM77: =IF(AL77=I77,"OK","NG") -> OK
I78: =SUM(L78:AK78) -> 0 | AL78: =SUM(L78:AK78) -> 0 | AM78: =IF(AL78=I78,"OK","NG") -> OK
I79: =SUM(L79:AK79) -> 0 | AL79: =SUM(L79:AK79) -> 0 | AM79: =IF(AL79=I79,"OK","NG") -> OK
I80: =SUM(L80:AK80) -> 0 | AL80: =SUM(L80:AK80) -> 0 | AM80: =IF(AL80=I80,"OK","NG") -> OK
I81: =SUM(L81:AK81) -> 0 | AL81: =SUM(L81:AK81) -> 0 | AM81: =IF(AL81=I81,"OK","NG") -> OK
I82: =SUM(L82:AK82) -> 0 | AL82: =SUM(L82:AK82) -> 0 | AM82: =IF(AL82=I82,"OK","NG") -> OK
I83: =SUM(L83:AK83) -> 0 | AL83: =SUM(L83:AK83) -> 0 | AM83: =IF(AL83=I83,"OK","NG") -> OK
I84: =SUM(L84:AK84) -> 0 | AL84: =SUM(L84:AK84) -> 0 | AM84: =IF(AL84=I84,"OK","NG") -> OK
I85: =SUM(L85:AK85) -> 0 | AL85: =SUM(L85:AK85) -> 0 | AM85: =IF(AL85=I85,"OK","NG") -> OK
I86: =SUM(L86:AK86) -> 0 | AL86: =SUM(L86:AK86) -> 0 | AM86: =IF(AL86=I86,"OK","NG") -> OK
I87: =SUM(L87:AK87) -> 0 | AL87: =SUM(L87:AK87) -> 0 | AM87: =IF(AL87=I87,"OK","NG") -> OK
I88: =SUM(L88:AK88) -> 0 | AL88: =SUM(L88:AK88) -> 0 | AM88: =IF(AL88=I88,"OK","NG") -> OK
I89: =SUM(L89:AK89) -> 0 | AL89: =SUM(L89:AK89) -> 0 | AM89: =IF(AL89=I89,"OK","NG") -> OK
... I96: =SUM(L96:AK96) -> 0 | AL96: =SUM(L96:AK96) -> 0 | AM96: =IF(AL96=I96,"OK","NG") -> OK
C97: 소계 SUBTOTAL(가로) | G97: =SUM(G6:G74) -> 0 | H97: =SUM(H6:H96) -> 23290 | I97: =SUM(I6:I96) -> 10 | J97: =SUM(J6:J74) -> 0 | L97: =SUM(L6:L96) -> 3 | M97: =SUM(M6:M96) -> 0 | N97: =SUM(N6:N96) -> 2 | O97: =SUM(O6:O96) -> 0 | P97: =SUM(P6:P96) -> 0 | Q97: =SUM(Q6:Q96) -> 0 | R97: =SUM(R6:R96) -> 0 | S97: =SUM(S6:S96) -> 0 | ... AL97: =SUM(AL6:AL96) -> 10 | AM97: =IF(AL97=SUM(I97),"OK","NG") -> OK

Sheet 15
A1: 생산수량 | B1: =H97 -> 23818 | E1: 불량금액 | F1: =G97 -> 0
A2: 불량수량 | B2: =I97 -> 13 | L2: =SUBTOTAL(9,L6:L96) -> 1 | M2: =SUBTOTAL(9,M6:M96) -> 1 | N2: =SUBTOTAL(9,N6:N96) -> 2 | O2: =SUBTOTAL(9,O6:O96) -> 0 | P2: =SUBTOTAL(9,P6:P96) -> 0 | Q2: =SUBTOTAL(9,Q6:Q96) -> 0 | R2: =SUBTOTAL(9,R6:R96) -> 0 | S2: =SUBTOTAL(9,S6:S96) -> 0 | ... AL2: =SUBTOTAL(9,AL6:AL96) -> 13
A3: 불량율(ppm) | B3: =IF(ISERROR(B2/(B2+B1)*1000000),"",(B2/(B2+B1)*1000000)) -> 545.50795 | L3: =SUM(L6:L96) -> 1 | M3: =SUM(M6:M96) -> 1 | N3: =SUM(N6:N96) -> 2 | O3: =SUM(O6:O96) -> 0 | P3: =SUM(P6:P96) -> 0 | Q3: =SUM(Q6:Q96) -> 0 | R3: =SUM(R6:R96) -> 0 | S3: =SUM(S6:S96) -> 0 | ... AL3: =SUM(AL6:AL96) -> 13
A4: =AM97 -> OK | E4: 거래선 및 불량금액 | H4: 종합 | L4: 깨짐 | M4: 찍힘 | N4: CRACK | O4: 스크래치 | P4: 녹불량 | Q4: 초기가동 | R4: 편차수정 | S4: 중량불량 | T4: 설비Error | U4: Pellet누락 | V4: 낙물 | W4: 산화 | X4: 휨 | Y4: 눌림 | Z4: 분말소착 | AA4: 역싸이징 | AB4: 이물질소착 | AC4: 기포 | AD4: 윈도우 GO | AE4: 윈도우 NO | AF4: 조립불량 | AG4: 침투불량 | AH4: 치형뜯김 | AI4: 기타 | AJ4: 폐기 | AK4: 소재불량 | AL4: 합계 | AM4: 오기 유/무
A5: TM NO. | B5: CODE (ERP) | C5: 품 명 | D5: 차종 | E5: 거래선 | F5: 단가 | G5: 불량금액 (단가x수량) | H5: 생산수량 | I5: 불량수량 | J5: 불량율 (PPM)
A6: 1360-00 | B6: 10901 | C6: MOTOR PULLEY | I6: =SUM(L6:AK6) -> 0 | AL6: =SUM(L6:AK6) -> 0 | AM6: =IF(AL6=I6,"OK","NG") -> OK
A7: 1360-01 | B7: 15922 | C7: MOTOR PULLEY | I7: =SUM(L7:AK7) -> 0 | AL7: =SUM(L7:AK7) -> 0 | AM7: =IF(AL7=I7,"OK","NG") -> OK
A8: 1361-00 | B8: 10899 | C8: BALL NUT PULLEY | I8: =SUM(L8:AK8) -> 0 | AL8: =SUM(L8:AK8) -> 0 | AM8: =IF(AL8=I8,"OK","NG") -> OK
A9: 1361-01 | B9: 10897 | C9: BALL NUT PULLEY | I9: =SUM(L9:AK9) -> 0 | AL9: =SUM(L9:AK9) -> 0 | AM9: =IF(AL9=I9,"OK","NG") -> OK
A10: 1361-02 | B10: 18523 | C10: BALL NUT PULLEY | I10: =SUM(L10:AK10) -> 0 | AL10: =SUM(L10:AK10) -> 0 | AM10: =IF(AL10=I10,"OK","NG") -> OK
A11: 1361-50 | B11: 19445 | C11: BELT GUIDE | I11: =SUM(L11:AK11) -> 0 | AL11: =SUM(L11:AK11) -> 0 | AM11: =IF(AL11=I11,"OK","NG") -> OK
A12: 1464-00 | B12: 10315 | C12: PULLEY | I12: =SUM(L12:AK12) -> 0 | AL12: =SUM(L12:AK12) -> 0 | AM12: =IF(AL12=I12,"OK","NG") -> OK
A13: 1464-01 | B13: 14961 | C13: PULLEY | I13: =SUM(L13:AK13) -> 0 | AL13: =SUM(L13:AK13) -> 0 | AM13: =IF(AL13=I13,"OK","NG") -> OK
A14: 1510-00 | B14: 10254 | C14: PULLEY LARGE | I14: =SUM(L14:AK14) -> 0 | AL14: =SUM(L14:AK14) -> 0 | AM14: =IF(AL14=I14,"OK","NG") -> OK
A15: 1510-01 | B15: 11856 | C15: PULLEY LARGE | H15: =720+600 -> 1320 | I15: =SUM(L15:AK15) -> 1 | Y15: 1 | AL15: =SUM(L15:AK15) -> 1 | AM15: =IF(AL15=I15,"OK","NG") -> OK
A16: 1510-02 | B16: 15003 | C16: PULLEY LARGE | I16: =SUM(L16:AK16) -> 0 | AL16: =SUM(L16:AK16) -> 0 | AM16: =IF(AL16=I16,"OK","NG") -> OK
A17: 1695-00 | B17: 15173 | C17: MOTOR PULLEY | I17: =SUM(L17:AK17) -> 0 | AL17: =SUM(L17:AK17) -> 0 | AM17: =IF(AL17=I17,"OK","NG") -> OK
A18: 1781-00 | B18: 15519 | C18: PULLEY | I18: =SUM(L18:AK18) -> 0 | AL18: =SUM(L18:AK18) -> 0 | AM18: =IF(AL18=I18,"OK","NG") -> OK
A19: 1785-00 | B19: 14988 | C19: MOTOR PULLEY | I19: =SUM(L19:AK19) -> 0 | AL19: =SUM(L19:AK19) -> 0 | AM19: =IF(AL19=I19,"OK","NG") -> OK
A20: 1786-00 | B20: 14983 | C20: BALL NUT PULLEY | I20: =SUM(L20:AK20) -> 0 | AL20: =SUM(L20:AK20) -> 0 | AM20: =IF(AL20=I20,"OK","NG") -> OK
A21: 1883-00 | B21: 16269 | C21: SLIDE | I21: =SUM(L21:AK21) -> 0 | AL21: =SUM(L21:AK21) -> 0 | AM21: =IF(AL21=I21,"OK","NG") -> OK
A22: 1903-00 | B22: 19059 | C22: PULLEY | I22: =SUM(L22:AK22) -> 0 | AL22: =SUM(L22:AK22) -> 0 | AM22: =IF(AL22=I22,"OK","NG") -> OK
A23: 1935-00 | B23: 18827 | C23: Driven Pulley | I23: =SUM(L23:AK23) -> 0 | AL23: =SUM(L23:AK23) -> 0 | AM23: =IF(AL23=I23,"OK","NG") -> OK
A24: 5001-00 | B24: 10163 | C24: PLATE 1-2-3-4 CLU BKG | H24: =336+670+336+404 -> 1746 | I24: =SUM(L24:AK24) -> 0 | AL24: =SUM(L24:AK24) -> 0 | AM24: =IF(AL24=I24,"OK","NG") -> OK
A25: 5002-00 | B25: 10160 | C25: PLATE 4-5-6 CLU BKG | I25: =SUM(L25:AK25) -> 0 | AL25: =SUM(L25:AK25) -> 0 | AM25: =IF(AL25=I25,"OK","NG") -> OK
A26: 5003-00 | B26: 10158 | C26: PLATE 3-5-REV CLU BKG | I26: =SUM(L26:AK26) -> 0 | AL26: =SUM(L26:AK26) -> 0 | AM26: =IF(AL26=I26,"OK","NG") -> OK
A27: 5003-01 | B27: 10155 | C27: PLATE 3-5-REV CLU BKG | I27: =SUM(L27:AK27) -> 0 | AL27: =SUM(L27:AK27) -> 0 | AM27: =IF(AL27=I27,"OK","NG") -> OK
A28: 5004-00 | B28: 10153 | C28: PLATE LOW & REV CLU BKG | H28: 2184 | I28: =SUM(L28:AK28) -> 3 | M28: 1 | Z28: 2 | AL28: =SUM(L28:AK28) -> 3 | AM28: =IF(AL28=I28,"OK","NG") -> OK
A29: 5005-00 | B29: 10151 | C29: WHEEL-A/TRANS INPUT SHF SPD SEN RELUCTOR | H29: 1320 | I29: =SUM(L29:AK29) -> 0 | AL29: =SUM(L29:AK29) -> 0 | AM29: =IF(AL29=I29,"OK","NG") -> OK
A30: 5006-00 | B30: 10149 | C30: PLATE 1-2-3-4 CLU BKG | H30: =342+648 -> 990 | I30: =SUM(L30:AK30) -> 0 | AL30: =SUM(L30:AK30) -> 0 | AM30: =IF(AL30=I30,"OK","NG") -> OK
A31: 5007-00 | B31: 10146 | C31: PLATE 4-5-6 CLU BKG | I31: =SUM(L31:AK31) -> 0 | AL31: =SUM(L31:AK31) -> 0 | AM31: =IF(AL31=I31,"OK","NG") -> OK
A32: 5008-00 | B32: 10143 | C32: PLATE 3-5-REV CLU BKG | I32: =SUM(L32:AK32) -> 0 | AL32: =SUM(L32:AK32) -> 0 | AM32: =IF(AL32=I32,"OK","NG") -> OK
A33: 5009-00 | B33: 10141 | C33: PLATE LOW & REV CLU BKG | I33: =SUM(L33:AK33) -> 0 | AL33: =SUM(L33:AK33) -> 0 | AM33: =IF(AL33=I33,"OK","NG") -> OK
A34: 5010-00 | B34: 10139 | C34: WHEEL-A/TRANS INPUT SHF SPD | H34: =750+330+330 -> 1410 | I34: =SUM(L34:AK34) -> 0 | AL34: =SUM(L34:AK34) -> 0 | AM34: =IF(AL34=I34,"OK","NG") -> OK
A35: 5011-00 | B35: 10137 | C35: CARRIER-REACTION | I35: =SUM(L35:AK35) -> 0 | AL35: =SUM(L35:AK35) -> 0 | AM35: =IF(AL35=I35,"OK","NG") -> OK
A36: 5012-00 | B36: 10135 | C36: CARRIER-INPUT | I36: =SUM(L36:AK36) -> 0 | AL36: =SUM(L36:AK36) -> 0 | AM36: =IF(AL36=I36,"OK","NG") -> OK
A37: 5013-00 | B37: 10133 | C37: CARRIER-REACTION | H37: =1220+119+1300 -> 2639 | I37: =SUM(L37:AK37) -> 2 | N37: 2 | AL37: =SUM(L37:AK37) -> 2 | AM37: =IF(AL37=I37,"OK","NG") -> OK
A38: 5014-00 | B38: 10131 | C38: CARRIER-INPUT | H38: 820 | I38: =SUM(L38:AK38) -> 1 | L38: 1 | AL38: =SUM(L38:AK38) -> 1 | AM38: =IF(AL38=I38,"OK","NG") -> OK
A39: 5015-00 | B39: 10129 | C39: CARRIER - REACTION | I39: =SUM(L39:AK39) -> 0 | AL39: =SUM(L39:AK39) -> 0 | AM39: =IF(AL39=I39,"OK","NG") -> OK
A40: 5016-00 | B40: 10127 | C40: CARRIER - INPUT | I40: =SUM(L40:AK40) -> 0 | AL40: =SUM(L40:AK40) -> 0 | AM40: =IF(AL40=I40,"OK","NG") -> OK
A41: 5017-00 | B41: 14859 | C41: CARRIER-INPUT | I41: =SUM(L41:AK41) -> 0 | AL41: =SUM(L41:AK41) -> 0 | AM41: =IF(AL41=I41,"OK","NG") -> OK
A42: 5018-00 | B42: 15095 | C42: CARRIER-INPUT | I42: =SUM(L42:AK42) -> 0 | AL42: =SUM(L42:AK42) -> 0 | AM42: =IF(AL42=I42,"OK","NG") -> OK
A43: 6001-00 | B43: 10121 | C43: CARRIER PLANET | I43: =SUM(L43:AK43) -> 0 | AL43: =SUM(L43:AK43) -> 0 | AM43: =IF(AL43=I43,"OK","NG") -> OK
A44: 6002-00 | B44: 10120 | C44: CARRIER PLANET | I44: =SUM(L44:AK44) -> 0 | AL44: =SUM(L44:AK44) -> 0 | AM44: =IF(AL44=I44,"OK","NG") -> OK
A45: 6004-00 | B45: 13467 | C45: CARRIER PLANET MID | I45: =SUM(L45:AK45) -> 0 | AL45: =SUM(L45:AK45) -> 0 | AM45: =IF(AL45=I45,"OK","NG") -> OK
A46: 6004-01 | B46: 15948 | C46: CARRIER PLANET MID | I46: =SUM(L46:AK46) -> 0 | AL46: =SUM(L46:AK46) -> 0 | AM46: =IF(AL46=I46,"OK","NG") -> OK
A47: 6007-00 | B47: 13466 | C47: CARRIER PLANET MID | I47: =SUM(L47:AK47) -> 0 | AL47: =SUM(L47:AK47) -> 0 | AM47: =IF(AL47=I47,"OK","NG") -> OK
A48: 6007-01 | B48: 16598 | C48: CARRIER PLANET MID | H48: 280 | I48: =SUM(L48:AK48) -> 1 | AI48: 1 | AL48: =SUM(L48:AK48) -> 1 | AM48: =IF(AL48=I48,"OK","NG") -> OK
A49: 6009-01 | B49: 11815 | C49: PRESSURE PLATE | I49: =SUM(L49:AK49) -> 0 | AL49: =SUM(L49:AK49) -> 0 | AM49: =IF(AL49=I49,"OK","NG") -> OK
A50: 6009-02 | B50: 11823 | C50: PRESSURE PLATE | I50: =SUM(L50:AK50) -> 0 | AL50: =SUM(L50:AK50) -> 0 | AM50: =IF(AL50=I50,"OK","NG") -> OK
A51: 6009-03 | B51: 11824 | C51: PRESSURE PLATE | I51: =SUM(L51:AK51) -> 0 | AL51: =SUM(L51:AK51) -> 0 | AM51: =IF(AL51=I51,"OK","NG") -> OK
A52: 6009-04 | B52: 11825 | C52: PRESSURE PLATE | I52: =SUM(L52:AK52) -> 0 | AL52: =SUM(L52:AK52) -> 0 | AM52: =IF(AL52=I52,"OK","NG") -> OK
A53: 6009-05 | B53: 11826 | C53: PRESSURE PLATE | I53: =SUM(L53:AK53) -> 0 | AL53: =SUM(L53:AK53) -> 0 | AM53: =IF(AL53=I53,"OK","NG") -> OK
A54: 6009-06 | B54: 11827 | C54: PRESSURE PLATE | I54: =SUM(L54:AK54) -> 0 | AL54: =SUM(L54:AK54) -> 0 | AM54: =IF(AL54=I54,"OK","NG") -> OK
A55: 6009-07 | B55: 11828 | C55: PRESSURE PLATE | I55: =SUM(L55:AK55) -> 0 | AL55: =SUM(L55:AK55) -> 0 | AM55: =IF(AL55=I55,"OK","NG") -> OK
A56: 6009-08 | B56: 11830 | C56: PRESSURE PLATE | I56: =SUM(L56:AK56) -> 0 | AL56: =SUM(L56:AK56) -> 0 | AM56: =IF(AL56=I56,"OK","NG") -> OK
A57: 6009-09 | B57: 11832 | C57: PRESSURE PLATE | I57: =SUM(L57:AK57) -> 0 | AL57: =SUM(L57:AK57) -> 0 | AM57: =IF(AL57=I57,"OK","NG") -> OK
A58: 6009-10 | B58: 18839 | C58: PRESSURE PLATE | I58: =SUM(L58:AK58) -> 0 | AL58: =SUM(L58:AK58) -> 0 | AM58: =IF(AL58=I58,"OK","NG") -> OK
A59: 6009-11 | B59: 18840 | C59: PRESSURE PLATE | I59: =SUM(L59:AK59) -> 0 | AL59: =SUM(L59:AK59) -> 0 | AM59: =IF(AL59=I59,"OK","NG") -> OK
A60: 6011-00 | B60: 11380 | C60: CARRIER PALNET | H60: 880 | I60: =SUM(L60:AK60) -> 0 | AL60: =SUM(L60:AK60) -> 0 | AM60: =IF(AL60=I60,"OK","NG") -> OK
A61: 6017-00 | B61: 18518 | C61: CARRIER PLANET MID | H61: =1008+1006+1008 -> 3022 | I61: =SUM(L61:AK61) -> 0 | AL61: =SUM(L61:AK61) -> 0 | AM61: =IF(AL61=I61,"OK","NG") -> OK
A62: 6017-01 | B62: 16585 | C62: CARRIER PLANET MID | I62: =SUM(L62:AK62) -> 0 | AL62: =SUM(L62:AK62) -> 0 | AM62: =IF(AL62=I62,"OK","NG") -> OK
A63: 6019-00 | B63: 17107 | C63: HOUSING GUIDE RING | I63: =SUM(L63:AK63) -> 0 | AL63: =SUM(L63:AK63) -> 0 | AM63: =IF(AL63=I63,"OK","NG") -> OK
A64: 6020-00 | B64: 19269 | C64: CARRIER PALNET | H64: 1230 | I64: =SUM(L64:AK64) -> 0 | AL64: =SUM(L64:AK64) -> 0 | AM64: =IF(AL64=I64,"OK","NG") -> OK
A65: 1917-00 | B65: 18306 | C65: BODY | I65: =SUM(L65:AK65) -> 0 | AL65: =SUM(L65:AK65) -> 0 | AM65: =IF(AL65=I65,"OK","NG") -> OK
A66: 1914-00 | B66: 19834 | C66: MOTOR PULLEY | I66: =SUM(L66:AK66) -> 0 | AL66: =SUM(L66:AK66) -> 0 | AM66: =IF(AL66=I66,"OK","NG") -> OK
A67: 1987-00J | B67: 20277 | C67: BELT PULLEY | H67: 384 | I67: =SUM(L67:AK67) -> 0 | AL67: =SUM(L67:AK67) -> 0 | AM67: =IF(AL67=I67,"OK","NG") -> OK
A68: 1986-00J | B68: 20269 | C68: BELT PULLEY | H68: =800+1000+1400 -> 3200 | I68: =SUM(L68:AK68) -> 1 | AB68: 1 | AL68: =SUM(L68:AK68) -> 1 | AM68: =IF(AL68=I68,"OK","NG") -> OK
A69: 1581-00 | B69: 14023 | C69: 성형-BODY | I69: =SUM(L69:AK69) -> 0 | AL69: =SUM(L69:AK69) -> 0 | AM69: =IF(AL69=I69,"OK","NG") -> OK
A70: 2059-00 | B70: 20955 | C70: BELT PULLEY | H70: =1260+450+180 -> 1890 | I70: =SUM(L70:AK70) -> 2 | AC70: 2 | AL70: =SUM(L70:AK70) -> 2 | AM70: =IF(AL70=I70,"OK","NG") -> OK
A71: 6023-00AJ | B71: 21298 | C71: CARRIER PLANET MID | H71: 503 | I71: =SUM(L71:AK71) -> 2 | AI71: 2 | AL71: =SUM(L71:AK71) -> 2 | AM71: =IF(AL71=I71,"OK","NG") -> OK
A72: 1361-03 | B72: 21809 | C72: BALL NUT PULLEY | I72: =SUM(L72:AK72) -> 0 | AL72: =SUM(L72:AK72) -> 0 | AM72: =IF(AL72=I72,"OK","NG") -> OK
A73: 6009-00 | B73: 11820 | C73: 성형-PRESSURE PLATE | I73: =SUM(L73:AK73) -> 0 | AL73: =SUM(L73:AK73) -> 0 | AM73: =IF(AL73=I73,"OK","NG") -> OK
A74: 1987-01J | B74: 21870 | C74: BELT PULLEY | I74: =SUM(L74:AK74) -> 0 | AL74: =SUM(L74:AK74) -> 0 | AM74: =IF(AL74=I74,"OK","NG") -> OK
A75: 2202-00 | B75: 22379 | C75: PULLEY | I75: =SUM(L75:AK75) -> 0 | AL75: =SUM(L75:AK75) -> 0 | AM75: =IF(AL75=I75,"OK","NG") -> OK
A76: 2206-00 | B76: 22886 | C76: 성형-BALL NUT PULLEY | I76: =SUM(L76:AK76) -> 0 | AL76: =SUM(L76:AK76) -> 0 | AM76: =IF(AL76=I76,"OK","NG") -> OK
A77: 1630-00 | B77: 13007 | C77: 성형-REB,RETAINER | I77: =SUM(L77:AK77) -> 0 | AL77: =SUM(L77:AK77) -> 0 | AM77: =IF(AL77=I77,"OK","NG") -> OK
I78: =SUM(L78:AK78) -> 0 | AL78: =SUM(L78:AK78) -> 0 | AM78: =IF(AL78=I78,"OK","NG") -> OK
I79: =SUM(L79:AK79) -> 0 | AL79: =SUM(L79:AK79) -> 0 | AM79: =IF(AL79=I79,"OK","NG") -> OK
I80: =SUM(L80:AK80) -> 0 | AL80: =SUM(L80:AK80) -> 0 | AM80: =IF(AL80=I80,"OK","NG") -> OK
I81: =SUM(L81:AK81) -> 0 | AL81: =SUM(L81:AK81) -> 0 | AM81: =IF(AL81=I81,"OK","NG") -> OK
I82: =SUM(L82:AK82) -> 0 | AL82: =SUM(L82:AK82) -> 0 | AM82: =IF(AL82=I82,"OK","NG") -> OK
I83: =SUM(L83:AK83) -> 0 | AL83: =SUM(L83:AK83) -> 0 | AM83: =IF(AL83=I83,"OK","NG") -> OK
I84: =SUM(L84:AK84) -> 0 | AL84: =SUM(L84:AK84) -> 0 | AM84: =IF(AL84=I84,"OK","NG") -> OK
I85: =SUM(L85:AK85) -> 0 | AL85: =SUM(L85:AK85) -> 0 | AM85: =IF(AL85=I85,"OK","NG") -> OK
I86: =SUM(L86:AK86) -> 0 | AL86: =SUM(L86:AK86) -> 0 | AM86: =IF(AL86=I86,"OK","NG") -> OK
I87: =SUM(L87:AK87) -> 0 | AL87: =SUM(L87:AK87) -> 0 | AM87: =IF(AL87=I87,"OK","NG") -> OK
I88: =SUM(L88:AK88) -> 0 | AL88: =SUM(L88:AK88) -> 0 | AM88: =IF(AL88=I88,"OK","NG") -> OK
I89: =SUM(L89:AK89) -> 0 | AL89: =SUM(L89:AK89) -> 0 | AM89: =IF(AL89=I89,"OK","NG") -> OK
... I96: =SUM(L96:AK96) -> 0 | AL96: =SUM(L96:AK96) -> 0 | AM96: =IF(AL96=I96,"OK","NG") -> OK
C97: 소계 SUBTOTAL(가로) | G97: =SUM(G6:G74) -> 0 | H97: =SUM(H6:H96) -> 23818 | I97: =SUM(I6:I96) -> 13 | J97: =SUM(J6:J74) -> 0 | L97: =SUM(L6:L96) -> 1 | M97: =SUM(M6:M96) -> 1 | N97: =SUM(N6:N96) -> 2 | O97: =SUM(O6:O96) -> 0 | P97: =SUM(P6:P96) -> 0 | Q97: =SUM(Q6:Q96) -> 0 | R97: =SUM(R6:R96) -> 0 | S97: =SUM(S6:S96) -> 0 | ... AL97: =SUM(AL6:AL96) -> 13 | AM97: =IF(AL97=SUM(I97),"OK","NG") -> OK

Sheet 16
A1: 생산수량 | B1: =H97 -> 20808 | E1: 불량금액 | F1: =G97 -> 0
A2: 불량수량 | B2: =I97 -> 14 | L2: =SUBTOTAL(9,L6:L96) -> 0 | M2: =SUBTOTAL(9,M6:M96) -> 0 | N2: =SUBTOTAL(9,N6:N96) -> 1 | O2: =SUBTOTAL(9,O6:O96) -> 0 | P2: =SUBTOTAL(9,P6:P96) -> 0 | Q2: =SUBTOTAL(9,Q6:Q96) -> 0 | R2: =SUBTOTAL(9,R6:R96) -> 0 | S2: =SUBTOTAL(9,S6:S96) -> 0 | ... AL2: =SUBTOTAL(9,AL6:AL96) -> 14
A3: 불량율(ppm) | B3: =IF(ISERROR(B2/(B2+B1)*1000000),"",(B2/(B2+B1)*1000000)) -> 672.36577 | L3: =SUM(L6:L96) -> 0 | M3: =SUM(M6:M96) -> 0 | N3: =SUM(N6:N96) -> 1 | O3: =SUM(O6:O96) -> 0 | P3: =SUM(P6:P96) -> 0 | Q3: =SUM(Q6:Q96) -> 0 | R3: =SUM(R6:R96) -> 0 | S3: =SUM(S6:S96) -> 0 | ... AL3: =SUM(AL6:AL96) -> 14
A4: =AM97 -> OK | E4: 거래선 및 불량금액 | H4: 종합 | L4: 깨짐 | M4: 찍힘 | N4: CRACK | O4: 스크래치 | P4: 녹불량 | Q4: 초기가동 | R4: 편차수정 | S4: 중량불량 | T4: 설비Error | U4: Pellet누락 | V4: 낙물 | W4: 산화 | X4: 휨 | Y4: 눌림 | Z4: 분말소착 | AA4: 역싸이징 | AB4: 이물질소착 | AC4: 기포 | AD4: 윈도우 GO | AE4: 윈도우 NO | AF4: 조립불량 | AG4: 침투불량 | AH4: 치형뜯김 | AI4: 기타 | AJ4: 폐기 | AK4: 소재불량 | AL4: 합계 | AM4: 오기 유/무
A5: TM NO. | B5: CODE (ERP) | C5: 품 명 | D5: 차종 | E5: 거래선 | F5: 단가 | G5: 불량금액 (단가x수량) | H5: 생산수량 | I5: 불량수량 | J5: 불량율 (PPM)
A6: 1360-00 | B6: 10901 | C6: MOTOR PULLEY | I6: =SUM(L6:AK6) -> 0 | AL6: =SUM(L6:AK6) -> 0 | AM6: =IF(AL6=I6,"OK","NG") -> OK
A7: 1360-01 | B7: 15922 | C7: MOTOR PULLEY | I7: =SUM(L7:AK7) -> 0 | AL7: =SUM(L7:AK7) -> 0 | AM7: =IF(AL7=I7,"OK","NG") -> OK
A8: 1361-00 | B8: 10899 | C8: BALL NUT PULLEY | I8: =SUM(L8:AK8) -> 0 | AL8: =SUM(L8:AK8) -> 0 | AM8: =IF(AL8=I8,"OK","NG") -> OK
A9: 1361-01 | B9: 10897 | C9: BALL NUT PULLEY | I9: =SUM(L9:AK9) -> 0 | AL9: =SUM(L9:AK9) -> 0 | AM9: =IF(AL9=I9,"OK","NG") -> OK
A10: 1361-02 | B10: 18523 | C10: BALL NUT PULLEY | I10: =SUM(L10:AK10) -> 0 | AL10: =SUM(L10:AK10) -> 0 | AM10: =IF(AL10=I10,"OK","NG") -> OK
A11: 1361-50 | B11: 19445 | C11: BELT GUIDE | I11: =SUM(L11:AK11) -> 0 | AL11: =SUM(L11:AK11) -> 0 | AM11: =IF(AL11=I11,"OK","NG") -> OK
A12: 1464-00 | B12: 10315 | C12: PULLEY | I12: =SUM(L12:AK12) -> 0 | AL12: =SUM(L12:AK12) -> 0 | AM12: =IF(AL12=I12,"OK","NG") -> OK
A13: 1464-01 | B13: 14961 | C13: PULLEY | I13: =SUM(L13:AK13) -> 0 | AL13: =SUM(L13:AK13) -> 0 | AM13: =IF(AL13=I13,"OK","NG") -> OK
A14: 1510-00 | B14: 10254 | C14: PULLEY LARGE | I14: =SUM(L14:AK14) -> 0 | AL14: =SUM(L14:AK14) -> 0 | AM14: =IF(AL14=I14,"OK","NG") -> OK
A15: 1510-01 | B15: 11856 | C15: PULLEY LARGE | H15: 1224 | I15: =SUM(L15:AK15) -> 1 | Y15: 1 | AL15: =SUM(L15:AK15) -> 1 | AM15: =IF(AL15=I15,"OK","NG") -> OK
A16: 1510-02 | B16: 15003 | C16: PULLEY LARGE | I16: =SUM(L16:AK16) -> 0 | AL16: =SUM(L16:AK16) -> 0 | AM16: =IF(AL16=I16,"OK","NG") -> OK
A17: 1695-00 | B17: 15173 | C17: MOTOR PULLEY | H17: 840 | I17: =SUM(L17:AK17) -> 0 | AL17: =SUM(L17:AK17) -> 0 | AM17: =IF(AL17=I17,"OK","NG") -> OK
A18: 1781-00 | B18: 15519 | C18: PULLEY | I18: =SUM(L18:AK18) -> 0 | AL18: =SUM(L18:AK18) -> 0 | AM18: =IF(AL18=I18,"OK","NG") -> OK
A19: 1785-00 | B19: 14988 | C19: MOTOR PULLEY | H19: =960+3960 -> 4920 | I19: =SUM(L19:AK19) -> 0 | AL19: =SUM(L19:AK19) -> 0 | AM19: =IF(AL19=I19,"OK","NG") -> OK
A20: 1786-00 | B20: 14983 | C20: BALL NUT PULLEY | I20: =SUM(L20:AK20) -> 0 | AL20: =SUM(L20:AK20) -> 0 | AM20: =IF(AL20=I20,"OK","NG") -> OK
A21: 1883-00 | B21: 16269 | C21: SLIDE | I21: =SUM(L21:AK21) -> 0 | AL21: =SUM(L21:AK21) -> 0 | AM21: =IF(AL21=I21,"OK","NG") -> OK
A22: 1903-00 | B22: 19059 | C22: PULLEY | I22: =SUM(L22:AK22) -> 0 | AL22: =SUM(L22:AK22) -> 0 | AM22: =IF(AL22=I22,"OK","NG") -> OK
A23: 1935-00 | B23: 18827 | C23: Driven Pulley | I23: =SUM(L23:AK23) -> 0 | AL23: =SUM(L23:AK23) -> 0 | AM23: =IF(AL23=I23,"OK","NG") -> OK
A24: 5001-00 | B24: 10163 | C24: PLATE 1-2-3-4 CLU BKG | I24: =SUM(L24:AK24) -> 0 | AL24: =SUM(L24:AK24) -> 0 | AM24: =IF(AL24=I24,"OK","NG") -> OK
A25: 5002-00 | B25: 10160 | C25: PLATE 4-5-6 CLU BKG | I25: =SUM(L25:AK25) -> 0 | AL25: =SUM(L25:AK25) -> 0 | AM25: =IF(AL25=I25,"OK","NG") -> OK
A26: 5003-00 | B26: 10158 | C26: PLATE 3-5-REV CLU BKG | I26: =SUM(L26:AK26) -> 0 | AL26: =SUM(L26:AK26) -> 0 | AM26: =IF(AL26=I26,"OK","NG") -> OK
A27: 5003-01 | B27: 10155 | C27: PLATE 3-5-REV CLU BKG | I27: =SUM(L27:AK27) -> 0 | AL27: =SUM(L27:AK27) -> 0 | AM27: =IF(AL27=I27,"OK","NG") -> OK
A28: 5004-00 | B28: 10153 | C28: PLATE LOW & REV CLU BKG | H28: 312 | I28: =SUM(L28:AK28) -> 0 | AL28: =SUM(L28:AK28) -> 0 | AM28: =IF(AL28=I28,"OK","NG") -> OK
A29: 5005-00 | B29: 10151 | C29: WHEEL-A/TRANS INPUT SHF SPD SEN RELUCTOR | I29: =SUM(L29:AK29) -> 0 | AL29: =SUM(L29:AK29) -> 0 | AM29: =IF(AL29=I29,"OK","NG") -> OK
A30: 5006-00 | B30: 10149 | C30: PLATE 1-2-3-4 CLU BKG | H30: 1881 | I30: =SUM(L30:AK30) -> 2 | AC30: 2 | AL30: =SUM(L30:AK30) -> 2 | AM30: =IF(AL30=I30,"OK","NG") -> OK
A31: 5007-00 | B31: 10146 | C31: PLATE 4-5-6 CLU BKG | I31: =SUM(L31:AK31) -> 0 | AL31: =SUM(L31:AK31) -> 0 | AM31: =IF(AL31=I31,"OK","NG") -> OK
A32: 5008-00 | B32: 10143 | C32: PLATE 3-5-REV CLU BKG | I32: =SUM(L32:AK32) -> 0 | AL32: =SUM(L32:AK32) -> 0 | AM32: =IF(AL32=I32,"OK","NG") -> OK
A33: 5009-00 | B33: 10141 | C33: PLATE LOW & REV CLU BKG | H33: 708 | I33: =SUM(L33:AK33) -> 2 | Y33: 1 | AC33: 1 | AL33: =SUM(L33:AK33) -> 2 | AM33: =IF(AL33=I33,"OK","NG") -> OK
A34: 5010-00 | B34: 10139 | C34: WHEEL-A/TRANS INPUT SHF SPD | H34: 1320 | I34: =SUM(L34:AK34) -> 2 | AC34: 2 | AL34: =SUM(L34:AK34) -> 2 | AM34: =IF(AL34=I34,"OK","NG") -> OK
A35: 5011-00 | B35: 10137 | C35: CARRIER-REACTION | I35: =SUM(L35:AK35) -> 0 | AL35: =SUM(L35:AK35) -> 0 | AM35: =IF(AL35=I35,"OK","NG") -> OK
A36: 5012-00 | B36: 10135 | C36: CARRIER-INPUT | I36: =SUM(L36:AK36) -> 0 | AL36: =SUM(L36:AK36) -> 0 | AM36: =IF(AL36=I36,"OK","NG") -> OK
A37: 5013-00 | B37: 10133 | C37: CARRIER-REACTION | H37: 1190 | I37: =SUM(L37:AK37) -> 2 | N37: 1 | AC37: 1 | AL37: =SUM(L37:AK37) -> 2 | AM37: =IF(AL37=I37,"OK","NG") -> OK
A38: 5014-00 | B38: 10131 | C38: CARRIER-INPUT | I38: =SUM(L38:AK38) -> 0 | AL38: =SUM(L38:AK38) -> 0 | AM38: =IF(AL38=I38,"OK","NG") -> OK
A39: 5015-00 | B39: 10129 | C39: CARRIER - REACTION | I39: =SUM(L39:AK39) -> 0 | AL39: =SUM(L39:AK39) -> 0 | AM39: =IF(AL39=I39,"OK","NG") -> OK
A40: 5016-00 | B40: 10127 | C40: CARRIER - INPUT | I40: =SUM(L40:AK40) -> 0 | AL40: =SUM(L40:AK40) -> 0 | AM40: =IF(AL40=I40,"OK","NG") -> OK
A41: 5017-00 | B41: 14859 | C41: CARRIER-INPUT | I41: =SUM(L41:AK41) -> 0 | AL41: =SUM(L41:AK41) -> 0 | AM41: =IF(AL41=I41,"OK","NG") -> OK
A42: 5018-00 | B42: 15095 | C42: CARRIER-INPUT | I42: =SUM(L42:AK42) -> 0 | AL42: =SUM(L42:AK42) -> 0 | AM42: =IF(AL42=I42,"OK","NG") -> OK
A43: 6001-00 | B43: 10121 | C43: CARRIER PLANET | I43: =SUM(L43:AK43) -> 0 | AL43: =SUM(L43:AK43) -> 0 | AM43: =IF(AL43=I43,"OK","NG") -> OK
A44: 6002-00 | B44: 10120 | C44: CARRIER PLANET | I44: =SUM(L44:AK44) -> 0 | AL44: =SUM(L44:AK44) -> 0 | AM44: =IF(AL44=I44,"OK","NG") -> OK
A45: 6004-00 | B45: 13467 | C45: CARRIER PLANET MID | I45: =SUM(L45:AK45) -> 0 | AL45: =SUM(L45:AK45) -> 0 | AM45: =IF(AL45=I45,"OK","NG") -> OK
A46: 6004-01 | B46: 15948 | C46: CARRIER PLANET MID | I46: =SUM(L46:AK46) -> 0 | AL46: =SUM(L46:AK46) -> 0 | AM46: =IF(AL46=I46,"OK","NG") -> OK
A47: 6007-00 | B47: 13466 | C47: CARRIER PLANET MID | I47: =SUM(L47:AK47) -> 0 | AL47: =SUM(L47:AK47) -> 0 | AM47: =IF(AL47=I47,"OK","NG") -> OK
A48: 6007-01 | B48: 16598 | C48: CARRIER PLANET MID | H48: =1006+280 -> 1286 | I48: =SUM(L48:AK48) -> 0 | AL48: =SUM(L48:AK48) -> 0 | AM48: =IF(AL48=I48,"OK","NG") -> OK
A49: 6009-01 | B49: 11815 | C49: PRESSURE PLATE | I49: =SUM(L49:AK49) -> 0 | AL49: =SUM(L49:AK49) -> 0 | AM49: =IF(AL49=I49,"OK","NG") -> OK
A50: 6009-02 | B50: 11823 | C50: PRESSURE PLATE | I50: =SUM(L50:AK50) -> 0 | AL50: =SUM(L50:AK50) -> 0 | AM50: =IF(AL50=I50,"OK","NG") -> OK
A51: 6009-03 | B51: 11824 | C51: PRESSURE PLATE | I51: =SUM(L51:AK51) -> 0 | AL51: =SUM(L51:AK51) -> 0 | AM51: =IF(AL51=I51,"OK","NG") -> OK
A52: 6009-04 | B52: 11825 | C52: PRESSURE PLATE | I52: =SUM(L52:AK52) -> 0 | AL52: =SUM(L52:AK52) -> 0 | AM52: =IF(AL52=I52,"OK","NG") -> OK
A53: 6009-05 | B53: 11826 | C53: PRESSURE PLATE | I53: =SUM(L53:AK53) -> 0 | AL53: =SUM(L53:AK53) -> 0 | AM53: =IF(AL53=I53,"OK","NG") -> OK
A54: 6009-06 | B54: 11827 | C54: PRESSURE PLATE | I54: =SUM(L54:AK54) -> 0 | AL54: =SUM(L54:AK54) -> 0 | AM54: =IF(AL54=I54,"OK","NG") -> OK
A55: 6009-07 | B55: 11828 | C55: PRESSURE PLATE | I55: =SUM(L55:AK55) -> 0 | AL55: =SUM(L55:AK55) -> 0 | AM55: =IF(AL55=I55,"OK","NG") -> OK
A56: 6009-08 | B56: 11830 | C56: PRESSURE PLATE | I56: =SUM(L56:AK56) -> 0 | AL56: =SUM(L56:AK56) -> 0 | AM56: =IF(AL56=I56,"OK","NG") -> OK
A57: 6009-09 | B57: 11832 | C57: PRESSURE PLATE | I57: =SUM(L57:AK57) -> 0 | AL57: =SUM(L57:AK57) -> 0 | AM57: =IF(AL57=I57,"OK","NG") -> OK
A58: 6009-10 | B58: 18839 | C58: PRESSURE PLATE | I58: =SUM(L58:AK58) -> 0 | AL58: =SUM(L58:AK58) -> 0 | AM58: =IF(AL58=I58,"OK","NG") -> OK
A59: 6009-11 | B59: 18840 | C59: PRESSURE PLATE | I59: =SUM(L59:AK59) -> 0 | AL59: =SUM(L59:AK59) -> 0 | AM59: =IF(AL59=I59,"OK","NG") -> OK
A60: 6011-00 | B60: 11380 | C60: CARRIER PALNET | H60: 723 | I60: =SUM(L60:AK60) -> 0 | AL60: =SUM(L60:AK60) -> 0 | AM60: =IF(AL60=I60,"OK","NG") -> OK
A61: 6017-00 | B61: 18518 | C61: CARRIER PLANET MID | H61: =1036+1008 -> 2044 | I61: =SUM(L61:AK61) -> 0 | AL61: =SUM(L61:AK61) -> 0 | AM61: =IF(AL61=I61,"OK","NG") -> OK
A62: 6017-01 | B62: 16585 | C62: CARRIER PLANET MID | H62: 700 | I62: =SUM(L62:AK62) -> 0 | AL62: =SUM(L62:AK62) -> 0 | AM62: =IF(AL62=I62,"OK","NG") -> OK
A63: 6019-00 | B63: 17107 | C63: HOUSING GUIDE RING | I63: =SUM(L63:AK63) -> 0 | AL63: =SUM(L63:AK63) -> 0 | AM63: =IF(AL63=I63,"OK","NG") -> OK
A64: 6020-00 | B64: 19269 | C64: CARRIER PALNET | H64: 1000 | I64: =SUM(L64:AK64) -> 0 | AL64: =SUM(L64:AK64) -> 0 | AM64: =IF(AL64=I64,"OK","NG") -> OK
A65: 1917-00 | B65: 18306 | C65: BODY | I65: =SUM(L65:AK65) -> 0 | AL65: =SUM(L65:AK65) -> 0 | AM65: =IF(AL65=I65,"OK","NG") -> OK
A66: 1914-00 | B66: 19834 | C66: MOTOR PULLEY | I66: =SUM(L66:AK66) -> 0 | AL66: =SUM(L66:AK66) -> 0 | AM66: =IF(AL66=I66,"OK","NG") -> OK
A67: 1987-00J | B67: 20277 | C67: BELT PULLEY | H67: 886 | I67: =SUM(L67:AK67) -> 0 | AL67: =SUM(L67:AK67) -> 0 | AM67: =IF(AL67=I67,"OK","NG") -> OK
A68: 1986-00J | B68: 20269 | C68: BELT PULLEY | H68: 100 | I68: =SUM(L68:AK68) -> 0 | AL68: =SUM(L68:AK68) -> 0 | AM68: =IF(AL68=I68,"OK","NG") -> OK
A69: 1581-00 | B69: 14023 | C69: 성형-BODY | I69: =SUM(L69:AK69) -> 0 | AL69: =SUM(L69:AK69) -> 0 | AM69: =IF(AL69=I69,"OK","NG") -> OK
A70: 2059-00 | B70: 20955 | C70: BELT PULLEY | I70: =SUM(L70:AK70) -> 0 | AL70: =SUM(L70:AK70) -> 0 | AM70: =IF(AL70=I70,"OK","NG") -> OK
A71: 6023-00AJ | B71: 21298 | C71: CARRIER PLANET MID | I71: =SUM(L71:AK71) -> 0 | AL71: =SUM(L71:AK71) -> 0 | AM71: =IF(AL71=I71,"OK","NG") -> OK
A72: 1361-03 | B72: 21809 | C72: BALL NUT PULLEY | I72: =SUM(L72:AK72) -> 0 | AL72: =SUM(L72:AK72) -> 0 | AM72: =IF(AL72=I72,"OK","NG") -> OK
A73: 6009-00 | B73: 11820 | C73: 성형-PRESSURE PLATE | I73: =SUM(L73:AK73) -> 0 | AL73: =SUM(L73:AK73) -> 0 | AM73: =IF(AL73=I73,"OK","NG") -> OK
A74: 1987-01J | B74: 21870 | C74: BELT PULLEY | H74: =174+900 -> 1074 | I74: =SUM(L74:AK74) -> 5 | AI74: 5 | AL74: =SUM(L74:AK74) -> 5 | AM74: =IF(AL74=I74,"OK","NG") -> OK
A75: 2202-00 | B75: 22379 | C75: PULLEY | I75: =SUM(L75:AK75) -> 0 | AL75: =SUM(L75:AK75) -> 0 | AM75: =IF(AL75=I75,"OK","NG") -> OK
A76: 2206-00 | B76: 22886 | C76: 성형-BALL NUT PULLEY | H76: 600 | I76: =SUM(L76:AK76) -> 0 | AL76: =SUM(L76:AK76) -> 0 | AM76: =IF(AL76=I76,"OK","NG") -> OK
A77: 1630-00 | B77: 13007 | C77: 성형-REB,RETAINER | I77: =SUM(L77:AK77) -> 0 | AL77: =SUM(L77:AK77) -> 0 | AM77: =IF(AL77=I77,"OK","NG") -> OK
I78: =SUM(L78:AK78) -> 0 | AL78: =SUM(L78:AK78) -> 0 | AM78: =IF(AL78=I78,"OK","NG") -> OK
I79: =SUM(L79:AK79) -> 0 | AL79: =SUM(L79:AK79) -> 0 | AM79: =IF(AL79=I79,"OK","NG") -> OK
I80: =SUM(L80:AK80) -> 0 | AL80: =SUM(L80:AK80) -> 0 | AM80: =IF(AL80=I80,"OK","NG") -> OK
I81: =SUM(L81:AK81) -> 0 | AL81: =SUM(L81:AK81) -> 0 | AM81: =IF(AL81=I81,"OK","NG") -> OK
I82: =SUM(L82:AK82) -> 0 | AL82: =SUM(L82:AK82) -> 0 | AM82: =IF(AL82=I82,"OK","NG") -> OK
I83: =SUM(L83:AK83) -> 0 | AL83: =SUM(L83:AK83) -> 0 | AM83: =IF(AL83=I83,"OK","NG") -> OK
I84: =SUM(L84:AK84) -> 0 | AL84: =SUM(L84:AK84) -> 0 | AM84: =IF(AL84=I84,"OK","NG") -> OK
I85: =SUM(L85:AK85) -> 0 | AL85: =SUM(L85:AK85) -> 0 | AM85: =IF(AL85=I85,"OK","NG") -> OK
I86: =SUM(L86:AK86) -> 0 | AL86: =SUM(L86:AK86) -> 0 | AM86: =IF(AL86=I86,"OK","NG") -> OK
I87: =SUM(L87:AK87) -> 0 | AL87: =SUM(L87:AK87) -> 0 | AM87: =IF(AL87=I87,"OK","NG") -> OK
I88: =SUM(L88:AK88) -> 0 | AL88: =SUM(L88:AK88) -> 0 | AM88: =IF(AL88=I88,"OK","NG") -> OK
I89: =SUM(L89:AK89) -> 0 | AL89: =SUM(L89:AK89) -> 0 | AM89: =IF(AL89=I89,"OK","NG") -> OK
... I96: =SUM(L96:AK96) -> 0 | AL96: =SUM(L96:AK96) -> 0 | AM96: =IF(AL96=I96,"OK","NG") -> OK
C97: 소계 SUBTOTAL(가로) | G97: =SUM(G6:G74) -> 0 | H97: =SUM(H6:H96) -> 20808 | I97: =SUM(I6:I96) -> 14 | J97: =SUM(J6:J74) -> 0 | L97: =SUM(L6:L96) -> 0 | M97: =SUM(M6:M96) -> 0 | N97: =SUM(N6:N96) -> 1 | O97: =SUM(O6:O96) -> 0 | P97: =SUM(P6:P96) -> 0 | Q97: =SUM(Q6:Q96) -> 0 | R97: =SUM(R6:R96) -> 0 | S97: =SUM(S6:S96) -> 0 | ... AL97: =SUM(AL6:AL96) -> 14 | AM97: =IF(AL97=SUM(I97),"OK","NG") -> OK

Sheet 17
A1: 생산수량 | B1: =H97 -> 28902 | E1: 불량금액 | F1: =G97 -> 0
A2: 불량수량 | B2: =I97 -> 27 | L2: =SUBTOTAL(9,L6:L96) -> 19 | M2: =SUBTOTAL(9,M6:M96) -> 3 | N2: =SUBTOTAL(9,N6:N96) -> 0 | O2: =SUBTOTAL(9,O6:O96) -> 0 | P2: =SUBTOTAL(9,P6:P96) -> 1 | Q2: =SUBTOTAL(9,Q6:Q96) -> 0 | R2: =SUBTOTAL(9,R6:R96) -> 0 | S2: =SUBTOTAL(9,S6:S96) -> 0 | ... AL2: =SUBTOTAL(9,AL6:AL96) -> 27
A3: 불량율(ppm) | B3: =IF(ISERROR(B2/(B2+B1)*1000000),"",(B2/(B2+B1)*1000000)) -> 933.31951 | L3: =SUM(L6:L96) -> 19 | M3: =SUM(M6:M96) -> 3 | N3: =SUM(N6:N96) -> 0 | O3: =SUM(O6:O96) -> 0 | P3: =SUM(P6:P96) -> 1 | Q3: =SUM(Q6:Q96) -> 0 | R3: =SUM(R6:R96) -> 0 | S3: =SUM(S6:S96) -> 0 | ... AL3: =SUM(AL6:AL96) -> 27
A4: =AM97 -> OK | E4: 거래선 및 불량금액 | H4: 종합 | L4: 깨짐 | M4: 찍힘 | N4: CRACK | O4: 스크래치 | P4: 녹불량 | Q4: 초기가동 | R4: 편차수정 | S4: 중량불량 | T4: 설비Error | U4: Pellet누락 | V4: 낙물 | W4: 산화 | X4: 휨 | Y4: 눌림 | Z4: 분말소착 | AA4: 역싸이징 | AB4: 이물질소착 | AC4: 기포 | AD4: 윈도우 GO | AE4: 윈도우 NO | AF4: 조립불량 | AG4: 침투불량 | AH4: 치형뜯김 | AI4: 기타 | AJ4: 폐기 | AK4: 소재불량 | AL4: 합계 | AM4: 오기 유/무
A5: TM NO. | B5: CODE (ERP) | C5: 품 명 | D5: 차종 | E5: 거래선 | F5: 단가 | G5: 불량금액 (단가x수량) | H5: 생산수량 | I5: 불량수량 | J5: 불량율 (PPM)
A6: 1360-00 | B6: 10901 | C6: MOTOR PULLEY | I6: =SUM(L6:AK6) -> 0 | AL6: =SUM(L6:AK6) -> 0 | AM6: =IF(AL6=I6,"OK","NG") -> OK
A7: 1360-01 | B7: 15922 | C7: MOTOR PULLEY | I7: =SUM(L7:AK7) -> 0 | AL7: =SUM(L7:AK7) -> 0 | AM7: =IF(AL7=I7,"OK","NG") -> OK
A8: 1361-00 | B8: 10899 | C8: BALL NUT PULLEY | I8: =SUM(L8:AK8) -> 0 | AL8: =SUM(L8:AK8) -> 0 | AM8: =IF(AL8=I8,"OK","NG") -> OK
A9: 1361-01 | B9: 10897 | C9: BALL NUT PULLEY | H9: =830+1140 -> 1970 | I9: =SUM(L9:AK9) -> 1 | P9: 1 | AL9: =SUM(L9:AK9) -> 1 | AM9: =IF(AL9=I9,"OK","NG") -> OK
A10: 1361-02 | B10: 18523 | C10: BALL NUT PULLEY | I10: =SUM(L10:AK10) -> 0 | AL10: =SUM(L10:AK10) -> 0 | AM10: =IF(AL10=I10,"OK","NG") -> OK
A11: 1361-50 | B11: 19445 | C11: BELT GUIDE | I11: =SUM(L11:AK11) -> 0 | AL11: =SUM(L11:AK11) -> 0 | AM11: =IF(AL11=I11,"OK","NG") -> OK
A12: 1464-00 | B12: 10315 | C12: PULLEY | I12: =SUM(L12:AK12) -> 0 | AL12: =SUM(L12:AK12) -> 0 | AM12: =IF(AL12=I12,"OK","NG") -> OK
A13: 1464-01 | B13: 14961 | C13: PULLEY | I13: =SUM(L13:AK13) -> 0 | AL13: =SUM(L13:AK13) -> 0 | AM13: =IF(AL13=I13,"OK","NG") -> OK
A14: 1510-00 | B14: 10254 | C14: PULLEY LARGE | I14: =SUM(L14:AK14) -> 0 | AL14: =SUM(L14:AK14) -> 0 | AM14: =IF(AL14=I14,"OK","NG") -> OK
A15: 1510-01 | B15: 11856 | C15: PULLEY LARGE | I15: =SUM(L15:AK15) -> 0 | AL15: =SUM(L15:AK15) -> 0 | AM15: =IF(AL15=I15,"OK","NG") -> OK
A16: 1510-02 | B16: 15003 | C16: PULLEY LARGE | I16: =SUM(L16:AK16) -> 0 | AL16: =SUM(L16:AK16) -> 0 | AM16: =IF(AL16=I16,"OK","NG") -> OK
A17: 1695-00 | B17: 15173 | C17: MOTOR PULLEY | I17: =SUM(L17:AK17) -> 0 | AL17: =SUM(L17:AK17) -> 0 | AM17: =IF(AL17=I17,"OK","NG") -> OK
A18: 1781-00 | B18: 15519 | C18: PULLEY | I18: =SUM(L18:AK18) -> 0 | AL18: =SUM(L18:AK18) -> 0 | AM18: =IF(AL18=I18,"OK","NG") -> OK
A19: 1785-00 | B19: 14988 | C19: MOTOR PULLEY | H19: 3840 | I19: =SUM(L19:AK19) -> 0 | AL19: =SUM(L19:AK19) -> 0 | AM19: =IF(AL19=I19,"OK","NG") -> OK
A20: 1786-00 | B20: 14983 | C20: BALL NUT PULLEY | I20: =SUM(L20:AK20) -> 0 | AL20: =SUM(L20:AK20) -> 0 | AM20: =IF(AL20=I20,"OK","NG") -> OK
A21: 1883-00 | B21: 16269 | C21: SLIDE | I21: =SUM(L21:AK21) -> 0 | AL21: =SUM(L21:AK21) -> 0 | AM21: =IF(AL21=I21,"OK","NG") -> OK
A22: 1903-00 | B22: 19059 | C22: PULLEY | H22: 3700 | I22: =SUM(L22:AK22) -> 0 | AL22: =SUM(L22:AK22) -> 0 | AM22: =IF(AL22=I22,"OK","NG") -> OK
A23: 1935-00 | B23: 18827 | C23: Driven Pulley | I23: =SUM(L23:AK23) -> 0 | AL23: =SUM(L23:AK23) -> 0 | AM23: =IF(AL23=I23,"OK","NG") -> OK
A24: 5001-00 | B24: 10163 | C24: PLATE 1-2-3-4 CLU BKG | I24: =SUM(L24:AK24) -> 0 | AL24: =SUM(L24:AK24) -> 0 | AM24: =IF(AL24=I24,"OK","NG") -> OK
A25: 5002-00 | B25: 10160 | C25: PLATE 4-5-6 CLU BKG | I25: =SUM(L25:AK25) -> 0 | AL25: =SUM(L25:AK25) -> 0 | AM25: =IF(AL25=I25,"OK","NG") -> OK
A26: 5003-00 | B26: 10158 | C26: PLATE 3-5-REV CLU BKG | I26: =SUM(L26:AK26) -> 0 | AL26: =SUM(L26:AK26) -> 0 | AM26: =IF(AL26=I26,"OK","NG") -> OK
A27: 5003-01 | B27: 10155 | C27: PLATE 3-5-REV CLU BKG | I27: =SUM(L27:AK27) -> 0 | AL27: =SUM(L27:AK27) -> 0 | AM27: =IF(AL27=I27,"OK","NG") -> OK
A28: 5004-00 | B28: 10153 | C28: PLATE LOW & REV CLU BKG | I28: =SUM(L28:AK28) -> 0 | AL28: =SUM(L28:AK28) -> 0 | AM28: =IF(AL28=I28,"OK","NG") -> OK
A29: 5005-00 | B29: 10151 | C29: WHEEL-A/TRANS INPUT SHF SPD SEN RELUCTOR | H29: =710+594 -> 1304 | I29: =SUM(L29:AK29) -> 0 | AL29: =SUM(L29:AK29) -> 0 | AM29: =IF(AL29=I29,"OK","NG") -> OK
A30: 5006-00 | B30: 10149 | C30: PLATE 1-2-3-4 CLU BKG | H30: 1100 | I30: =SUM(L30:AK30) -> 0 | AL30: =SUM(L30:AK30) -> 0 | AM30: =IF(AL30=I30,"OK","NG") -> OK
A31: 5007-00 | B31: 10146 | C31: PLATE 4-5-6 CLU BKG | I31: =SUM(L31:AK31) -> 0 | AL31: =SUM(L31:AK31) -> 0 | AM31: =IF(AL31=I31,"OK","NG") -> OK
A32: 5008-00 | B32: 10143 | C32: PLATE 3-5-REV CLU BKG | I32: =SUM(L32:AK32) -> 0 | AL32: =SUM(L32:AK32) -> 0 | AM32: =IF(AL32=I32,"OK","NG") -> OK
A33: 5009-00 | B33: 10141 | C33: PLATE LOW & REV CLU BKG | H33: 2124 | I33: =SUM(L33:AK33) -> 20 | L33: 18 | M33: 1 | Y33: 1 | AL33: =SUM(L33:AK33) -> 20 | AM33: =IF(AL33=I33,"OK","NG") -> OK
A34: 5010-00 | B34: 10139 | C34: WHEEL-A/TRANS INPUT SHF SPD | H34: =630+660 -> 1290 | I34: =SUM(L34:AK34) -> 2 | Y34: 2 | AL34: =SUM(L34:AK34) -> 2 | AM34: =IF(AL34=I34,"OK","NG") -> OK
A35: 5011-00 | B35: 10137 | C35: CARRIER-REACTION | I35: =SUM(L35:AK35) -> 0 | AL35: =SUM(L35:AK35) -> 0 | AM35: =IF(AL35=I35,"OK","NG") -> OK
A36: 5012-00 | B36: 10135 | C36: CARRIER-INPUT | I36: =SUM(L36:AK36) -> 0 | AL36: =SUM(L36:AK36) -> 0 | AM36: =IF(AL36=I36,"OK","NG") -> OK
A37: 5013-00 | B37: 10133 | C37: CARRIER-REACTION | H37: =1210+925+1016 -> 3151 | I37: =SUM(L37:AK37) -> 1 | M37: 1 | AL37: =SUM(L37:AK37) -> 1 | AM37: =IF(AL37=I37,"OK","NG") -> OK
A38: 5014-00 | B38: 10131 | C38: CARRIER-INPUT | I38: =SUM(L38:AK38) -> 0 | AL38: =SUM(L38:AK38) -> 0 | AM38: =IF(AL38=I38,"OK","NG") -> OK
A39: 5015-00 | B39: 10129 | C39: CARRIER - REACTION | H39: =250+576+1300 -> 2126 | I39: =SUM(L39:AK39) -> 1 | M39: 1 | AL39: =SUM(L39:AK39) -> 1 | AM39: =IF(AL39=I39,"OK","NG") -> OK
A40: 5016-00 | B40: 10127 | C40: CARRIER - INPUT | H40: =1030+1000+200 -> 2230 | I40: =SUM(L40:AK40) -> 1 | L40: 1 | AL40: =SUM(L40:AK40) -> 1 | AM40: =IF(AL40=I40,"OK","NG") -> OK
A41: 5017-00 | B41: 14859 | C41: CARRIER-INPUT | I41: =SUM(L41:AK41) -> 0 | AL41: =SUM(L41:AK41) -> 0 | AM41: =IF(AL41=I41,"OK","NG") -> OK
A42: 5018-00 | B42: 15095 | C42: CARRIER-INPUT | I42: =SUM(L42:AK42) -> 0 | AL42: =SUM(L42:AK42) -> 0 | AM42: =IF(AL42=I42,"OK","NG") -> OK
A43: 6001-00 | B43: 10121 | C43: CARRIER PLANET | I43: =SUM(L43:AK43) -> 0 | AL43: =SUM(L43:AK43) -> 0 | AM43: =IF(AL43=I43,"OK","NG") -> OK
A44: 6002-00 | B44: 10120 | C44: CARRIER PLANET | I44: =SUM(L44:AK44) -> 0 | AL44: =SUM(L44:AK44) -> 0 | AM44: =IF(AL44=I44,"OK","NG") -> OK
A45: 6004-00 | B45: 13467 | C45: CARRIER PLANET MID | I45: =SUM(L45:AK45) -> 0 | AL45: =SUM(L45:AK45) -> 0 | AM45: =IF(AL45=I45,"OK","NG") -> OK
A46: 6004-01 | B46: 15948 | C46: CARRIER PLANET MID | I46: =SUM(L46:AK46) -> 0 | AL46: =SUM(L46:AK46) -> 0 | AM46: =IF(AL46=I46,"OK","NG") -> OK
A47: 6007-00 | B47: 13466 | C47: CARRIER PLANET MID | I47: =SUM(L47:AK47) -> 0 | AL47: =SUM(L47:AK47) -> 0 | AM47: =IF(AL47=I47,"OK","NG") -> OK
A48: 6007-01 | B48: 16598 | C48: CARRIER PLANET MID | I48: =SUM(L48:AK48) -> 0 | AL48: =SUM(L48:AK48) -> 0 | AM48: =IF(AL48=I48,"OK","NG") -> OK
A49: 6009-01 | B49: 11815 | C49: PRESSURE PLATE | I49: =SUM(L49:AK49) -> 0 | AL49: =SUM(L49:AK49) -> 0 | AM49: =IF(AL49=I49,"OK","NG") -> OK
A50: 6009-02 | B50: 11823 | C50: PRESSURE PLATE | I50: =SUM(L50:AK50) -> 0 | AL50: =SUM(L50:AK50) -> 0 | AM50: =IF(AL50=I50,"OK","NG") -> OK
A51: 6009-03 | B51: 11824 | C51: PRESSURE PLATE | I51: =SUM(L51:AK51) -> 0 | AL51: =SUM(L51:AK51) -> 0 | AM51: =IF(AL51=I51,"OK","NG") -> OK
A52: 6009-04 | B52: 11825 | C52: PRESSURE PLATE | I52: =SUM(L52:AK52) -> 0 | AL52: =SUM(L52:AK52) -> 0 | AM52: =IF(AL52=I52,"OK","NG") -> OK
... A60: 6011-00 | B60: 11380 | C60: CARRIER PALNET | I60: =SUM(L60:AK60) -> 0 | AL60: =SUM(L60:AK60) -> 0 | AM60: =IF(AL60=I60,"OK","NG") -> OK
A61: 6017-00 | B61: 18518 | C61: CARRIER PLANET MID | H61: =1008+390 -> 1398 | I61: =SUM(L61:AK61) -> 0 | AL61: =SUM(L61:AK61) -> 0 | AM61: =IF(AL61=I61,"OK","NG") -> OK
A62: 6017-01 | B62: 16585 | C62: CARRIER PLANET MID | H62: 1006 | I62: =SUM(L62:AK62) -> 0 | AL62: =SUM(L62:AK62) -> 0 | AM62: =IF(AL62=I62,"OK","NG") -> OK
A63: 6019-00 | B63: 17107 | C63: HOUSING GUIDE RING | I63: =SUM(L63:AK63) -> 0 | AL63: =SUM(L63:AK63) -> 0 | AM63: =IF(AL63=I63,"OK","NG") -> OK
A64: 6020-00 | B64: 19269 | C64: CARRIER PALNET | H64: 123 | I64: =SUM(L64:AK64) -> 0 | AL64: =SUM(L64:AK64) -> 0 | AM64: =IF(AL64=I64,"OK","NG") -> OK
A65: 1917-00 | B65: 18306 | C65: BODY | I65: =SUM(L65:AK65) -> 0 | AL65: =SUM(L65:AK65) -> 0 | AM65: =IF(AL65=I65,"OK","NG") -> OK
A66: 1914-00 | B66: 19834 | C66: MOTOR PULLEY | I66: =SUM(L66:AK66) -> 0 | AL66: =SUM(L66:AK66) -> 0 | AM66: =IF(AL66=I66,"OK","NG") -> OK
A67: 1987-00J | B67: 20277 | C67: BELT PULLEY | I67: =SUM(L67:AK67) -> 0 | AL67: =SUM(L67:AK67) -> 0 | AM67: =IF(AL67=I67,"OK","NG") -> OK
A68: 1986-00J | B68: 20269 | C68: BELT PULLEY | I68: =SUM(L68:AK68) -> 0 | AL68: =SUM(L68:AK68) -> 0 | AM68: =IF(AL68=I68,"OK","NG") -> OK
A69: 1581-00 | B69: 14023 | C69: 성형-BODY | I69: =SUM(L69:AK69) -> 0 | AL69: =SUM(L69:AK69) -> 0 | AM69: =IF(AL69=I69,"OK","NG") -> OK
A70: 2059-00 | B70: 20955 | C70: BELT PULLEY | I70: =SUM(L70:AK70) -> 0 | AL70: =SUM(L70:AK70) -> 0 | AM70: =IF(AL70=I70,"OK","NG") -> OK
A71: 6023-00AJ | B71: 21298 | C71: CARRIER PLANET MID | I71: =SUM(L71:AK71) -> 0 | AL71: =SUM(L71:AK71) -> 0 | AM71: =IF(AL71=I71,"OK","NG") -> OK
A72: 1361-03 | B72: 21809 | C72: BALL NUT PULLEY | I72: =SUM(L72:AK72) -> 0 | AL72: =SUM(L72:AK72) -> 0 | AM72: =IF(AL72=I72,"OK","NG") -> OK
A73: 6009-00 | B73: 11820 | C73: 성형-PRESSURE PLATE | I73: =SUM(L73:AK73) -> 0 | AL73: =SUM(L73:AK73) -> 0 | AM73: =IF(AL73=I73,"OK","NG") -> OK
A74: 1987-01J | B74: 21870 | C74: BELT PULLEY | I74: =SUM(L74:AK74) -> 0 | AL74: =SUM(L74:AK74) -> 0 | AM74: =IF(AL74=I74,"OK","NG") -> OK
A75: 2202-00 | B75: 22379 | C75: PULLEY | I75: =SUM(L75:AK75) -> 0 | AL75: =SUM(L75:AK75) -> 0 | AM75: =IF(AL75=I75,"OK","NG") -> OK
A76: 2206-00 | B76: 22886 | C76: 성형-BALL NUT PULLEY | H76: =300+1680+1560 -> 3540 | I76: =SUM(L76:AK76) -> 1 | Y76: 1 | AL76: =SUM(L76:AK76) -> 1 | AM76: =IF(AL76=I76,"OK","NG") -> OK
A77: 1630-00 | B77: 13007 | C77: 성형-REB,RETAINER | I77: =SUM(L77:AK77) -> 0 | AL77: =SUM(L77:AK77) -> 0 | AM77: =IF(AL77=I77,"OK","NG") -> OK
I78: =SUM(L78:AK78) -> 0 | AL78: =SUM(L78:AK78) -> 0 | AM78: =IF(AL78=I78,"OK","NG") -> OK
I79: =SUM(L79:AK79) -> 0 | AL79: =SUM(L79:AK79) -> 0 | AM79: =IF(AL79=I79,"OK","NG") -> OK
I80: =SUM(L80:AK80) -> 0 | AL80: =SUM(L80:AK80) -> 0 | AM80: =IF(AL80=I80,"OK","NG") -> OK
I81: =SUM(L81:AK81) -> 0 | AL81: =SUM(L81:AK81) -> 0 | AM81: =IF(AL81=I81,"OK","NG") -> OK
I82: =SUM(L82:AK82) -> 0 | AL82: =SUM(L82:AK82) -> 0 | AM82: =IF(AL82=I82,"OK","NG") -> OK
I83: =SUM(L83:AK83) -> 0 | AL83: =SUM(L83:AK83) -> 0 | AM83: =IF(AL83=I83,"OK","NG") -> OK
I84: =SUM(L84:AK84) -> 0 | AL84: =SUM(L84:AK84) -> 0 | AM84: =IF(AL84=I84,"OK","NG") -> OK
I85: =SUM(L85:AK85) -> 0 | AL85: =SUM(L85:AK85) -> 0 | AM85: =IF(AL85=I85,"OK","NG") -> OK
I86: =SUM(L86:AK86) -> 0 | AL86: =SUM(L86:AK86) -> 0 | AM86: =IF(AL86=I86,"OK","NG") -> OK
I87: =SUM(L87:AK87) -> 0 | AL87: =SUM(L87:AK87) -> 0 | AM87: =IF(AL87=I87,"OK","NG") -> OK
I88: =SUM(L88:AK88) -> 0 | AL88: =SUM(L88:AK88) -> 0 | AM88: =IF(AL88=I88,"OK","NG") -> OK
I89: =SUM(L89:AK89) -> 0 | AL89: =SUM(L89:AK89) -> 0 | AM89: =IF(AL89=I89,"OK","NG") -> OK
... I96: =SUM(L96:AK96) -> 0 | AL96: =SUM(L96:AK96) -> 0 | AM96: =IF(AL96=I96,"OK","NG") -> OK
C97: 소계 SUBTOTAL(가로) | G97: =SUM(G6:G74) -> 0 | H97: =SUM(H6:H96) -> 28902 | I97: =SUM(I6:I96) -> 27 | J97: =SUM(J6:J74) -> 0 | L97: =SUM(L6:L96) -> 19 | M97: =SUM(M6:M96) -> 3 | N97: =SUM(N6:N96) -> 0 | O97: =SUM(O6:O96) -> 0 | P97: =SUM(P6:P96) -> 1 | Q97: =SUM(Q6:Q96) -> 0 | R97: =SUM(R6:R96) -> 0 | S97: =SUM(S6:S96) -> 0 | ... AL97: =SUM(AL6:AL96) -> 27 | AM97: =IF(AL97=SUM(I97),"OK","NG") -> OK

Sheet 18
A1: 생산수량 | B1: =H97 -> 6102 | E1: 불량금액 | F1: =G97 -> 0
A2: 불량수량 | B2: =I97 -> 0 | L2: =SUBTOTAL(9,L6:L96) -> 0 | M2: =SUBTOTAL(9,M6:M96) -> 0 | N2: =SUBTOTAL(9,N6:N96) -> 0 | O2: =SUBTOTAL(9,O6:O96) -> 0 | P2: =SUBTOTAL(9,P6:P96) -> 0 | Q2: =SUBTOTAL(9,Q6:Q96) -> 0 | R2: =SUBTOTAL(9,R6:R96) -> 0 | S2: =SUBTOTAL(9,S6:S96) -> 0 | ... AL2: =SUBTOTAL(9,AL6:AL96) -> 0
A3: 불량율(ppm) | B3: =IF(ISERROR(B2/(B2+B1)*1000000),"",(B2/(B2+B1)*1000000)) -> 0 | L3: =SUM(L6:L96) -> 0 | M3: =SUM(M6:M96) -> 0 | N3: =SUM(N6:N96) -> 0 | O3: =SUM(O6:O96) -> 0 | P3: =SUM(P6:P96) -> 0 | Q3: =SUM(Q6:Q96) -> 0 | R3: =SUM(R6:R96) -> 0 | S3: =SUM(S6:S96) -> 0 | ... AL3: =SUM(AL6:AL96) -> 0
A4: =AM97 -> OK | E4: 거래선 및 불량금액 | H4: 종합 | L4: 깨짐 | M4: 찍힘 | N4: CRACK | O4: 스크래치 | P4: 녹불량 | Q4: 초기가동 | R4: 편차수정 | S4: 중량불량 | T4: 설비Error | U4: Pellet누락 | V4: 낙물 | W4: 산화 | X4: 휨 | Y4: 눌림 | Z4: 분말소착 | AA4: 역싸이징 | AB4: 이물질소착 | AC4: 기포 | AD4: 윈도우 GO | AE4: 윈도우 NO | AF4: 조립불량 | AG4: 침투불량 | AH4: 치형뜯김 | AI4: 기타 | AJ4: 폐기 | AK4: 소재불량 | AL4: 합계 | AM4: 오기 유/무
A5: TM NO. | B5: CODE (ERP) | C5: 품 명 | D5: 차종 | E5: 거래선 | F5: 단가 | G5: 불량금액 (단가x수량) | H5: 생산수량 | I5: 불량수량 | J5: 불량율 (PPM)
A6: 1360-00 | B6: 10901 | C6: MOTOR PULLEY | I6: =SUM(L6:AK6) -> 0 | AL6: =SUM(L6:AK6) -> 0 | AM6: =IF(AL6=I6,"OK","NG") -> OK
A7: 1360-01 | B7: 15922 | C7: MOTOR PULLEY | I7: =SUM(L7:AK7) -> 0 | AL7: =SUM(L7:AK7) -> 0 | AM7: =IF(AL7=I7,"OK","NG") -> OK
A8: 1361-00 | B8: 10899 | C8: BALL NUT PULLEY | I8: =SUM(L8:AK8) -> 0 | AL8: =SUM(L8:AK8) -> 0 | AM8: =IF(AL8=I8,"OK","NG") -> OK
