Workbook

Sheet 종합
B2: ※ 생산2Part 공정별 종합 불량현황 ※
B4: 6월
B5: 공정 | C5: 성형 | F5: 소결 | G5: 정형 | I5: 후처리 | J5: 가공불량 | K5: A8LF 가공셋팅 | L5: A8LF 가공공정 | M5: 외주업체 | N5: Pend`g품 폐기 | O5: 합계
C6: 셋팅 | D6: 공정 | E6: 외주소재불량 | G6: 셋팅 | H6: 공정 | M6: (소재불량)
B7: 불량수량 | C7: =+성형셋팅!D3 -> 1015 | D7: =+성형공정!D3 -> 304 | E7: ='성형공정 (외주소재불량)'!D3 -> 223 | F7: =+소결공정!D3 -> 1367 | G7: =+정형셋팅!D3 -> 0 | H7: =+정형공정!D3 -> 738 | I7: =+후처리공정!D3 -> 270 | J7: =+가공불량!D3 -> 0 | K7: =+'A8LF 가공셋팅'!D3 -> 38 | L7: =+'A8LF 가공공정'!D3 -> 41 | M7: =+'외주 소재불량 (공정불분명)'!D3 -> 190 | N7: =+'Pending품 폐기'!D3 -> 0 | O7: =+SUM(E7:N7) -> 2867
B9: =+B4 -> 6월
B10: 공정 | C10: 성형 | F10: 소결 | G10: 정형 | I10: 후처리 | J10: 가공불량 | K10: A8LF 가공셋팅 | L10: A8LF 가공공정 | M10: 외주업체 | N10: Pend`g품 폐기 | O10: 합계
C11: 셋팅 | D11: 공정 | E11: 외주소재불량 | G11: 셋팅 | H11: 공정 | M11: (소재불량)
B12: 불량수량 | C12: =+성형셋팅!F3 -> 2435258.4 | D12: =+성형공정!F3 -> 575675.18 | E12: ='성형공정 (외주소재불량)'!F3 -> 2710890.1 | F12: =+소결공정!F3 -> 19509992 | G12: =+정형셋팅!F3 -> 0 | H12: =+정형공정!F3 -> 1053468 | I12: =+후처리공정!F3 -> 1512456 | J12: =+가공불량!F3 -> 0 | K12: =+'A8LF 가공셋팅'!F3 -> 337736.4 | L12: =+'A8LF 가공공정'!F3 -> 364399.8 | M12: =+'외주 소재불량 (공정불분명)'!F3 -> 2592390 | N12: =+'Pending품 폐기'!F3 -> 0 | O12: =+SUM(E12:N12) -> 28081332
N14: 불량수량 | O14: 불량비용
M15: Setting Loss | N15: =G7+K7 -> 38 | O15: =G12+K12 -> 337736.4
M16: 공정불량 | N16: =E7+F7+H7+I7+L7+M7+N7 -> 2829 | O16: =E12+F12+H12+I12+L12+M12+N12 -> 27743596

Sheet 성형셋팅
A1: 공정/셋팅불량현황_hsc
A2: 품번 | B2: 품명 | C2: 규격 | D2: 합계 | E2: 단가 | F2: 비용
A3: TOTAL | B3: TOTAL | D3: =SUM(D4:D500) -> 1015 | F3: =SUM(F4:F500) -> 2435258.4
A4: D136101RA00 | B4: 성형-MOTOR PULLEY | C4: 1360-00 | D4: 8 | E4: 734 | F4: =+D4*E4 -> 5872 | I4: 1361-01
A5: D146400RA00 | B5: 성형-BALL NUT PULLEY | C5: 1361-01 | D5: 5 | E5: 1580.5 | F5: =+D5*E5 -> 7902.5 | I5: 1510-01
A6: E151000RA00 | B6: 성형-MOTOR PULLEY | C6: 1695-00 | D6: 24 | E6: 928 | F6: =+D6*E6 -> 22272 | I6: 1695-00
A7: D500100RA00 | B7: 성형-PULLEY | C7: 1781-00 | D7: 16 | E7: 1292 | F7: =+D7*E7 -> 20672 | I7: 1785-00
A8: D500400RN00 | B8: 성형-MOTOR PULLEY | C8: 1785-00 | D8: 205 | E8: 1175.5 | F8: =+D8*E8 -> 240977.5 | I8: 1914-00
A9: D500500RA00 | B9: 성형-MOTOR PULLEY | C9: 1914-00 | D9: 27 | E9: 807.5 | F9: =+D9*E9 -> 21802.5 | I9: 1986-00
A10: D500600RA00 | B10: 성형-BELT PULLEY | C10: 1986-00 | D10: 14 | E10: 2248.5 | F10: =+D10*E10 -> 31479 | I10: 1987-00
A11: D500900RN00 | B11: 성형-BELT PULLEY | C11: 1987-00 | D11: 24 | E11: 2459 | F11: =+D11*E11 -> 59016 | I11: 2059-00
A12: D501000RA00 | B12: 성형-CAM PLATE | C12: 2140-00 | D12: 3 | E12: 1763.4 | F12: =+D12*E12 -> 5290.2 | I12: 2206-00
A13: 1000-501210 | B13: 성형-PULLEY | C13: 2202-00 | D13: 9 | E13: 853.2 | F13: =+D13*E13 -> 7678.8 | I13: 5001-00
A14: 1000-501220 | B14: 성형-DRIVE PULLEY | C14: 2206-00 | D14: 27 | E14: 853 | F14: =+D14*E14 -> 23031 | I14: 5004-00
A15: 1000-501310 | B15: 성형-PLATE 1-2-3-4 CLU BKG | C15: 5001-00 | D15: 41 | E15: 1798 | F15: =+D15*E15 -> 73718 | I15: 5005-00
... A23: 1000-600110 | B23: 성형-CARRIER-INPUT | C23: 5014-10 | D23: 61 | E23: 1858.5 | F23: =+D23*E23 -> 113368.5 | I23: 5015-10
B24: 성형-CARRIER-INPUT | C24: 5014-20 | D24: 12 | E24: 1858.5 | F24: =+D24*E24 -> 22302 | I24: 5015-20
B25: 성형-CARRIER - REACTION | C25: 5015-10 | D25: 6 | E25: 1833.6 | F25: =+D25*E25 -> 11001.6 | I25: 5016-10
B26: 성형-CARRIER - REACTION | C26: 5015-20 | D26: 37 | E26: 1833.6 | F26: =+D26*E26 -> 67843.2 | I26: 5016-20
B27: 성형-CARRIER - INPUT | C27: 5016-20 | D27: 22 | E27: 1274.1 | F27: =+D27*E27 -> 28030.2 | I27: 6004-10
B28: 성형-CARRIER-INPUT | C28: 5017-10 | D28: 50 | E28: 2171.7 | F28: =+D28*E28 -> 108585 | I28: 6004-20
B29: 성형-CARRIER PLANET MID | C29: 6004-10 | D29: 29 | E29: 4443.9 | F29: =+D29*E29 -> 128873.1 | I29: 6007-10
B30: 성형-CARRIER PLANET MID | C30: 6004-20 | D30: 12 | E30: 4443.9 | F30: =+D30*E30 -> 53326.8 | I30: 6007-20
B31: 성형-CARRIER PLANET MID | C31: 6007-10 | D31: 9 | E31: 4564.2 | F31: =+D31*E31 -> 41077.8 | I31: 6011-10
B32: 성형-CARRIER PLANET MID | C32: 6007-20 | D32: 7 | E32: 4564.2 | F32: =+D32*E32 -> 31949.4 | I32: 6011-20
B33: 성형-CARRIER PALNET | C33: 6011-10 | D33: 9 | E33: 2914.2 | F33: =+D33*E33 -> 26227.8 | I33: 6017-10
B34: 성형-CARRIER PALNET | C34: 6011-20 | D34: 14 | E34: 2914.2 | F34: =+D34*E34 -> 40798.8 | I34: 6017-20
B35: 성형-CARRIER PLANET MID | C35: 6017-10 | D35: 9 | E35: 3991.5 | F35: =+D35*E35 -> 35923.5 | I35: 6019-00
... B42: 성형-SUB ASSY-CARRIER PLANET, MID&RR | C42: 6026-20 | D42: 9 | E42: 4918.7292 | F42: =+D42*E42 -> 44268.562 | I42: 6027-30
B43: 성형-SUB ASSY-CARRIER PLANET, MID&RR | C43: 6026-30 | D43: 5 | E43: 4918.7292 | F43: =+D43*E43 -> 24593.646
B44: 성형-SUB ASSY-CARRIER PLANET, MID&RR | C44: 6027-10 | D44: 19 | E44: 4597.3333 | F44: =+D44*E44 -> 87349.333
B45: 성형-SUB ASSY-CARRIER PLANET, MID&RR | C45: 6027-20 | D45: 8 | E45: 4597.3333 | F45: =+D45*E45 -> 36778.667
B46: 성형-SUB ASSY-CARRIER PLANET, MID&RR | C46: 6027-30 | D46: 12 | E46: 4597.3333 | F46: =+D46*E46 -> 55168

Sheet 성형공정
A1: 공정/셋팅불량현황_hsc
A2: 품번 | B2: 품명 | C2: 규격 | D2: 합계 | E2: 단가 | F2: 비용
A3: TOTAL | B3: TOTAL | D3: =SUM(D4:D500) -> 304 | F3: =SUM(F4:F500) -> 575675.18
B4: 성형-MOTOR PULLEY | C4: 1360-00 | D4: 16 | E4: =VLOOKUP(C4,[1]단가산출!$B:$D,3,FALSE) -> 734 | F4: =+D4*E4 -> 11744 | I4: 1695-00
B5: 성형-MOTOR PULLEY | C5: 1695-00 | D5: 57 | E5: =VLOOKUP(C5,[1]단가산출!$B:$D,3,FALSE) -> 928 | F5: =+D5*E5 -> 52896 | I5: 1785-00
B6: 성형-MOTOR PULLEY | C6: 1914-00 | D6: 75 | E6: =VLOOKUP(C6,[1]단가산출!$B:$D,3,FALSE) -> 807.5 | F6: =+D6*E6 -> 60562.5 | I6: 1987-00
B7: 성형-DRIVE PULLEY | C7: 2206-00 | D7: 6 | E7: 853 | F7: =+D7*E7 -> 5118 | I7: 2206-00
B8: 성형-WHEEL-A/TRANS INPUT SHF SPD SEN RELUCTOR | C8: 5005-00 | D8: 12 | E8: =VLOOKUP(C8,[1]단가산출!$B:$D,3,FALSE) -> 2185.5 | F8: =+D8*E8 -> 26226 | I8: 5001-00
B9: 성형-PLATE LOW & REV CLU BKG | C9: 5009-00 | D9: 5 | E9: =VLOOKUP(C9,[1]단가산출!$B:$D,3,FALSE) -> 1286 | F9: =+D9*E9 -> 6430 | I9: 5004-00
B10: 성형-WHEEL-A/TRANS INPUT SHF SPD | C10: 5010-00 | D10: 28 | E10: =VLOOKUP(C10,[1]단가산출!$B:$D,3,FALSE) -> 2262.5 | F10: =+D10*E10 -> 63350 | I10: 5009-00
B11: 성형-CARRIER-REACTION | C11: 5013-20 | D11: 30 | E11: =VLOOKUP(C11,[1]단가산출!$B:$D,3,FALSE) -> 2201.4 | F11: =+D11*E11 -> 66042 | I11: 5013-10
B12: 성형-CARRIER - REACTION | C12: 5015-10 | D12: 3 | E12: =VLOOKUP(C12,[1]단가산출!$B:$D,3,FALSE) -> 1833.6 | F12: =+D12*E12 -> 5500.8 | I12: 5014-10
B13: 성형-CARRIER - INPUT | C13: 5016-10 | D13: 7 | E13: =VLOOKUP(C13,[1]단가산출!$B:$D,3,FALSE) -> 1274.1 | F13: =+D13*E13 -> 8918.7 | I13: 5014-20
B14: 성형-CARRIER PLANET MID | C14: 6004-10 | D14: 30 | E14: =VLOOKUP(C14,[1]단가산출!$B:$D,3,FALSE) -> 4443.9 | F14: =+D14*E14 -> 133317 | I14: 5015-10
B15: 성형-CARRIER PALNET | C15: 6011-20 | D15: 9 | E15: =VLOOKUP(C15,[1]단가산출!$B:$D,3,FALSE) -> 2914.2 | F15: =+D15*E15 -> 26227.8 | I15: 5015-20
B16: 성형-CARRIER PLANET MID | C16: 6017-10 | D16: 20 | E16: =VLOOKUP(C16,[1]단가산출!$B:$D,3,FALSE) -> 3991.5 | F16: =+D16*E16 -> 79830 | I16: 6007-10
B17: 성형-SUB ASSY-CARRIER PLANET, MID&RR | C17: 6026-20 | D17: 6 | E17: =VLOOKUP(C17,[1]단가산출!$B:$D,3,FALSE) -> 4918.7292 | F17: =+D17*E17 -> 29512.375 | I17: 6011-10
I18: 6019-00
I19: 6026-10
I20: 6027-10
I21: 6027-30

Sheet 성형공정 (외주소재불량)
A1: 공정/셋팅불량현황_hsc
A2: 품번 | B2: 품명 | C2: 규격 | D2: 합계 | E2: 단가 | F2: 비용
A3: TOTAL | B3: TOTAL | D3: =SUM(D4:D500) -> 223 | F3: =SUM(F4:F500) -> 2710890.1
B4: HOUSING GUIDE RING | C4: 6019-00 | D4: 47 | E4: 8884 | F4: =+D4*E4 -> 417548 | I4: 6019-00
B5: CARRIER PLANET MID | C5: 6017-01 | D5: 1 | E5: 14868 | F5: =+D5*E5 -> 14868 | I5: 6017-01
B6: CARRIER PLANET MID | C6: 6017-01 | D6: 6 | E6: 14868 | F6: =+D6*E6 -> 89208 | I6: 6017-01
B7: CARRIER PALNET | C7: 6011-00 | D7: 1 | E7: 9714 | F7: =+D7*E7 -> 9714 | I7: 6019-00
B8: WHEEL | C8: 5005-00 | D8: 2 | E8: 4371 | F8: =+D8*E8 -> 8742 | I8: 5005-00
B9: WHEEL | C9: 5010-00 | D9: 10 | E9: 4525 | F9: =+D9*E9 -> 45250 | I9: 5010-00
B10: CARRIER PLANET, MID&RR | C10: 6027-00 | D10: 12 | E10: 27584 | F10: =+D10*E10 -> 331008 | I10: 6019-00
B11: CARRIER PLANET, MID&RR | C11: 6027-00 | D11: 3 | E11: 27584 | F11: =+D11*E11 -> 82752 | I11: 6017-01
B12: CARRIER PLANET, MID&RR | C12: 6027-00 | D12: 2 | E12: 27584 | F12: =+D12*E12 -> 55168 | I12: 6027-00
B13: CARRIER PLANET MID | C13: 6017-01 | D13: 1 | E13: 14868 | F13: =+D13*E13 -> 14868 | I13: 6027-00
B14: CARRIER PLANET MID | C14: 6017-01 | D14: 2 | E14: 14868 | F14: =+D14*E14 -> 29736 | I14: 6027-00
B15: HOUSING GUIDE RING | C15: 6019-00 | D15: 25 | E15: 8884 | F15: =+D15*E15 -> 222100 | I15: 6026-00
... B32: CARRIER PLANET, MID&RR | C32: 6026-00 | D32: 2 | E32: 29512.375 | F32: =+D32*E32 -> 59024.75 | I32: 6027-00
B33: CARRIER PLANET, MID&RR | C33: 6027-00 | D33: 1 | E33: 27584 | F33: =+D33*E33 -> 27584

Sheet 소결공정
A1: 공정/셋팅불량현황_hsc
A2: 품번 | B2: 품명 | C2: 규격 | D2: 합계 | E2: 단가 | F2: 합계
A3: TOTAL | B3: TOTAL | D3: =SUM(D4:D500) -> 1367 | F3: =SUM(F4:F500) -> 19509992
B4: HOUSING GUIDE RING | C4: 6019-00 | D4: 8 | E4: =VLOOKUP(C4,[1]단가산출!$N:$P,3,FALSE) -> 8884 | F4: =+D4*E4 -> 71072 | I4: 6017-01
B5: CARRIER PLANET MID | C5: 6017-01 | D5: 24 | E5: =VLOOKUP(C5,[1]단가산출!$N:$P,3,FALSE) -> 14868 | F5: =+D5*E5 -> 356832 | I5: 6017-01
B6: CARRIER PLANET MID | C6: 6017-01 | D6: 9 | E6: =VLOOKUP(C6,[1]단가산출!$N:$P,3,FALSE) -> 14868 | F6: =+D6*E6 -> 133812 | I6: 6017-01
B7: CARRIER PLANET, MID&RR | C7: 6026-00 | D7: 5 | E7: =VLOOKUP(C7,[1]단가산출!$N:$P,3,FALSE) -> 29512.375 | F7: =+D7*E7 -> 147561.88 | I7: 6017-01
B8: CARRIER PLANET, MID&RR | C8: 6027-00 | D8: 5 | E8: =VLOOKUP(C8,[1]단가산출!$N:$P,3,FALSE) -> 27584 | F8: =+D8*E8 -> 137920 | I8: 6019-00
B9: CARRIER PLANET, MID&RR | C9: 6027-00 | D9: 2 | E9: =VLOOKUP(C9,[1]단가산출!$N:$P,3,FALSE) -> 27584 | F9: =+D9*E9 -> 55168 | I9: 6011-00
B10: CARRIER PLANET, MID&RR | C10: 6027-00 | D10: 3 | E10: =VLOOKUP(C10,[1]단가산출!$N:$P,3,FALSE) -> 27584 | F10: =+D10*E10 -> 82752 | I10: 6019-00
B11: CARRIER PLANET MID | C11: 6017-00 | D11: 264 | E11: =VLOOKUP(C11,[1]단가산출!$N:$P,3,FALSE) -> 13305 | F11: =+D11*E11 -> 3512520 | I11: 6017-01
B12: CARRIER PLANET MID | C12: 6017-00 | D12: 24 | E12: =VLOOKUP(C12,[1]단가산출!$N:$P,3,FALSE) -> 13305 | F12: =+D12*E12 -> 319320 | I12: 6017-01
B13: CARRIER PLANET MID | C13: 6017-01 | D13: 17 | E13: =VLOOKUP(C13,[1]단가산출!$N:$P,3,FALSE) -> 14868 | F13: =+D13*E13 -> 252756 | I13: 6027-00
B14: CARRIER PLANET MID | C14: 6017-01 | D14: 3 | E14: =VLOOKUP(C14,[1]단가산출!$N:$P,3,FALSE) -> 14868 | F14: =+D14*E14 -> 44604 | I14: 6027-00
B15: WHEEL | C15: 5005-00 | D15: 1 | E15: =VLOOKUP(C15,[1]단가산출!$N:$P,3,FALSE) -> 4371 | F15: =+D15*E15 -> 4371 | I15: 6027-00
... B33: 외주가공-CARRIER PLANET MID | C33: 6017-00 | D33: 17 | E33: =VLOOKUP(C33,[1]단가산출!$N:$P,3,FALSE) -> 13305 | F33: =+D33*E33 -> 226185 | I33: 6027-00
B34: 외주가공-CARRIER PLANET MID | C34: 6023-00 | D34: 2 | E34: =VLOOKUP(C34,[1]단가산출!$N:$P,3,FALSE) -> 14719 | F34: =+D34*E34 -> 29438

Sheet 정형셋팅
A1: 공정/셋팅불량현황_hsc
A2: 품번 | B2: 품명 | C2: 규격 | D2: 합계 | E2: 단가 | F2: 비용
A3: TOTAL | B3: TOTAL | D3: =SUM(D4:D500) -> 0 | F3: =SUM(F4:F500) -> 0
F4: =+E4*D4 -> 0
A6: D500500RA00
A7: D500600RA00
A8: D501000RA00
A9: 1000-501210

Sheet 정형공정
A1: 공정/셋팅불량현황_hsc
A2: 품번 | B2: 품명 | C2: 규격 | D2: 합계 | E2: 단가 | F2: 비용
A3: TOTAL | B3: TOTAL | D3: =+SUM(D4:D87) -> 738 | F3: =+SUM(F4:F53) -> 1053468
B4: BELT PULLEY | C4: 1987-00 | D4: 18 | E4: 3934 | F4: =+E4*D4 -> 70812 | H4: =+MID(C4,1,7) -> 1987-00
B5: PULLEY | C5: 2206-00 | D5: 720 | E5: =853*1.6 -> 1364.8 | F5: =+E5*D5 -> 982656

Sheet A8LF 가공셋팅
A1: 공정/셋팅불량현황_hsc
A2: 품번 | B2: 품명 | C2: 규격 | D2: 합계 | E2: 단가 | F2: 비용
A3: TOTAL | B3: TOTAL | D3: =SUM(D4:D500) -> 38 | F3: =SUM(F4:F500) -> 337736.4
B4: CARRIER-PLANET,MID (A8LF1) | C4: 6004-00 | D4: 38 | E4: 8887.8 | F4: =+D4*E4 -> 337736.4
B5: CARRIER-PLANET,MID (A8LF2) | C5: 6007-00 | D5: 0 | E5: 9128.4 | F5: =+D5*E5 -> 0

Sheet 가공불량
A1: 공정/셋팅불량현황_hsc
A2: 품번 | B2: 품명 | C2: 규격 | D2: 합계 | E2: 단가 | F2: 비용
A3: TOTAL | B3: TOTAL | D3: =+SUM(D4:D66) -> 0 | F3: =+SUM(F4:F27) -> 0
A4: D136000JN00 | B4: a8lf carrier 2종(6004,6007) | C4: - | D4: 0 | E4: 4555 | F4: =+E4*D4 -> 0
A5: E151000RA00
A6: D500100RA00
A7: D500400RN00
A8: D500500RA00
A9: D500600RA00
A10: D501000RA00
A11: 1000-501210
A12: 1000-501220
A13: 1000-501310
A14: 1000-501320
A15: 1000-501410
A16: 1000-501510
... A24: 1000-601120

Sheet A8LF 가공공정
A1: 공정/셋팅불량현황_hsc
A2: 품번 | B2: 품명 | C2: 규격 | D2: 합계 | E2: 단가 | F2: 비용
A3: TOTAL | B3: TOTAL | D3: =SUM(D4:D500) -> 41 | F3: =SUM(F4:F500) -> 364399.8
B4: CARRIER-PLANET,MID (A8LF1) | C4: 6004-00 | D4: 41 | E4: 8887.8 | F4: =+D4*E4 -> 364399.8
B5: CARRIER-PLANET,MID (A8LF2) | C5: 6007-00 | D5: 0 | E5: 9128.4 | F5: =+D5*E5 -> 0

Sheet 후처리공정
A1: 공정/셋팅불량현황_hsc
A2: 품번 | B2: 품명 | C2: 규격 | D2: 합계 | E2: 단가 | F2: 비용
A3: TOTAL | B3: TOTAL | D3: =SUM(D4:D500) -> 270 | F3: =SUM(F4:F500) -> 1512456
B4: MOTOR PULLEY | C4: 1360-00 | D4: 2 | E4: =VLOOKUP(C4,[1]단가산출!$N:$P,3,FALSE) -> 1468 | F4: =+D4*E4 -> 2936 | I4: 1361-01
B5: BALL NUT PULLEY | C5: 1361-01 | D5: 8 | E5: =VLOOKUP(C5,[1]단가산출!$N:$P,3,FALSE) -> 3161 | F5: =+D5*E5 -> 25288 | I5: 1510-00
B6: PULLEY LARGE | C6: 1510-01 | D6: 6 | E6: =VLOOKUP(C6,[1]단가산출!$N:$P,3,FALSE) -> 2867 | F6: =+D6*E6 -> 17202 | I6: 1510-01
B7: MOTOR PULLEY | C7: 1695-00 | D7: 1 | E7: =VLOOKUP(C7,[1]단가산출!$N:$P,3,FALSE) -> 1856 | F7: =+D7*E7 -> 1856 | I7: 1785-00
B8: MOTOR PULLEY | C8: 1785-00 | D8: 10 | E8: =VLOOKUP(C8,[1]단가산출!$N:$P,3,FALSE) -> 2351 | F8: =+D8*E8 -> 23510 | I8: 1903-00
B9: MOTOR PULLEY | C9: 1914-00 | D9: 2 | E9: =VLOOKUP(C9,[1]단가산출!$N:$P,3,FALSE) -> 1615 | F9: =+D9*E9 -> 3230 | I9: 1914-00
B10: BELT PULLEY | C10: 1986-00 | D10: 3 | E10: =VLOOKUP(C10,[1]단가산출!$N:$P,3,FALSE) -> 4497 | F10: =+D10*E10 -> 13491 | I10: 1986-00
B11: BELT PULLEY | C11: 1987-00 | D11: 1 | E11: =VLOOKUP(C11,[1]단가산출!$N:$P,3,FALSE) -> 4918 | F11: =+D11*E11 -> 4918 | I11: 1987-00
B12: BELT PULLEY | C12: 1987-01 | D12: 4 | E12: =VLOOKUP(C12,[1]단가산출!$N:$P,3,FALSE) -> 5216 | F12: =+D12*E12 -> 20864 | I12: 1987-01
B13: 성형-DRIVE PULLEY | C13: 2206-00 | D13: 3 | E13: 1706 | F13: =+D13*E13 -> 5118 | I13: 2059-00
B14: PLATE 1-2-3-4 CLU BKG | C14: 5001-00 | D14: 24 | E14: =VLOOKUP(C14,[1]단가산출!$N:$P,3,FALSE) -> 3596 | F14: =+D14*E14 -> 86304 | I14: 2206-00
B15: PLATE LOW & REV CLU BKG | C15: 5004-00 | D15: 48 | E15: =VLOOKUP(C15,[1]단가산출!$N:$P,3,FALSE) -> 2846 | F15: =+D15*E15 -> 136608 | I15: 5001-00
B16: WHEEL-A/TRANS INPUT SHF SPD SEN RELUCTOR | C16: 5005-00 | D16: 1 | E16: =VLOOKUP(C16,[1]단가산출!$N:$P,3,FALSE) -> 4371 | F16: =+D16*E16 -> 4371 | I16: 5004-00
B17: PLATE LOW & REV CLU BKG | C17: 5009-00 | D17: 17 | E17: =VLOOKUP(C17,[1]단가산출!$N:$P,3,FALSE) -> 2572 | F17: =+D17*E17 -> 43724 | I17: 5005-00
B18: WHEEL-A/TRANS INPUT SHF SPD | C18: 5010-00 | D18: 26 | E18: =VLOOKUP(C18,[1]단가산출!$N:$P,3,FALSE) -> 4525 | F18: =+D18*E18 -> 117650 | I18: 5009-00
B19: CARRIER-REACTION | C19: 5013-00 | D19: 39 | E19: =VLOOKUP(C19,[1]단가산출!$N:$P,3,FALSE) -> 7338 | F19: =+D19*E19 -> 286182 | I19: 5010-00
B20: CARRIER-INPUT | C20: 5014-00 | D20: 17 | E20: =VLOOKUP(C20,[1]단가산출!$N:$P,3,FALSE) -> 6195 | F20: =+D20*E20 -> 105315 | I20: 5013-00
B21: CARRIER - REACTION | C21: 5015-00 | D21: 8 | E21: =VLOOKUP(C21,[1]단가산출!$N:$P,3,FALSE) -> 6112 | F21: =+D21*E21 -> 48896 | I21: 5014-00
B22: CARRIER - INPUT | C22: 5016-00 | D22: 5 | E22: =VLOOKUP(C22,[1]단가산출!$N:$P,3,FALSE) -> 4247 | F22: =+D22*E22 -> 21235 | I22: 5015-00
B23: CARRIER PLANET MID | C23: 6004-00 | D23: 7 | E23: =VLOOKUP(C23,[1]단가산출!$N:$P,3,FALSE) -> 14813 | F23: =+D23*E23 -> 103691 | I23: 5016-00
B24: CARRIER PALNET | C24: 6011-00 | D24: 12 | E24: =VLOOKUP(C24,[1]단가산출!$N:$P,3,FALSE) -> 9714 | F24: =+D24*E24 -> 116568 | I24: 6004-00
B25: CARRIER PLANET MID | C25: 6017-00 | D25: 14 | E25: =VLOOKUP(C25,[1]단가산출!$N:$P,3,FALSE) -> 13305 | F25: =+D25*E25 -> 186270 | I25: 6011-00
... B28: CARRIER PLANET MID | C28: 6023-00 | D28: 3 | E28: =VLOOKUP(C28,[1]단가산출!$N:$P,3,FALSE) -> 14719 | F28: =+D28*E28 -> 44157 | I28: 6020-00
I29: 6023-00
I30: #VALUE!
I31: #VALUE!
I32: #VALUE!
I33: #VALUE!
I34: #VALUE!
I35: #VALUE!
I36: #VALUE!
I37: #VALUE!
I38: #VALUE!
I39: #VALUE!
I40: #VALUE!
I41: #VALUE!
I42: #VALUE!

Sheet 외주 소재불량 (공정불분명)
A1: 공정/셋팅불량현황_hsc
A2: 품번 | B2: 품명 | C2: 규격 | D2: 합계 | E2: 단가 | F2: 비용
A3: TOTAL | B3: TOTAL | D3: =SUM(D4:D500) -> 190 | F3: =SUM(F4:F500) -> 2592390
B4: HOUSING GUIDE RING | C4: 6019-00 | D4: 2 | E4: =VLOOKUP(C4,[1]단가산출!$N:$P,3,FALSE) -> 8884 | F4: =+D4*E4 -> 17768 | I4: 6017-01
B5: CARRIER PLANET MID | C5: 6017-01 | D5: 19 | E5: =VLOOKUP(C5,[1]단가산출!$N:$P,3,FALSE) -> 14868 | F5: =+D5*E5 -> 282492 | I5: 6017-01
B6: CARRIER PLANET MID | C6: 6017-01 | D6: 9 | E6: =VLOOKUP(C6,[1]단가산출!$N:$P,3,FALSE) -> 14868 | F6: =+D6*E6 -> 133812 | I6: 6017-01
B7: WHEEL | C7: 5010-00 | D7: 1 | E7: =VLOOKUP(C7,[1]단가산출!$N:$P,3,FALSE) -> 4525 | F7: =+D7*E7 -> 4525 | I7: 6017-01
B8: CARRIER PLANET MID | C8: 6017-01 | D8: 17 | E8: =VLOOKUP(C8,[1]단가산출!$N:$P,3,FALSE) -> 14868 | F8: =+D8*E8 -> 252756 | I8: 6019-00
B9: CARRIER PLANET MID | C9: 6017-01 | D9: 3 | E9: =VLOOKUP(C9,[1]단가산출!$N:$P,3,FALSE) -> 14868 | F9: =+D9*E9 -> 44604 | I9: 5005-00
B10: WHEEL | C10: 5010-00 | D10: 1 | E10: =VLOOKUP(C10,[1]단가산출!$N:$P,3,FALSE) -> 4525 | F10: =+D10*E10 -> 4525 | I10: 5010-00
B11: WHEEL | C11: 5010-00 | D11: 6 | E11: =VLOOKUP(C11,[1]단가산출!$N:$P,3,FALSE) -> 4525 | F11: =+D11*E11 -> 27150 | I11: 6011-00
B12: WHEEL | C12: 5005-00 | D12: 2 | E12: =VLOOKUP(C12,[1]단가산출!$N:$P,3,FALSE) -> 4371 | F12: =+D12*E12 -> 8742 | I12: 6019-00
B13: CARRIER PLANET MID | C13: 6017-01 | D13: 21 | E13: =VLOOKUP(C13,[1]단가산출!$N:$P,3,FALSE) -> 14868 | F13: =+D13*E13 -> 312228 | I13: 6017-01
B14: CARRIER PLANET MID | C14: 6017-01 | D14: 47 | E14: =VLOOKUP(C14,[1]단가산출!$N:$P,3,FALSE) -> 14868 | F14: =+D14*E14 -> 698796 | I14: 6011-00
B15: CARRIER PLANET MID | C15: 6017-01 | D15: 3 | E15: =VLOOKUP(C15,[1]단가산출!$N:$P,3,FALSE) -> 14868 | F15: =+D15*E15 -> 44604 | I15: 6017-01
... B22: 외주가공-CARRIER PLANET MID | C22: 6023-00 | D22: 3 | E22: =VLOOKUP(C22,[1]단가산출!$N:$P,3,FALSE) -> 14719 | F22: =+D22*E22 -> 44157 | I22: 6017-00
I23: 6023-00
I24: #VALUE!
I25: #VALUE!
I26: #VALUE!
I27: #VALUE!
I28: #VALUE!
I29: #VALUE!
I30: #VALUE!
I31: #VALUE!
I32: #VALUE!

Sheet Pending품 폐기
A1: 공정/셋팅불량현황_hsc
A2: 품번 | B2: 품명 | C2: 규격 | D2: 합계 | E2: 단가 | F2: 비용
A3: TOTAL | B3: TOTAL | D3: =+SUM(D4:D37) -> 0 | E3: 0 | F3: =+SUM(F4:F37) -> 0
A5: D146400RA00
