Workbook

Sheet Rev.History
B2: ※ 개정 이력 관리 ※
B4: No. | C4: 개정내용 | D4: 개정담당 | E4: 개정일자
B5: 1 | C5: 19년 단가정보 불량 산정 기준(지침서 : SP05-01)의거 정리본 신규제정 | D5: 박민호DR | E5: 2019.01.03
B6: 2 | C6: 신규품목 단가정보 업데이트 | D6: 박민호DR | E6: 2019.02.08
B7: 3 | C7: 신규품목 단가정보 업데이트 | D7: 박민호DR | E7: 2019.04.01
B8: 4 | C8: 신규품목 단가정보 업데이트 | D8: 박민호DR | E8: 2019.05.02
B9: 5 | C9: 신규품목 단가정보 업데이트 | D9: 박민호DR | E9: 2019.05.30
B10: 6 | C10: 신규품목 단가정보 업데이트 | D10: 박민호DR | E10: 2019.07.01
B11: 7 | C11: 신규품목 단가정보 업데이트 | D11: 박민호DR | E11: 2019.08.02
B12: 8 | C12: 신규품목 단가정보 업데이트 | D12: 박민호DR | E12: 2019.10.02
B13: 9 | C13: 신규품목 단가정보 업데이트 | D13: 박민호DR | E13: 2019.11.28
B14: 10 | C14: 신규품목 단가정보 업데이트 | D14: 박민호DR | E14: 2019.12.03
B15: 11 | C15: 정형공정 단가오류 수정 | D15: 박민호DR | E15: 2020.01.03
B16: 12 | C16: 신규품목 단가정보 업데이트 | D16: 박민호DR | E16: 2020.01.31
... B27: 23 | C27: FY24 정기개정 전체 품번별 단가 업데이트 | D27: 박민호CM | E27: 2024.04.23

Sheet 단가산출
A1: <FY25 Q-COST 산출용 공정별 단가정보> | E1: -.최초 제정 : 181231 | H1: -.최근개정 : 240604 | N1: ERP 완제품 단가정보 업데이트 CELL | R1: 정형공정 적용유무 DB | V1: O
B2: 성형품 | F2: 소결품~ | J2: 정형품~ | N2: 완제품 | R2: 정형N/A | U2: 1part 평균단가 | V2: 435 | W2: <전공정 적용
B3: TM No. | C3: 품종 | D3: 단가\ | F3: TM No. | G3: 품종 | H3: 단가\ | J3: TM No. | K3: 품종 | L3: 단가\ | N3: TM No. | O3: 품종 | P3: 단가\ | R3: TM No. | S3: 단가\ | T3: N/A여부 | U3: 2part Carrier평균 | V3: 9479 | W3: <전공정 적용
B4: =+N4 -> 614-05 | C4: =+O4 -> GAS SPRING PISTON | D4: =+IF(L4=$V$1,P4*0.6,P4*0.5) -> 9 | F4: =+N4 -> 614-05 | G4: =+O4 -> GAS SPRING PISTON | H4: =IF(T4=$V$1,P4*0.8,P4*0.6) -> 10.8 | J4: =+R4 -> 614-05 | K4: =+O4 -> GAS SPRING PISTON | L4: =T4 -> 14.4 | N4: 614-05 | O4: GAS SPRING PISTON | P4: 18 | R4: =+N4 -> 614-05 | S4: =VLOOKUP(R4,'정형공정 적용리스트'!$A:$D,3,FALSE) -> 18 | T4: =IF(S4>0,S4*0.8,"O") -> 14.4 | U4: 2part Pulley평균 | V4: 2645 | W4: <전공정 적용
B5: =+N5 -> 1262-00 | C5: =+O5 -> LATCH | D5: =+IF(L5=$V$1,P5*0.6,P5*0.5) -> 15.6 | F5: =+N5 -> 1262-00 | G5: =+O5 -> LATCH | H5: =IF(T5=$V$1,P5*0.8,P5*0.6) -> 20.8 | J5: =+R5 -> 1262-00 | K5: =+O5 -> LATCH | L5: =T5 -> O | N5: 1262-00 | O5: LATCH | P5: 26 | R5: =+N5 -> 1262-00 | S5: =VLOOKUP(R5,'정형공정 적용리스트'!$A:$D,3,FALSE) -> #N/A | T5: O
B6: =+N6 -> 433-00 | C6: =+O6 -> CHECK VALVE | D6: =+IF(L6=$V$1,P6*0.6,P6*0.5) -> 16.2 | F6: =+N6 -> 433-00 | G6: =+O6 -> CHECK VALVE | H6: =IF(T6=$V$1,P6*0.8,P6*0.6) -> 21.6 | J6: =+R6 -> 433-00 | K6: =+O6 -> CHECK VALVE | L6: =T6 -> O | N6: 433-00 | O6: CHECK VALVE | P6: 27 | R6: =+N6 -> 433-00 | S6: =VLOOKUP(R6,'정형공정 적용리스트'!$A:$D,3,FALSE) -> #N/A | T6: O
B7: =+N7 -> 369-00 | C7: =+O7 -> V/V PLATE | D7: =+IF(L7=$V$1,P7*0.6,P7*0.5) -> 20.4 | F7: =+N7 -> 369-00 | G7: =+O7 -> V/V PLATE | H7: =IF(T7=$V$1,P7*0.8,P7*0.6) -> 27.2 | J7: =+R7 -> 369-00 | K7: =+O7 -> V/V PLATE | L7: =T7 -> O | N7: 369-00 | O7: V/V PLATE | P7: 34 | R7: =+N7 -> 369-00 | S7: =VLOOKUP(R7,'정형공정 적용리스트'!$A:$D,3,FALSE) -> #N/A | T7: O
B8: =+N8 -> 014-00 | C8: =+O8 -> RETAINER GUIDE | D8: =+IF(L8=$V$1,P8*0.6,P8*0.5) -> 17.5 | F8: =+N8 -> 014-00 | G8: =+O8 -> RETAINER GUIDE | H8: =IF(T8=$V$1,P8*0.8,P8*0.6) -> 21 | J8: =+R8 -> 014-00 | K8: =+O8 -> RETAINER GUIDE | L8: =T8 -> 28 | N8: 014-00 | O8: RETAINER GUIDE | P8: 35 | R8: =+N8 -> 014-00 | S8: =VLOOKUP(R8,'정형공정 적용리스트'!$A:$D,3,FALSE) -> 35 | T8: =IF(S8>0,S8*0.8,"O") -> 28
B9: =+N9 -> 229-00 | C9: =+O9 -> RETAINER GUIDE | D9: =+IF(L9=$V$1,P9*0.6,P9*0.5) -> 19 | F9: =+N9 -> 229-00 | G9: =+O9 -> RETAINER GUIDE | H9: =IF(T9=$V$1,P9*0.8,P9*0.6) -> 22.8 | J9: =+R9 -> 229-00 | K9: =+O9 -> RETAINER GUIDE | L9: =T9 -> 30.4 | N9: 229-00 | O9: RETAINER GUIDE | P9: 38 | R9: =+N9 -> 229-00 | S9: =VLOOKUP(R9,'정형공정 적용리스트'!$A:$D,3,FALSE) -> 38 | T9: =IF(S9>0,S9*0.8,"O") -> 30.4
B10: =+N10 -> 940-00 | C10: =+O10 -> PLANE WASHER | D10: =+IF(L10=$V$1,P10*0.6,P10*0.5) -> 24.6 | F10: =+N10 -> 940-00 | G10: =+O10 -> PLANE WASHER | H10: =IF(T10=$V$1,P10*0.8,P10*0.6) -> 32.8 | J10: =+R10 -> 940-00 | K10: =+O10 -> PLANE WASHER | L10: =T10 -> O | N10: 940-00 | O10: PLANE WASHER | P10: 41 | R10: =+N10 -> 940-00 | S10: =VLOOKUP(R10,'정형공정 적용리스트'!$A:$D,3,FALSE) -> #N/A | T10: O
B11: =+N11 -> 435-00 | C11: =+O11 -> ROTARY VALVE(B) | D11: =+IF(L11=$V$1,P11*0.6,P11*0.5) -> 27 | F11: =+N11 -> 435-00 | G11: =+O11 -> ROTARY VALVE(B) | H11: =IF(T11=$V$1,P11*0.8,P11*0.6) -> 36 | J11: =+R11 -> 435-00 | K11: =+O11 -> ROTARY VALVE(B) | L11: =T11 -> O | N11: 435-00 | O11: ROTARY VALVE(B) | P11: 45 | R11: =+N11 -> 435-00 | S11: =VLOOKUP(R11,'정형공정 적용리스트'!$A:$D,3,FALSE) -> #N/A | T11: O
B12: =+N12 -> 016-00 | C12: =+O12 -> RETAINER GUIDE | D12: =+IF(L12=$V$1,P12*0.6,P12*0.5) -> 23 | F12: =+N12 -> 016-00 | G12: =+O12 -> RETAINER GUIDE | H12: =IF(T12=$V$1,P12*0.8,P12*0.6) -> 27.6 | J12: =+R12 -> 016-00 | K12: =+O12 -> RETAINER GUIDE | L12: =T12 -> 36.8 | N12: 016-00 | O12: RETAINER GUIDE | P12: 46 | R12: =+N12 -> 016-00 | S12: =VLOOKUP(R12,'정형공정 적용리스트'!$A:$D,3,FALSE) -> 46 | T12: =IF(S12>0,S12*0.8,"O") -> 36.8
B13: =+N13 -> 016-00 | C13: =+O13 -> RETAINER GUIDE | D13: =+IF(L13=$V$1,P13*0.6,P13*0.5) -> 23 | F13: =+N13 -> 016-00 | G13: =+O13 -> RETAINER GUIDE | H13: =IF(T13=$V$1,P13*0.8,P13*0.6) -> 27.6 | J13: =+R13 -> 016-00 | K13: =+O13 -> RETAINER GUIDE | L13: =T13 -> 36.8 | N13: 016-00 | O13: RETAINER GUIDE | P13: 46 | R13: =+N13 -> 016-00 | S13: =VLOOKUP(R13,'정형공정 적용리스트'!$A:$D,3,FALSE) -> 46 | T13: =IF(S13>0,S13*0.8,"O") -> 36.8
B14: =+N14 -> 242-01 | C14: =+O14 -> GAS SPRING PISTON | D14: =+IF(L14=$V$1,P14*0.6,P14*0.5) -> 23.5 | F14: =+N14 -> 242-01 | G14: =+O14 -> GAS SPRING PISTON | H14: =IF(T14=$V$1,P14*0.8,P14*0.6) -> 28.2 | J14: =+R14 -> 242-01 | K14: =+O14 -> GAS SPRING PISTON | L14: =T14 -> 37.6 | N14: 242-01 | O14: GAS SPRING PISTON | P14: 47 | R14: =+N14 -> 242-01 | S14: =VLOOKUP(R14,'정형공정 적용리스트'!$A:$D,3,FALSE) -> 47 | T14: =IF(S14>0,S14*0.8,"O") -> 37.6
B15: =+N15 -> 604-00 | C15: =+O15 -> COLLAR | D15: =+IF(L15=$V$1,P15*0.6,P15*0.5) -> 28.2 | F15: =+N15 -> 604-00 | G15: =+O15 -> COLLAR | H15: =IF(T15=$V$1,P15*0.8,P15*0.6) -> 37.6 | J15: =+R15 -> 604-00 | K15: =+O15 -> COLLAR | L15: =T15 -> O | N15: 604-00 | O15: COLLAR | P15: 47 | R15: =+N15 -> 604-00 | S15: =VLOOKUP(R15,'정형공정 적용리스트'!$A:$D,3,FALSE) -> #N/A | T15: O
B16: =+N16 -> 016-00 | C16: =+O16 -> RETAINER GUIDE | D16: =+IF(L16=$V$1,P16*0.6,P16*0.5) -> 23 | F16: =+N16 -> 016-00 | G16: =+O16 -> RETAINER GUIDE | H16: =IF(T16=$V$1,P16*0.8,P16*0.6) -> 27.6 | J16: =+R16 -> 016-00 | K16: =+O16 -> RETAINER GUIDE | L16: =T16 -> 36.8 | N16: 016-00 | O16: RETAINER GUIDE | P16: 46 | R16: =+N16 -> 016-00 | S16: =VLOOKUP(R16,'정형공정 적용리스트'!$A:$D,3,FALSE) -> 46 | T16: =IF(S16>0,S16*0.8,"O") -> 36.8
B17: =+N17 -> 316-00 | C17: =+O17 -> NUT ADJUSTER(LH) | D17: =+IF(L17=$V$1,P17*0.6,P17*0.5) -> 31.2 | F17: =+N17 -> 316-00 | G17: =+O17 -> NUT ADJUSTER(LH) | H17: =IF(T17=$V$1,P17*0.8,P17*0.6) -> 41.6 | J17: =+R17 -> 316-00 | K17: =+O17 -> NUT ADJUSTER(LH) | L17: =T17 -> O | N17: 316-00 | O17: NUT ADJUSTER(LH) | P17: 52 | R17: =+N17 -> 316-00 | S17: =VLOOKUP(R17,'정형공정 적용리스트'!$A:$D,3,FALSE) -> #N/A | T17: O
B18: =+N18 -> 317-00 | C18: =+O18 -> NUT ADJUSTER(RH) | D18: =+IF(L18=$V$1,P18*0.6,P18*0.5) -> 31.2 | F18: =+N18 -> 317-00 | G18: =+O18 -> NUT ADJUSTER(RH) | H18: =IF(T18=$V$1,P18*0.8,P18*0.6) -> 41.6 | J18: =+R18 -> 317-00 | K18: =+O18 -> NUT ADJUSTER(RH) | L18: =T18 -> O | N18: 317-00 | O18: NUT ADJUSTER(RH) | P18: 52 | R18: =+N18 -> 317-00 | S18: =VLOOKUP(R18,'정형공정 적용리스트'!$A:$D,3,FALSE) -> #N/A | T18: O
B19: =+N19 -> 426-00 | C19: =+O19 -> COMP,RETAINER | D19: =+IF(L19=$V$1,P19*0.6,P19*0.5) -> 26.5 | F19: =+N19 -> 426-00 | G19: =+O19 -> COMP,RETAINER | H19: =IF(T19=$V$1,P19*0.8,P19*0.6) -> 31.8 | J19: =+R19 -> 426-00 | K19: =+O19 -> COMP,RETAINER | L19: =T19 -> 42.4 | N19: 426-00 | O19: COMP,RETAINER | P19: 53 | R19: =+N19 -> 426-00 | S19: =VLOOKUP(R19,'정형공정 적용리스트'!$A:$D,3,FALSE) -> 53 | T19: =IF(S19>0,S19*0.8,"O") -> 42.4
B20: =+N20 -> 428-01 | C20: =+O20 -> COMP,RETAINER | D20: =+IF(L20=$V$1,P20*0.6,P20*0.5) -> 26.5 | F20: =+N20 -> 428-01 | G20: =+O20 -> COMP,RETAINER | H20: =IF(T20=$V$1,P20*0.8,P20*0.6) -> 31.8 | J20: =+R20 -> 428-01 | K20: =+O20 -> COMP,RETAINER | L20: =T20 -> 42.4 | N20: 428-01 | O20: COMP,RETAINER | P20: 53 | R20: =+N20 -> 428-01 | S20: =VLOOKUP(R20,'정형공정 적용리스트'!$A:$D,3,FALSE) -> 53 | T20: =IF(S20>0,S20*0.8,"O") -> 42.4
B21: =+N21 -> 426-00 | C21: =+O21 -> COMP,RETAINER | D21: =+IF(L21=$V$1,P21*0.6,P21*0.5) -> 26.5 | F21: =+N21 -> 426-00 | G21: =+O21 -> COMP,RETAINER | H21: =IF(T21=$V$1,P21*0.8,P21*0.6) -> 31.8 | J21: =+R21 -> 426-00 | K21: =+O21 -> COMP,RETAINER | L21: =T21 -> 42.4 | N21: 426-00 | O21: COMP,RETAINER | P21: 53 | R21: =+N21 -> 426-00 | S21: =VLOOKUP(R21,'정형공정 적용리스트'!$A:$D,3,FALSE) -> 53 | T21: =IF(S21>0,S21*0.8,"O") -> 42.4
B22: =+N22 -> 204-00 | C22: =+O22 -> BODY | D22: =+IF(L22=$V$1,P22*0.6,P22*0.5) -> 27.5 | F22: =+N22 -> 204-00 | G22: =+O22 -> BODY | H22: =IF(T22=$V$1,P22*0.8,P22*0.6) -> 33 | J22: =+R22 -> 204-00 | K22: =+O22 -> BODY | L22: =T22 -> 44 | N22: 204-00 | O22: BODY | P22: 55 | R22: =+N22 -> 204-00 | S22: =VLOOKUP(R22,'정형공정 적용리스트'!$A:$D,3,FALSE) -> 55 | T22: =IF(S22>0,S22*0.8,"O") -> 44
B23: =+N23 -> 428-01 | C23: =+O23 -> COMP,RETAINER | D23: =+IF(L23=$V$1,P23*0.6,P23*0.5) -> 26.5 | F23: =+N23 -> 428-01 | G23: =+O23 -> COMP,RETAINER | H23: =IF(T23=$V$1,P23*0.8,P23*0.6) -> 31.8 | J23: =+R23 -> 428-01 | K23: =+O23 -> COMP,RETAINER | L23: =T23 -> 42.4 | N23: 428-01 | O23: COMP,RETAINER | P23: 53 | R23: =+N23 -> 428-01 | S23: =VLOOKUP(R23,'정형공정 적용리스트'!$A:$D,3,FALSE) -> 53 | T23: =IF(S23>0,S23*0.8,"O") -> 42.4
B24: =+N24 -> 409-00 | C24: =+O24 -> REB,RETAINER | D24: =+IF(L24=$V$1,P24*0.6,P24*0.5) -> 28 | F24: =+N24 -> 409-00 | G24: =+O24 -> REB,RETAINER | H24: =IF(T24=$V$1,P24*0.8,P24*0.6) -> 33.6 | J24: =+R24 -> 409-00 | K24: =+O24 -> REB,RETAINER | L24: =T24 -> 44.8 | N24: 409-00 | O24: REB,RETAINER | P24: 56 | R24: =+N24 -> 409-00 | S24: =VLOOKUP(R24,'정형공정 적용리스트'!$A:$D,3,FALSE) -> 56 | T24: =IF(S24>0,S24*0.8,"O") -> 44.8
B25: =+N25 -> 404-00 | C25: =+O25 -> COMP,RETAINER | D25: =+IF(L25=$V$1,P25*0.6,P25*0.5) -> 28.5 | F25: =+N25 -> 404-00 | G25: =+O25 -> COMP,RETAINER | H25: =IF(T25=$V$1,P25*0.8,P25*0.6) -> 34.2 | J25: =+R25 -> 404-00 | K25: =+O25 -> COMP,RETAINER | L25: =T25 -> 45.6 | N25: 404-00 | O25: COMP,RETAINER | P25: 57 | R25: =+N25 -> 404-00 | S25: =VLOOKUP(R25,'정형공정 적용리스트'!$A:$D,3,FALSE) -> 57 | T25: =IF(S25>0,S25*0.8,"O") -> 45.6
B26: =+N26 -> 415-00 | C26: =+O26 -> COMP,RETAINER | D26: =+IF(L26=$V$1,P26*0.6,P26*0.5) -> 28.5 | F26: =+N26 -> 415-00 | G26: =+O26 -> COMP,RETAINER | H26: =IF(T26=$V$1,P26*0.8,P26*0.6) -> 34.2 | J26: =+R26 -> 415-00 | K26: =+O26 -> COMP,RETAINER | L26: =T26 -> 45.6 | N26: 415-00 | O26: COMP,RETAINER | P26: 57 | R26: =+N26 -> 415-00 | S26: =VLOOKUP(R26,'정형공정 적용리스트'!$A:$D,3,FALSE) -> 57 | T26: =IF(S26>0,S26*0.8,"O") -> 45.6
B27: =+N27 -> 415-00 | C27: =+O27 -> COMP,RETAINER | D27: =+IF(L27=$V$1,P27*0.6,P27*0.5) -> 28.5 | F27: =+N27 -> 415-00 | G27: =+O27 -> COMP,RETAINER | H27: =IF(T27=$V$1,P27*0.8,P27*0.6) -> 34.2 | J27: =+R27 -> 415-00 | K27: =+O27 -> COMP,RETAINER | L27: =T27 -> 45.6 | N27: 415-00 | O27: COMP,RETAINER | P27: 57 | R27: =+N27 -> 415-00 | S27: =VLOOKUP(R27,'정형공정 적용리스트'!$A:$D,3,FALSE) -> 57 | T27: =IF(S27>0,S27*0.8,"O") -> 45.6
B28: =+N28 -> 427-00 | C28: =+O28 -> REB,RETAINER | D28: =+IF(L28=$V$1,P28*0.6,P28*0.5) -> 28.5 | F28: =+N28 -> 427-00 | G28: =+O28 -> REB,RETAINER | H28: =IF(T28=$V$1,P28*0.8,P28*0.6) -> 34.2 | J28: =+R28 -> 427-00 | K28: =+O28 -> REB,RETAINER | L28: =T28 -> 45.6 | N28: 427-00 | O28: REB,RETAINER | P28: 57 | R28: =+N28 -> 427-00 | S28: =VLOOKUP(R28,'정형공정 적용리스트'!$A:$D,3,FALSE) -> 57 | T28: =IF(S28>0,S28*0.8,"O") -> 45.6
B29: =+N29 -> 458-00 | C29: =+O29 -> REB,RETAINER | D29: =+IF(L29=$V$1,P29*0.6,P29*0.5) -> 28.5 | F29: =+N29 -> 458-00 | G29: =+O29 -> REB,RETAINER | H29: =IF(T29=$V$1,P29*0.8,P29*0.6) -> 34.2 | J29: =+R29 -> 458-00 | K29: =+O29 -> REB,RETAINER | L29: =T29 -> 45.6 | N29: 458-00 | O29: REB,RETAINER | P29: 57 | R29: =+N29 -> 458-00 | S29: =VLOOKUP(R29,'정형공정 적용리스트'!$A:$D,3,FALSE) -> 57 | T29: =IF(S29>0,S29*0.8,"O") -> 45.6
B30: =+N30 -> 458-00 | C30: =+O30 -> REB,RETAINER | D30: =+IF(L30=$V$1,P30*0.6,P30*0.5) -> 28.5 | F30: =+N30 -> 458-00 | G30: =+O30 -> REB,RETAINER | H30: =IF(T30=$V$1,P30*0.8,P30*0.6) -> 34.2 | J30: =+R30 -> 458-00 | K30: =+O30 -> REB,RETAINER | L30: =T30 -> 45.6 | N30: 458-00 | O30: REB,RETAINER | P30: 57 | R30: =+N30 -> 458-00 | S30: =VLOOKUP(R30,'정형공정 적용리스트'!$A:$D,3,FALSE) -> 57 | T30: =IF(S30>0,S30*0.8,"O") -> 45.6
... B49: =+N49 -> 403-00 | C49: =+O49 -> COMP,RETAINER | D49: =+IF(L49=$V$1,P49*0.6,P49*0.5) -> 34 | F49: =+N49 -> 403-00 | G49: =+O49 -> COMP,RETAINER | H49: =IF(T49=$V$1,P49*0.8,P49*0.6) -> 40.8 | J49: =+R49 -> 403-00 | K49: =+O49 -> COMP,RETAINER | L49: =T49 -> 54.4 | N49: 403-00 | O49: COMP,RETAINER | P49: 68 | R49: =+N49 -> 403-00 | S49: =VLOOKUP(R49,'정형공정 적용리스트'!$A:$D,3,FALSE) -> 68 | T49: =IF(S49>0,S49*0.8,"O") -> 54.4
B50: =+N50 -> 843-00 | C50: =+O50 -> NUT ADJUSTER(LH) | D50: =+IF(L50=$V$1,P50*0.6,P50*0.5) -> 40.8 | F50: =+N50 -> 843-00 | G50: =+O50 -> NUT ADJUSTER(LH) | H50: =IF(T50=$V$1,P50*0.8,P50*0.6) -> 54.4 | J50: =+R50 -> 843-00 | K50: =+O50 -> NUT ADJUSTER(LH) | L50: =T50 -> O | N50: 843-00 | O50: NUT ADJUSTER(LH) | P50: 68 | R50: =+N50 -> 843-00 | S50: =VLOOKUP(R50,'정형공정 적용리스트'!$A:$D,3,FALSE) -> #N/A | T50: O
B51: =+N51 -> 843-00 | C51: =+O51 -> NUT ADJUSTER(LH) | D51: =+IF(L51=$V$1,P51*0.6,P51*0.5) -> 40.8 | F51: =+N51 -> 843-00 | G51: =+O51 -> NUT ADJUSTER(LH) | H51: =IF(T51=$V$1,P51*0.8,P51*0.6) -> 54.4 | J51: =+R51 -> 843-00 | K51: =+O51 -> NUT ADJUSTER(LH) | L51: =T51 -> O | N51: 843-00 | O51: NUT ADJUSTER(LH) | P51: 68 | R51: =+N51 -> 843-00 | S51: =VLOOKUP(R51,'정형공정 적용리스트'!$A:$D,3,FALSE) -> #N/A | T51: O
B52: =+N52 -> 844-00 | C52: =+O52 -> NUT ADJUSTER(RH) | D52: =+IF(L52=$V$1,P52*0.6,P52*0.5) -> 40.8 | F52: =+N52 -> 844-00 | G52: =+O52 -> NUT ADJUSTER(RH) | H52: =IF(T52=$V$1,P52*0.8,P52*0.6) -> 54.4 | J52: =+R52 -> 844-00 | K52: =+O52 -> NUT ADJUSTER(RH) | L52: =T52 -> O | N52: 844-00 | O52: NUT ADJUSTER(RH) | P52: 68 | R52: =+N52 -> 844-00 | S52: =VLOOKUP(R52,'정형공정 적용리스트'!$A:$D,3,FALSE) -> #N/A | T52: O
B53: =+N53 -> 844-00 | C53: =+O53 -> NUT ADJUSTER(RH) | D53: =+IF(L53=$V$1,P53*0.6,P53*0.5) -> 40.8 | F53: =+N53 -> 844-00 | G53: =+O53 -> NUT ADJUSTER(RH) | H53: =IF(T53=$V$1,P53*0.8,P53*0.6) -> 54.4 | J53: =+R53 -> 844-00 | K53: =+O53 -> NUT ADJUSTER(RH) | L53: =T53 -> O | N53: 844-00 | O53: NUT ADJUSTER(RH) | P53: 68 | R53: =+N53 -> 844-00 | S53: =VLOOKUP(R53,'정형공정 적용리스트'!$A:$D,3,FALSE) -> #N/A | T53: O
B54: =+N54 -> 494-01 | C54: =+O54 -> REB,RETAINER | D54: =+IF(L54=$V$1,P54*0.6,P54*0.5) -> 33 | F54: =+N54 -> 494-01 | G54: =+O54 -> REB,RETAINER | H54: =IF(T54=$V$1,P54*0.8,P54*0.6) -> 39.6 | J54: =+R54 -> 494-01 | K54: =+O54 -> REB,RETAINER | L54: =T54 -> 52.8 | N54: 494-01 | O54: REB,RETAINER | P54: 66 | R54: =+N54 -> 494-01 | S54: =VLOOKUP(R54,'정형공정 적용리스트'!$A:$D,3,FALSE) -> 66 | T54: =IF(S54>0,S54*0.8,"O") -> 52.8
B55: =+N55 -> 575-00 | C55: =+O55 -> REB,RETAINER | D55: =+IF(L55=$V$1,P55*0.6,P55*0.5) -> 34.5 | F55: =+N55 -> 575-00 | G55: =+O55 -> REB,RETAINER | H55: =IF(T55=$V$1,P55*0.8,P55*0.6) -> 41.4 | J55: =+R55 -> 575-00 | K55: =+O55 -> REB,RETAINER | L55: =T55 -> 55.2 | N55: 575-00 | O55: REB,RETAINER | P55: 69 | R55: =+N55 -> 575-00 | S55: =VLOOKUP(R55,'정형공정 적용리스트'!$A:$D,3,FALSE) -> 69 | T55: =IF(S55>0,S55*0.8,"O") -> 55.2
B56: =+N56 -> 420-00 | C56: =+O56 -> COMP,RETAINER | D56: =+IF(L56=$V$1,P56*0.6,P56*0.5) -> 35 | F56: =+N56 -> 420-00 | G56: =+O56 -> COMP,RETAINER | H56: =IF(T56=$V$1,P56*0.8,P56*0.6) -> 42 | J56: =+R56 -> 420-00 | K56: =+O56 -> COMP,RETAINER | L56: =T56 -> 56 | N56: 420-00 | O56: COMP,RETAINER | P56: 70 | R56: =+N56 -> 420-00 | S56: =VLOOKUP(R56,'정형공정 적용리스트'!$A:$D,3,FALSE) -> 70 | T56: =IF(S56>0,S56*0.8,"O") -> 56
B57: =+N57 -> 511-00 | C57: =+O57 -> BACK UP WASHER | D57: =+IF(L57=$V$1,P57*0.6,P57*0.5) -> 42.6 | F57: =+N57 -> 511-00 | G57: =+O57 -> BACK UP WASHER | H57: =IF(T57=$V$1,P57*0.8,P57*0.6) -> 56.8 | J57: =+R57 -> 511-00 | K57: =+O57 -> BACK UP WASHER | L57: =T57 -> O | N57: 511-00 | O57: BACK UP WASHER | P57: 71 | R57: =+N57 -> 511-00 | S57: =VLOOKUP(R57,'정형공정 적용리스트'!$A:$D,3,FALSE) -> #N/A | T57: O
B58: =+N58 -> 203-01 | C58: =+O58 -> PISTON | D58: =+IF(L58=$V$1,P58*0.6,P58*0.5) -> 36 | F58: =+N58 -> 203-01 | G58: =+O58 -> PISTON | H58: =IF(T58=$V$1,P58*0.8,P58*0.6) -> 43.2 | J58: =+R58 -> 203-01 | K58: =+O58 -> PISTON | L58: =T58 -> 57.6 | N58: 203-01 | O58: PISTON | P58: 72 | R58: =+N58 -> 203-01 | S58: =VLOOKUP(R58,'정형공정 적용리스트'!$A:$D,3,FALSE) -> 72 | T58: =IF(S58>0,S58*0.8,"O") -> 57.6
B59: =+N59 -> 431-03 | C59: =+O59 -> REB,RETAINER | D59: =+IF(L59=$V$1,P59*0.6,P59*0.5) -> 36.5 | F59: =+N59 -> 431-03 | G59: =+O59 -> REB,RETAINER | H59: =IF(T59=$V$1,P59*0.8,P59*0.6) -> 43.8 | J59: =+R59 -> 431-03 | K59: =+O59 -> REB,RETAINER | L59: =T59 -> 58.4 | N59: 431-03 | O59: REB,RETAINER | P59: 73 | R59: =+N59 -> 431-03 | S59: =VLOOKUP(R59,'정형공정 적용리스트'!$A:$D,3,FALSE) -> 73 | T59: =IF(S59>0,S59*0.8,"O") -> 58.4
B60: =+N60 -> 4SA1015 | C60: =+O60 -> DU-BUSH | D60: =+IF(L60=$V$1,P60*0.6,P60*0.5) -> 43.8 | F60: =+N60 -> 4SA1015 | G60: =+O60 -> DU-BUSH | H60: =IF(T60=$V$1,P60*0.8,P60*0.6) -> 58.4 | J60: =+R60 -> 4SA1015 | K60: =+O60 -> DU-BUSH | L60: =T60 -> O | N60: 4SA1015 | O60: DU-BUSH | P60: 73 | R60: =+N60 -> 4SA1015 | S60: =VLOOKUP(R60,'정형공정 적용리스트'!$A:$D,3,FALSE) -> #N/A | T60: O
B61: =+N61 -> 557-00 | C61: =+O61 -> BODY | D61: =+IF(L61=$V$1,P61*0.6,P61*0.5) -> 37 | F61: =+N61 -> 557-00 | G61: =+O61 -> BODY | H61: =IF(T61=$V$1,P61*0.8,P61*0.6) -> 44.4 | J61: =+R61 -> 557-00 | K61: =+O61 -> BODY | L61: =T61 -> 59.2 | N61: 557-00 | O61: BODY | P61: 74 | R61: =+N61 -> 557-00 | S61: =VLOOKUP(R61,'정형공정 적용리스트'!$A:$D,3,FALSE) -> 74 | T61: =IF(S61>0,S61*0.8,"O") -> 59.2
B62: =+N62 -> 830-00 | C62: =+O62 -> GAS SPRING PISTON | D62: =+IF(L62=$V$1,P62*0.6,P62*0.5) -> 37 | F62: =+N62 -> 830-00 | G62: =+O62 -> GAS SPRING PISTON | H62: =IF(T62=$V$1,P62*0.8,P62*0.6) -> 44.4 | J62: =+R62 -> 830-00 | K62: =+O62 -> GAS SPRING PISTON | L62: =T62 -> 59.2 | N62: 830-00 | O62: GAS SPRING PISTON | P62: 74 | R62: =+N62 -> 830-00 | S62: =VLOOKUP(R62,'정형공정 적용리스트'!$A:$D,3,FALSE) -> 74 | T62: =IF(S62>0,S62*0.8,"O") -> 59.2
B63: =+N63 -> 054-00 | C63: =+O63 -> RETAINER GUIDE | D63: =+IF(L63=$V$1,P63*0.6,P63*0.5) -> 37.5 | F63: =+N63 -> 054-00 | G63: =+O63 -> RETAINER GUIDE | H63: =IF(T63=$V$1,P63*0.8,P63*0.6) -> 45 | J63: =+R63 -> 054-00 | K63: =+O63 -> RETAINER GUIDE | L63: =T63 -> 60 | N63: 054-00 | O63: RETAINER GUIDE | P63: 75 | R63: =+N63 -> 054-00 | S63: =VLOOKUP(R63,'정형공정 적용리스트'!$A:$D,3,FALSE) -> 75 | T63: =IF(S63>0,S63*0.8,"O") -> 60
B64: =+N64 -> 366-00 | C64: =+O64 -> BODY | D64: =+IF(L64=$V$1,P64*0.6,P64*0.5) -> 38 | F64: =+N64 -> 366-00 | G64: =+O64 -> BODY | H64: =IF(T64=$V$1,P64*0.8,P64*0.6) -> 45.6 | J64: =+R64 -> 366-00 | K64: =+O64 -> BODY | L64: =T64 -> 60.8 | N64: 366-00 | O64: BODY | P64: 76 | R64: =+N64 -> 366-00 | S64: =VLOOKUP(R64,'정형공정 적용리스트'!$A:$D,3,FALSE) -> 76 | T64: =IF(S64>0,S64*0.8,"O") -> 60.8
B65: =+N65 -> 685-04 | C65: =+O65 -> REB,RETAINER | D65: =+IF(L65=$V$1,P65*0.6,P65*0.5) -> 38 | F65: =+N65 -> 685-04 | G65: =+O65 -> REB,RETAINER | H65: =IF(T65=$V$1,P65*0.8,P65*0.6) -> 45.6 | J65: =+R65 -> 685-04 | K65: =+O65 -> REB,RETAINER | L65: =T65 -> 60.8 | N65: 685-04 | O65: REB,RETAINER | P65: 76 | R65: =+N65 -> 685-04 | S65: =VLOOKUP(R65,'정형공정 적용리스트'!$A:$D,3,FALSE) -> 76 | T65: =IF(S65>0,S65*0.8,"O") -> 60.8
B66: =+N66 -> 690-01 | C66: =+O66 -> COMP,RETAINER | D66: =+IF(L66=$V$1,P66*0.6,P66*0.5) -> 38 | F66: =+N66 -> 690-01 | G66: =+O66 -> COMP,RETAINER | H66: =IF(T66=$V$1,P66*0.8,P66*0.6) -> 45.6 | J66: =+R66 -> 690-01 | K66: =+O66 -> COMP,RETAINER | L66: =T66 -> 60.8 | N66: 690-01 | O66: COMP,RETAINER | P66: 76 | R66: =+N66 -> 690-01 | S66: =VLOOKUP(R66,'정형공정 적용리스트'!$A:$D,3,FALSE) -> 76 | T66: =IF(S66>0,S66*0.8,"O") -> 60.8
B67: =+N67 -> 690-02 | C67: =+O67 -> COMP,RETAINER | D67: =+IF(L67=$V$1,P67*0.6,P67*0.5) -> 38 | F67: =+N67 -> 690-02 | G67: =+O67 -> COMP,RETAINER | H67: =IF(T67=$V$1,P67*0.8,P67*0.6) -> 45.6 | J67: =+R67 -> 690-02 | K67: =+O67 -> COMP,RETAINER | L67: =T67 -> 60.8 | N67: 690-02 | O67: COMP,RETAINER | P67: 76 | R67: =+N67 -> 690-02 | S67: =VLOOKUP(R67,'정형공정 적용리스트'!$A:$D,3,FALSE) -> 76 | T67: =IF(S67>0,S67*0.8,"O") -> 60.8
B68: =+N68 -> 410-00 | C68: =+O68 -> REB,RETAINER | D68: =+IF(L68=$V$1,P68*0.6,P68*0.5) -> 38.5 | F68: =+N68 -> 410-00 | G68: =+O68 -> REB,RETAINER | H68: =IF(T68=$V$1,P68*0.8,P68*0.6) -> 46.2 | J68: =+R68 -> 410-00 | K68: =+O68 -> REB,RETAINER | L68: =T68 -> 61.6 | N68: 410-00 | O68: REB,RETAINER | P68: 77 | R68: =+N68 -> 410-00 | S68: =VLOOKUP(R68,'정형공정 적용리스트'!$A:$D,3,FALSE) -> 77 | T68: =IF(S68>0,S68*0.8,"O") -> 61.6
B69: =+N69 -> 807-01 | C69: =+O69 -> REB,RETAINER | D69: =+IF(L69=$V$1,P69*0.6,P69*0.5) -> 38.5 | F69: =+N69 -> 807-01 | G69: =+O69 -> REB,RETAINER | H69: =IF(T69=$V$1,P69*0.8,P69*0.6) -> 46.2 | J69: =+R69 -> 807-01 | K69: =+O69 -> REB,RETAINER | L69: =T69 -> 61.6 | N69: 807-01 | O69: REB,RETAINER | P69: 77 | R69: =+N69 -> 807-01 | S69: =VLOOKUP(R69,'정형공정 적용리스트'!$A:$D,3,FALSE) -> 77 | T69: =IF(S69>0,S69*0.8,"O") -> 61.6
B70: =+N70 -> 853-22 | C70: =+O70 -> REB,RETAINER | D70: =+IF(L70=$V$1,P70*0.6,P70*0.5) -> 38.5 | F70: =+N70 -> 853-22 | G70: =+O70 -> REB,RETAINER | H70: =IF(T70=$V$1,P70*0.8,P70*0.6) -> 46.2 | J70: =+R70 -> 853-22 | K70: =+O70 -> REB,RETAINER | L70: =T70 -> 61.6 | N70: 853-22 | O70: REB,RETAINER | P70: 77 | R70: =+N70 -> 853-22 | S70: =VLOOKUP(R70,'정형공정 적용리스트'!$A:$D,3,FALSE) -> 77 | T70: =IF(S70>0,S70*0.8,"O") -> 61.6
B71: =+N71 -> 4A13636 | C71: =+O71 -> DU-BUSH | D71: =+IF(L71=$V$1,P71*0.6,P71*0.5) -> 46.8 | F71: =+N71 -> 4A13636 | G71: =+O71 -> DU-BUSH | H71: =IF(T71=$V$1,P71*0.8,P71*0.6) -> 62.4 | J71: =+R71 -> 4A13636 | K71: =+O71 -> DU-BUSH | L71: =T71 -> O | N71: 4A13636 | O71: DU-BUSH | P71: 78 | R71: =+N71 -> 4A13636 | S71: =VLOOKUP(R71,'정형공정 적용리스트'!$A:$D,3,FALSE) -> #N/A | T71: O
B72: =+N72 -> 685-02 | C72: =+O72 -> REB,RETAINER | D72: =+IF(L72=$V$1,P72*0.6,P72*0.5) -> 39 | F72: =+N72 -> 685-02 | G72: =+O72 -> REB,RETAINER | H72: =IF(T72=$V$1,P72*0.8,P72*0.6) -> 46.8 | J72: =+R72 -> 685-02 | K72: =+O72 -> REB,RETAINER | L72: =T72 -> 62.4 | N72: 685-02 | O72: REB,RETAINER | P72: 78 | R72: =+N72 -> 685-02 | S72: =VLOOKUP(R72,'정형공정 적용리스트'!$A:$D,3,FALSE) -> 78 | T72: =IF(S72>0,S72*0.8,"O") -> 62.4
B73: =+N73 -> 686-01 | C73: =+O73 -> COMP,RETAINER | D73: =+IF(L73=$V$1,P73*0.6,P73*0.5) -> 39 | F73: =+N73 -> 686-01 | G73: =+O73 -> COMP,RETAINER | H73: =IF(T73=$V$1,P73*0.8,P73*0.6) -> 46.8 | J73: =+R73 -> 686-01 | K73: =+O73 -> COMP,RETAINER | L73: =T73 -> 62.4 | N73: 686-01 | O73: COMP,RETAINER | P73: 78 | R73: =+N73 -> 686-01 | S73: =VLOOKUP(R73,'정형공정 적용리스트'!$A:$D,3,FALSE) -> 78 | T73: =IF(S73>0,S73*0.8,"O") -> 62.4
B74: =+N74 -> 494-05 | C74: =+O74 -> REB,RETAINER | D74: =+IF(L74=$V$1,P74*0.6,P74*0.5) -> 39.5 | F74: =+N74 -> 494-05 | G74: =+O74 -> REB,RETAINER | H74: =IF(T74=$V$1,P74*0.8,P74*0.6) -> 47.4 | J74: =+R74 -> 494-05 | K74: =+O74 -> REB,RETAINER | L74: =T74 -> 63.2 | N74: 494-05 | O74: REB,RETAINER | P74: 79 | R74: =+N74 -> 494-05 | S74: =VLOOKUP(R74,'정형공정 적용리스트'!$A:$D,3,FALSE) -> 79 | T74: =IF(S74>0,S74*0.8,"O") -> 63.2
B75: =+N75 -> 1102-00 | C75: =+O75 -> PINION GEAR | D75: =+IF(L75=$V$1,P75*0.6,P75*0.5) -> 48 | F75: =+N75 -> 1102-00 | G75: =+O75 -> PINION GEAR | H75: =IF(T75=$V$1,P75*0.8,P75*0.6) -> 64 | J75: =+R75 -> 1102-00 | K75: =+O75 -> PINION GEAR | L75: =T75 -> O | N75: 1102-00 | O75: PINION GEAR | P75: 80 | R75: =+N75 -> 1102-00 | S75: =VLOOKUP(R75,'정형공정 적용리스트'!$A:$D,3,FALSE) -> #N/A | T75: O
B76: =+N76 -> 804-01 | C76: =+O76 -> COMP,RETAINER | D76: =+IF(L76=$V$1,P76*0.6,P76*0.5) -> 40 | F76: =+N76 -> 804-01 | G76: =+O76 -> COMP,RETAINER | H76: =IF(T76=$V$1,P76*0.8,P76*0.6) -> 48 | J76: =+R76 -> 804-01 | K76: =+O76 -> COMP,RETAINER | L76: =T76 -> 64 | N76: 804-01 | O76: COMP,RETAINER | P76: 80 | R76: =+N76 -> 804-01 | S76: =VLOOKUP(R76,'정형공정 적용리스트'!$A:$D,3,FALSE) -> 80 | T76: =IF(S76>0,S76*0.8,"O") -> 64
B77: =+N77 -> 1815-00 | C77: =+O77 -> PLANETARY GEAR | D77: =+IF(L77=$V$1,P77*0.6,P77*0.5) -> 48.6 | F77: =+N77 -> 1815-00 | G77: =+O77 -> PLANETARY GEAR | H77: =IF(T77=$V$1,P77*0.8,P77*0.6) -> 64.8 | J77: =+R77 -> 1815-00 | K77: =+O77 -> PLANETARY GEAR | L77: =T77 -> O | N77: 1815-00 | O77: PLANETARY GEAR | P77: 81 | R77: =+N77 -> 1815-00 | S77: =VLOOKUP(R77,'정형공정 적용리스트'!$A:$D,3,FALSE) -> #N/A | T77: O
B78: =+N78 -> 458-00 | C78: =+O78 -> REB,RETAINER | D78: =+IF(L78=$V$1,P78*0.6,P78*0.5) -> 28.5 | F78: =+N78 -> 458-00 | G78: =+O78 -> REB,RETAINER | H78: =IF(T78=$V$1,P78*0.8,P78*0.6) -> 34.2 | J78: =+R78 -> 458-00 | K78: =+O78 -> REB,RETAINER | L78: =T78 -> 45.6 | N78: 458-00 | O78: REB,RETAINER | P78: 57 | R78: =+N78 -> 458-00 | S78: =VLOOKUP(R78,'정형공정 적용리스트'!$A:$D,3,FALSE) -> 57 | T78: =IF(S78>0,S78*0.8,"O") -> 45.6
B79: =+N79 -> 494-04 | C79: =+O79 -> REB,RETAINER | D79: =+IF(L79=$V$1,P79*0.6,P79*0.5) -> 40.5 | F79: =+N79 -> 494-04 | G79: =+O79 -> REB,RETAINER | H79: =IF(T79=$V$1,P79*0.8,P79*0.6) -> 48.6 | J79: =+R79 -> 494-04 | K79: =+O79 -> REB,RETAINER | L79: =T79 -> 64.8 | N79: 494-04 | O79: REB,RETAINER | P79: 81 | R79: =+N79 -> 494-04 | S79: =VLOOKUP(R79,'정형공정 적용리스트'!$A:$D,3,FALSE) -> 81 | T79: =IF(S79>0,S79*0.8,"O") -> 64.8
B80: =+N80 -> 626-00 | C80: =+O80 -> REB,RETAINER | D80: =+IF(L80=$V$1,P80*0.6,P80*0.5) -> 40.5 | F80: =+N80 -> 626-00 | G80: =+O80 -> REB,RETAINER | H80: =IF(T80=$V$1,P80*0.8,P80*0.6) -> 48.6 | J80: =+R80 -> 626-00 | K80: =+O80 -> REB,RETAINER | L80: =T80 -> 64.8 | N80: 626-00 | O80: REB,RETAINER | P80: 81 | R80: =+N80 -> 626-00 | S80: =VLOOKUP(R80,'정형공정 적용리스트'!$A:$D,3,FALSE) -> 81 | T80: =IF(S80>0,S80*0.8,"O") -> 64.8
B81: =+N81 -> 656-00 | C81: =+O81 -> COMP,RETAINER | D81: =+IF(L81=$V$1,P81*0.6,P81*0.5) -> 40.5 | F81: =+N81 -> 656-00 | G81: =+O81 -> COMP,RETAINER | H81: =IF(T81=$V$1,P81*0.8,P81*0.6) -> 48.6 | J81: =+R81 -> 656-00 | K81: =+O81 -> COMP,RETAINER | L81: =T81 -> 64.8 | N81: 656-00 | O81: COMP,RETAINER | P81: 81 | R81: =+N81 -> 656-00 | S81: =VLOOKUP(R81,'정형공정 적용리스트'!$A:$D,3,FALSE) -> 81 | T81: =IF(S81>0,S81*0.8,"O") -> 64.8
B82: =+N82 -> 656-00 | C82: =+O82 -> COMP,RETAINER | D82: =+IF(L82=$V$1,P82*0.6,P82*0.5) -> 40.5 | F82: =+N82 -> 656-00 | G82: =+O82 -> COMP,RETAINER | H82: =IF(T82=$V$1,P82*0.8,P82*0.6) -> 48.6 | J82: =+R82 -> 656-00 | K82: =+O82 -> COMP,RETAINER | L82: =T82 -> 64.8 | N82: 656-00 | O82: COMP,RETAINER | P82: 81 | R82: =+N82 -> 656-00 | S82: =VLOOKUP(R82,'정형공정 적용리스트'!$A:$D,3,FALSE) -> 81 | T82: =IF(S82>0,S82*0.8,"O") -> 64.8
B83: =+N83 -> 687-01 | C83: =+O83 -> COMP,RETAINER | D83: =+IF(L83=$V$1,P83*0.6,P83*0.5) -> 40.5 | F83: =+N83 -> 687-01 | G83: =+O83 -> COMP,RETAINER | H83: =IF(T83=$V$1,P83*0.8,P83*0.6) -> 48.6 | J83: =+R83 -> 687-01 | K83: =+O83 -> COMP,RETAINER | L83: =T83 -> 64.8 | N83: 687-01 | O83: COMP,RETAINER | P83: 81 | R83: =+N83 -> 687-01 | S83: =VLOOKUP(R83,'정형공정 적용리스트'!$A:$D,3,FALSE) -> 81 | T83: =IF(S83>0,S83*0.8,"O") -> 64.8
B84: =+N84 -> 687-02 | C84: =+O84 -> COMP,RETAINER | D84: =+IF(L84=$V$1,P84*0.6,P84*0.5) -> 40.5 | F84: =+N84 -> 687-02 | G84: =+O84 -> COMP,RETAINER | H84: =IF(T84=$V$1,P84*0.8,P84*0.6) -> 48.6 | J84: =+R84 -> 687-02 | K84: =+O84 -> COMP,RETAINER | L84: =T84 -> 64.8 | N84: 687-02 | O84: COMP,RETAINER | P84: 81 | R84: =+N84 -> 687-02 | S84: =VLOOKUP(R84,'정형공정 적용리스트'!$A:$D,3,FALSE) -> 81 | T84: =IF(S84>0,S84*0.8,"O") -> 64.8
B85: =+N85 -> 945-00 | C85: =+O85 -> CAP | D85: =+IF(L85=$V$1,P85*0.6,P85*0.5) -> 48.6 | F85: =+N85 -> 945-00 | G85: =+O85 -> CAP | H85: =IF(T85=$V$1,P85*0.8,P85*0.6) -> 64.8 | J85: =+R85 -> 945-00 | K85: =+O85 -> CAP | L85: =T85 -> O | N85: 945-00 | O85: CAP | P85: 81 | R85: =+N85 -> 945-00 | S85: =VLOOKUP(R85,'정형공정 적용리스트'!$A:$D,3,FALSE) -> #N/A | T85: O
B86: =+N86 -> 3SA1154 | C86: =+O86 -> PISTON RING | D86: =+IF(L86=$V$1,P86*0.6,P86*0.5) -> #N/A | F86: =+N86 -> 3SA1154 | G86: =+O86 -> PISTON RING | H86: =IF(T86=$V$1,P86*0.8,P86*0.6) -> #N/A | J86: =+R86 -> 3SA1154 | K86: =+O86 -> PISTON RING | L86: =T86 -> #N/A | N86: 3SA1154 | O86: PISTON RING | P86: 82 | R86: =+N86 -> 3SA1154 | S86: =VLOOKUP(R86,'정형공정 적용리스트'!$A:$D,3,FALSE) -> #N/A | T86: =IF(S86>0,S86*0.8,"O") -> #N/A
B87: =+N87 -> 459-00 | C87: =+O87 -> REB,RETAINER | D87: =+IF(L87=$V$1,P87*0.6,P87*0.5) -> 41 | F87: =+N87 -> 459-00 | G87: =+O87 -> REB,RETAINER | H87: =IF(T87=$V$1,P87*0.8,P87*0.6) -> 49.2 | J87: =+R87 -> 459-00 | K87: =+O87 -> REB,RETAINER | L87: =T87 -> 65.6 | N87: 459-00 | O87: REB,RETAINER | P87: 82 | R87: =+N87 -> 459-00 | S87: =VLOOKUP(R87,'정형공정 적용리스트'!$A:$D,3,FALSE) -> 82 | T87: =IF(S87>0,S87*0.8,"O") -> 65.6
B88: =+N88 -> 494-02 | C88: =+O88 -> REB,RETAINER | D88: =+IF(L88=$V$1,P88*0.6,P88*0.5) -> 33.5 | F88: =+N88 -> 494-02 | G88: =+O88 -> REB,RETAINER | H88: =IF(T88=$V$1,P88*0.8,P88*0.6) -> 40.2 | J88: =+R88 -> 494-02 | K88: =+O88 -> REB,RETAINER | L88: =T88 -> 53.6 | N88: 494-02 | O88: REB,RETAINER | P88: 67 | R88: =+N88 -> 494-02 | S88: =VLOOKUP(R88,'정형공정 적용리스트'!$A:$D,3,FALSE) -> 67 | T88: =IF(S88>0,S88*0.8,"O") -> 53.6
B89: =+N89 -> 687-02 | C89: =+O89 -> COMP,RETAINER | D89: =+IF(L89=$V$1,P89*0.6,P89*0.5) -> 40.5 | F89: =+N89 -> 687-02 | G89: =+O89 -> COMP,RETAINER | H89: =IF(T89=$V$1,P89*0.8,P89*0.6) -> 48.6 | J89: =+R89 -> 687-02 | K89: =+O89 -> COMP,RETAINER | L89: =T89 -> 64.8 | N89: 687-02 | O89: COMP,RETAINER | P89: 81 | R89: =+N89 -> 687-02 | S89: =VLOOKUP(R89,'정형공정 적용리스트'!$A:$D,3,FALSE) -> 81 | T89: =IF(S89>0,S89*0.8,"O") -> 64.8
B90: =+N90 -> 687-02 | C90: =+O90 -> COMP,RETAINER | D90: =+IF(L90=$V$1,P90*0.6,P90*0.5) -> 40.5 | F90: =+N90 -> 687-02 | G90: =+O90 -> COMP,RETAINER | H90: =IF(T90=$V$1,P90*0.8,P90*0.6) -> 48.6 | J90: =+R90 -> 687-02 | K90: =+O90 -> COMP,RETAINER | L90: =T90 -> 64.8 | N90: 687-02 | O90: COMP,RETAINER | P90: 81 | R90: =+N90 -> 687-02 | S90: =VLOOKUP(R90,'정형공정 적용리스트'!$A:$D,3,FALSE) -> 81 | T90: =IF(S90>0,S90*0.8,"O") -> 64.8
B91: =+N91 -> 688-00 | C91: =+O91 -> REB,RETAINER | D91: =+IF(L91=$V$1,P91*0.6,P91*0.5) -> 41 | F91: =+N91 -> 688-00 | G91: =+O91 -> REB,RETAINER | H91: =IF(T91=$V$1,P91*0.8,P91*0.6) -> 49.2 | J91: =+R91 -> 688-00 | K91: =+O91 -> REB,RETAINER | L91: =T91 -> 65.6 | N91: 688-00 | O91: REB,RETAINER | P91: 82 | R91: =+N91 -> 688-00 | S91: =VLOOKUP(R91,'정형공정 적용리스트'!$A:$D,3,FALSE) -> 82 | T91: =IF(S91>0,S91*0.8,"O") -> 65.6
B92: =+N92 -> 961-00 | C92: =+O92 -> GUIDE WASHER | D92: =+IF(L92=$V$1,P92*0.6,P92*0.5) -> 41 | F92: =+N92 -> 961-00 | G92: =+O92 -> GUIDE WASHER | H92: =IF(T92=$V$1,P92*0.8,P92*0.6) -> 49.2 | J92: =+R92 -> 961-00 | K92: =+O92 -> GUIDE WASHER | L92: =T92 -> 65.6 | N92: 961-00 | O92: GUIDE WASHER | P92: 82 | R92: =+N92 -> 961-00 | S92: =VLOOKUP(R92,'정형공정 적용리스트'!$A:$D,3,FALSE) -> 82 | T92: =IF(S92>0,S92*0.8,"O") -> 65.6
B93: =+N93 -> 494-04 | C93: =+O93 -> REB,RETAINER | D93: =+IF(L93=$V$1,P93*0.6,P93*0.5) -> 40.5 | F93: =+N93 -> 494-04 | G93: =+O93 -> REB,RETAINER | H93: =IF(T93=$V$1,P93*0.8,P93*0.6) -> 48.6 | J93: =+R93 -> 494-04 | K93: =+O93 -> REB,RETAINER | L93: =T93 -> 64.8 | N93: 494-04 | O93: REB,RETAINER | P93: 81 | R93: =+N93 -> 494-04 | S93: =VLOOKUP(R93,'정형공정 적용리스트'!$A:$D,3,FALSE) -> 81 | T93: =IF(S93>0,S93*0.8,"O") -> 64.8
B94: =+N94 -> 494-04 | C94: =+O94 -> REB,RETAINER | D94: =+IF(L94=$V$1,P94*0.6,P94*0.5) -> 40.5 | F94: =+N94 -> 494-04 | G94: =+O94 -> REB,RETAINER | H94: =IF(T94=$V$1,P94*0.8,P94*0.6) -> 48.6 | J94: =+R94 -> 494-04 | K94: =+O94 -> REB,RETAINER | L94: =T94 -> 64.8 | N94: 494-04 | O94: REB,RETAINER | P94: 81 | R94: =+N94 -> 494-04 | S94: =VLOOKUP(R94,'정형공정 적용리스트'!$A:$D,3,FALSE) -> 81 | T94: =IF(S94>0,S94*0.8,"O") -> 64.8
B95: =+N95 -> 1815-00 | C95: =+O95 -> PLANETARY GEAR | D95: =+IF(L95=$V$1,P95*0.6,P95*0.5) -> 48.6 | F95: =+N95 -> 1815-00 | G95: =+O95 -> PLANETARY GEAR | H95: =IF(T95=$V$1,P95*0.8,P95*0.6) -> 64.8 | J95: =+R95 -> 1815-00 | K95: =+O95 -> PLANETARY GEAR | L95: =T95 -> O | N95: 1815-00 | O95: PLANETARY GEAR | P95: 81 | R95: =+N95 -> 1815-00 | S95: =VLOOKUP(R95,'정형공정 적용리스트'!$A:$D,3,FALSE) -> #N/A | T95: O
B96: =+N96 -> 807-02 | C96: =+O96 -> REB,RETAINER | D96: =+IF(L96=$V$1,P96*0.6,P96*0.5) -> 42 | F96: =+N96 -> 807-02 | G96: =+O96 -> REB,RETAINER | H96: =IF(T96=$V$1,P96*0.8,P96*0.6) -> 50.4 | J96: =+R96 -> 807-02 | K96: =+O96 -> REB,RETAINER | L96: =T96 -> 67.2 | N96: 807-02 | O96: REB,RETAINER | P96: 84 | R96: =+N96 -> 807-02 | S96: =VLOOKUP(R96,'정형공정 적용리스트'!$A:$D,3,FALSE) -> 84 | T96: =IF(S96>0,S96*0.8,"O") -> 67.2
B97: =+N97 -> 430-00 | C97: =+O97 -> SLEEVE | D97: =+IF(L97=$V$1,P97*0.6,P97*0.5) -> 42.5 | F97: =+N97 -> 430-00 | G97: =+O97 -> SLEEVE | H97: =IF(T97=$V$1,P97*0.8,P97*0.6) -> 51 | J97: =+R97 -> 430-00 | K97: =+O97 -> SLEEVE | L97: =T97 -> 68 | N97: 430-00 | O97: SLEEVE | P97: 85 | R97: =+N97 -> 430-00 | S97: =VLOOKUP(R97,'정형공정 적용리스트'!$A:$D,3,FALSE) -> 85 | T97: =IF(S97>0,S97*0.8,"O") -> 68
B98: =+N98 -> 515-00 | C98: =+O98 -> COMP,RETAINER | D98: =+IF(L98=$V$1,P98*0.6,P98*0.5) -> 42.5 | F98: =+N98 -> 515-00 | G98: =+O98 -> COMP,RETAINER | H98: =IF(T98=$V$1,P98*0.8,P98*0.6) -> 51 | J98: =+R98 -> 515-00 | K98: =+O98 -> COMP,RETAINER | L98: =T98 -> 68 | N98: 515-00 | O98: COMP,RETAINER | P98: 85 | R98: =+N98 -> 515-00 | S98: =VLOOKUP(R98,'정형공정 적용리스트'!$A:$D,3,FALSE) -> 85 | T98: =IF(S98>0,S98*0.8,"O") -> 68
B99: =+N99 -> 807-06 | C99: =+O99 -> REB,RETAINER | D99: =+IF(L99=$V$1,P99*0.6,P99*0.5) -> 42.5 | F99: =+N99 -> 807-06 | G99: =+O99 -> REB,RETAINER | H99: =IF(T99=$V$1,P99*0.8,P99*0.6) -> 51 | J99: =+R99 -> 807-06 | K99: =+O99 -> REB,RETAINER | L99: =T99 -> 68 | N99: 807-06 | O99: REB,RETAINER | P99: 85 | R99: =+N99 -> 807-06 | S99: =VLOOKUP(R99,'정형공정 적용리스트'!$A:$D,3,FALSE) -> 85 | T99: =IF(S99>0,S99*0.8,"O") -> 68
B100: =+N100 -> 807-06 | C100: =+O100 -> REB,RETAINER | D100: =+IF(L100=$V$1,P100*0.6,P100*0.5) -> 42.5 | F100: =+N100 -> 807-06 | G100: =+O100 -> REB,RETAINER | H100: =IF(T100=$V$1,P100*0.8,P100*0.6) -> 51 | J100: =+R100 -> 807-06 | K100: =+O100 -> REB,RETAINER | L100: =T100 -> 68 | N100: 807-06 | O100: REB,RETAINER | P100: 85 | R100: =+N100 -> 807-06 | S100: =VLOOKUP(R100,'정형공정 적용리스트'!$A:$D,3,FALSE) -> 85 | T100: =IF(S100>0,S100*0.8,"O") -> 68
B101: =+N101 -> 687-03 | C101: =+O101 -> COMP,RETAINER | D101: =+IF(L101=$V$1,P101*0.6,P101*0.5) -> 43 | F101: =+N101 -> 687-03 | G101: =+O101 -> COMP,RETAINER | H101: =IF(T101=$V$1,P101*0.8,P101*0.6) -> 51.6 | J101: =+R101 -> 687-03 | K101: =+O101 -> COMP,RETAINER | L101: =T101 -> 68.8 | N101: 687-03 | O101: COMP,RETAINER | P101: 86 | R101: =+N101 -> 687-03 | S101: =VLOOKUP(R101,'정형공정 적용리스트'!$A:$D,3,FALSE) -> 86 | T101: =IF(S101>0,S101*0.8,"O") -> 68.8
B102: =+N102 -> 807-02 | C102: =+O102 -> REB,RETAINER | D102: =+IF(L102=$V$1,P102*0.6,P102*0.5) -> 42 | F102: =+N102 -> 807-02 | G102: =+O102 -> REB,RETAINER | H102: =IF(T102=$V$1,P102*0.8,P102*0.6) -> 50.4 | J102: =+R102 -> 807-02 | K102: =+O102 -> REB,RETAINER | L102: =T102 -> 67.2 | N102: 807-02 | O102: REB,RETAINER | P102: 84 | R102: =+N102 -> 807-02 | S102: =VLOOKUP(R102,'정형공정 적용리스트'!$A:$D,3,FALSE) -> 84 | T102: =IF(S102>0,S102*0.8,"O") -> 67.2
B103: =+N103 -> 807-02 | C103: =+O103 -> REB,RETAINER | D103: =+IF(L103=$V$1,P103*0.6,P103*0.5) -> 42 | F103: =+N103 -> 807-02 | G103: =+O103 -> REB,RETAINER | H103: =IF(T103=$V$1,P103*0.8,P103*0.6) -> 50.4 | J103: =+R103 -> 807-02 | K103: =+O103 -> REB,RETAINER | L103: =T103 -> 67.2 | N103: 807-02 | O103: REB,RETAINER | P103: 84 | R103: =+N103 -> 807-02 | S103: =VLOOKUP(R103,'정형공정 적용리스트'!$A:$D,3,FALSE) -> 84 | T103: =IF(S103>0,S103*0.8,"O") -> 67.2
B104: =+N104 -> 1105-00 | C104: =+O104 -> BEARING | D104: =+IF(L104=$V$1,P104*0.6,P104*0.5) -> 54 | F104: =+N104 -> 1105-00 | G104: =+O104 -> BEARING | H104: =IF(T104=$V$1,P104*0.8,P104*0.6) -> 72 | J104: =+R104 -> 1105-00 | K104: =+O104 -> BEARING | L104: =T104 -> O | N104: 1105-00 | O104: BEARING | P104: 90 | R104: =+N104 -> 1105-00 | S104: =VLOOKUP(R104,'정형공정 적용리스트'!$A:$D,3,FALSE) -> #N/A | T104: O
B105: =+N105 -> 450*450 | C105: =+O105 -> VCI BAG | D105: =+IF(L105=$V$1,P105*0.6,P105*0.5) -> 54.6 | F105: =+N105 -> 450*450 | G105: =+O105 -> VCI BAG | H105: =IF(T105=$V$1,P105*0.8,P105*0.6) -> 72.8 | J105: =+R105 -> 450*450 | K105: =+O105 -> VCI BAG | L105: =T105 -> O | N105: 450*450 | O105: VCI BAG | P105: 91 | R105: =+N105 -> 450*450 | S105: =VLOOKUP(R105,'정형공정 적용리스트'!$A:$D,3,FALSE) -> #N/A | T105: O
B106: =+N106 -> 749-13 | C106: =+O106 -> REB,RETAINER | D106: =+IF(L106=$V$1,P106*0.6,P106*0.5) -> 45.5 | F106: =+N106 -> 749-13 | G106: =+O106 -> REB,RETAINER | H106: =IF(T106=$V$1,P106*0.8,P106*0.6) -> 54.6 | J106: =+R106 -> 749-13 | K106: =+O106 -> REB,RETAINER | L106: =T106 -> 72.8 | N106: 749-13 | O106: REB,RETAINER | P106: 91 | R106: =+N106 -> 749-13 | S106: =VLOOKUP(R106,'정형공정 적용리스트'!$A:$D,3,FALSE) -> 91 | T106: =IF(S106>0,S106*0.8,"O") -> 72.8
B107: =+N107 -> 513-00 | C107: =+O107 -> COMP,RETAINER | D107: =+IF(L107=$V$1,P107*0.6,P107*0.5) -> 46.5 | F107: =+N107 -> 513-00 | G107: =+O107 -> COMP,RETAINER | H107: =IF(T107=$V$1,P107*0.8,P107*0.6) -> 55.8 | J107: =+R107 -> 513-00 | K107: =+O107 -> COMP,RETAINER | L107: =T107 -> 74.4 | N107: 513-00 | O107: COMP,RETAINER | P107: 93 | R107: =+N107 -> 513-00 | S107: =VLOOKUP(R107,'정형공정 적용리스트'!$A:$D,3,FALSE) -> 93 | T107: =IF(S107>0,S107*0.8,"O") -> 74.4
B108: =+N108 -> 686-02 | C108: =+O108 -> COMP,RETAINER | D108: =+IF(L108=$V$1,P108*0.6,P108*0.5) -> 46.5 | F108: =+N108 -> 686-02 | G108: =+O108 -> COMP,RETAINER | H108: =IF(T108=$V$1,P108*0.8,P108*0.6) -> 55.8 | J108: =+R108 -> 686-02 | K108: =+O108 -> COMP,RETAINER | L108: =T108 -> 74.4 | N108: 686-02 | O108: COMP,RETAINER | P108: 93 | R108: =+N108 -> 686-02 | S108: =VLOOKUP(R108,'정형공정 적용리스트'!$A:$D,3,FALSE) -> 93 | T108: =IF(S108>0,S108*0.8,"O") -> 74.4
B109: =+N109 -> 1326-00 | C109: =+O109 -> HYD STOP UPPER | D109: =+IF(L109=$V$1,P109*0.6,P109*0.5) -> 57 | F109: =+N109 -> 1326-00 | G109: =+O109 -> HYD STOP UPPER | H109: =IF(T109=$V$1,P109*0.8,P109*0.6) -> 76 | J109: =+R109 -> 1326-00 | K109: =+O109 -> HYD STOP UPPER | L109: =T109 -> O | N109: 1326-00 | O109: HYD STOP UPPER | P109: 95 | R109: =+N109 -> 1326-00 | S109: =VLOOKUP(R109,'정형공정 적용리스트'!$A:$D,3,FALSE) -> #N/A | T109: O
B110: =+N110 -> 1326-00 | C110: =+O110 -> HYD STOP UPPER | D110: =+IF(L110=$V$1,P110*0.6,P110*0.5) -> 57 | F110: =+N110 -> 1326-00 | G110: =+O110 -> HYD STOP UPPER | H110: =IF(T110=$V$1,P110*0.8,P110*0.6) -> 76 | J110: =+R110 -> 1326-00 | K110: =+O110 -> HYD STOP UPPER | L110: =T110 -> O | N110: 1326-00 | O110: HYD STOP UPPER | P110: 95 | R110: =+N110 -> 1326-00 | S110: =VLOOKUP(R110,'정형공정 적용리스트'!$A:$D,3,FALSE) -> #N/A | T110: O
B111: =+N111 -> 355-00 | C111: =+O111 -> BACK UP WASHER | D111: =+IF(L111=$V$1,P111*0.6,P111*0.5) -> 57 | F111: =+N111 -> 355-00 | G111: =+O111 -> BACK UP WASHER | H111: =IF(T111=$V$1,P111*0.8,P111*0.6) -> 76 | J111: =+R111 -> 355-00 | K111: =+O111 -> BACK UP WASHER | L111: =T111 -> O | N111: 355-00 | O111: BACK UP WASHER | P111: 95 | R111: =+N111 -> 355-00 | S111: =VLOOKUP(R111,'정형공정 적용리스트'!$A:$D,3,FALSE) -> #N/A | T111: O
B112: =+N112 -> 554-02 | C112: =+O112 -> GAS SPRING PISTON | D112: =+IF(L112=$V$1,P112*0.6,P112*0.5) -> 47.5 | F112: =+N112 -> 554-02 | G112: =+O112 -> GAS SPRING PISTON | H112: =IF(T112=$V$1,P112*0.8,P112*0.6) -> 57 | J112: =+R112 -> 554-02 | K112: =+O112 -> GAS SPRING PISTON | L112: =T112 -> 76 | N112: 554-02 | O112: GAS SPRING PISTON | P112: 95 | R112: =+N112 -> 554-02 | S112: =VLOOKUP(R112,'정형공정 적용리스트'!$A:$D,3,FALSE) -> 95 | T112: =IF(S112>0,S112*0.8,"O") -> 76
B113: =+N113 -> 637-01 | C113: =+O113 -> SLEEVE GUIDE | D113: =+IF(L113=$V$1,P113*0.6,P113*0.5) -> 57 | F113: =+N113 -> 637-01 | G113: =+O113 -> SLEEVE GUIDE | H113: =IF(T113=$V$1,P113*0.8,P113*0.6) -> 76 | J113: =+R113 -> 637-01 | K113: =+O113 -> SLEEVE GUIDE | L113: =T113 -> O | N113: 637-01 | O113: SLEEVE GUIDE | P113: 95 | R113: =+N113 -> 637-01 | S113: =VLOOKUP(R113,'정형공정 적용리스트'!$A:$D,3,FALSE) -> #N/A | T113: O
B114: =+N114 -> 807-05 | C114: =+O114 -> REB,RETAINER | D114: =+IF(L114=$V$1,P114*0.6,P114*0.5) -> 47.5 | F114: =+N114 -> 807-05 | G114: =+O114 -> REB,RETAINER | H114: =IF(T114=$V$1,P114*0.8,P114*0.6) -> 57 | J114: =+R114 -> 807-05 | K114: =+O114 -> REB,RETAINER | L114: =T114 -> 76 | N114: 807-05 | O114: REB,RETAINER | P114: 95 | R114: =+N114 -> 807-05 | S114: =VLOOKUP(R114,'정형공정 적용리스트'!$A:$D,3,FALSE) -> 95 | T114: =IF(S114>0,S114*0.8,"O") -> 76
B115: =+N115 -> 807-07 | C115: =+O115 -> REB,RETAINER | D115: =+IF(L115=$V$1,P115*0.6,P115*0.5) -> 47.5 | F115: =+N115 -> 807-07 | G115: =+O115 -> REB,RETAINER | H115: =IF(T115=$V$1,P115*0.8,P115*0.6) -> 57 | J115: =+R115 -> 807-07 | K115: =+O115 -> REB,RETAINER | L115: =T115 -> 76 | N115: 807-07 | O115: REB,RETAINER | P115: 95 | R115: =+N115 -> 807-07 | S115: =VLOOKUP(R115,'정형공정 적용리스트'!$A:$D,3,FALSE) -> 95 | T115: =IF(S115>0,S115*0.8,"O") -> 76
B116: =+N116 -> 883-00 | C116: =+O116 -> NUT ADJUSTER(RH) | D116: =+IF(L116=$V$1,P116*0.6,P116*0.5) -> 57 | F116: =+N116 -> 883-00 | G116: =+O116 -> NUT ADJUSTER(RH) | H116: =IF(T116=$V$1,P116*0.8,P116*0.6) -> 76 | J116: =+R116 -> 883-00 | K116: =+O116 -> NUT ADJUSTER(RH) | L116: =T116 -> O | N116: 883-00 | O116: NUT ADJUSTER(RH) | P116: 95 | R116: =+N116 -> 883-00 | S116: =VLOOKUP(R116,'정형공정 적용리스트'!$A:$D,3,FALSE) -> #N/A | T116: O
B117: =+N117 -> 884-00 | C117: =+O117 -> NUT ADJUSTER(LH) | D117: =+IF(L117=$V$1,P117*0.6,P117*0.5) -> 57 | F117: =+N117 -> 884-00 | G117: =+O117 -> NUT ADJUSTER(LH) | H117: =IF(T117=$V$1,P117*0.8,P117*0.6) -> 76 | J117: =+R117 -> 884-00 | K117: =+O117 -> NUT ADJUSTER(LH) | L117: =T117 -> O | N117: 884-00 | O117: NUT ADJUSTER(LH) | P117: 95 | R117: =+N117 -> 884-00 | S117: =VLOOKUP(R117,'정형공정 적용리스트'!$A:$D,3,FALSE) -> #N/A | T117: O
B118: =+N118 -> 494-07 | C118: =+O118 -> REB,RETAINER | D118: =+IF(L118=$V$1,P118*0.6,P118*0.5) -> 48 | F118: =+N118 -> 494-07 | G118: =+O118 -> REB,RETAINER | H118: =IF(T118=$V$1,P118*0.8,P118*0.6) -> 57.6 | J118: =+R118 -> 494-07 | K118: =+O118 -> REB,RETAINER | L118: =T118 -> 76.8 | N118: 494-07 | O118: REB,RETAINER | P118: 96 | R118: =+N118 -> 494-07 | S118: =VLOOKUP(R118,'정형공정 적용리스트'!$A:$D,3,FALSE) -> 96 | T118: =IF(S118>0,S118*0.8,"O") -> 76.8
...

Sheet 정형공정 적용리스트
A1: 정형 MASTER | C1: 완제품단가 | D1: 정형단가 | F1: 평균단가 | H1: 정형 | I1: =+AVERAGE(C2:C2061) -> #N/A
A2: 009-03 | C2: 162 | D2: =+C2*0.8 -> 129.6
A3: 009-04 | C3: 118 | D3: =+C3*0.8 -> 94.4
A4: 017-01 | C4: 242 | D4: =+C4*0.8 -> 193.6
A5: 017-02 | C5: 380 | D5: =+C5*0.8 -> 304
A6: 051-02 | C6: 494 | D6: =+C6*0.8 -> 395.2
A7: 051-03 | C7: 619 | D7: =+C7*0.8 -> 495.2
A8: 090-02 | C8: 647 | D8: =+C8*0.8 -> 517.6
A9: 090-03 | C9: 829 | D9: =+C9*0.8 -> 663.2
A10: 1001-00 | C10: 237 | D10: =+C10*0.8 -> 189.6
A11: 1005-00 | C11: 318 | D11: =+C11*0.8 -> 254.4
A12: 1006-00 | C12: 582 | D12: =+C12*0.8 -> 465.6
A13: 1010-00 | C13: 412 | D13: =+C13*0.8 -> 329.6
... A72: 1183-01 | C72: 460 | D72: =+C72*0.8 -> 368
A73: 1184-00 | C73: =+VLOOKUP(A73,단가산출!$N:$P,3,FALSE) -> #N/A | D73: =+C73*0.8 -> #N/A
A74: 1185-00 | C74: 778 | D74: =+C74*0.8 -> 622.4
A75: 1191-02 | C75: 536 | D75: =+C75*0.8 -> 428.8
A76: 1191-03 | C76: 541 | D76: =+C76*0.8 -> 432.8
A77: 1209-01 | C77: 271 | D77: =+C77*0.8 -> 216.8
A78: 1213-00 | C78: 768 | D78: =+C78*0.8 -> 614.4
A79: 1213-02 | C79: 753 | D79: =+C79*0.8 -> 602.4
A80: 1213-03 | C80: 771 | D80: =+C80*0.8 -> 616.8
A81: 1218-02 | C81: 195 | D81: =+C81*0.8 -> 156
A82: 1218-04 | C82: 466 | D82: =+C82*0.8 -> 372.8
A83: 1218-06 | C83: 476 | D83: =+C83*0.8 -> 380.8
A84: 1218-07 | C84: 456 | D84: =+C84*0.8 -> 364.8
A85: 1218-08 | C85: 473 | D85: =+C85*0.8 -> 378.4
... A1576: 1042-02 | C1576: 769 | D1576: =+C1576*0.8 -> 615.2
A1577: 1043-00 | C1577: =+VLOOKUP(A1577,단가산출!$N:$P,3,FALSE) -> #N/A | D1577: =+C1577*0.8 -> #N/A
A1578: 1071-00 | C1578: 356 | D1578: =+C1578*0.8 -> 284.8
A1579: 1076-00 | C1579: 547 | D1579: =+C1579*0.8 -> 437.6
A1580: 1090-00 | C1580: 784 | D1580: =+C1580*0.8 -> 627.2
A1581: 1090-01 | C1581: 723 | D1581: =+C1581*0.8 -> 578.4
A1582: 1095-00 | C1582: 318 | D1582: =+C1582*0.8 -> 254.4
A1583: 1097-00 | C1583: 309 | D1583: =+C1583*0.8 -> 247.2
A1584: 1101-00 | C1584: 337 | D1584: =+C1584*0.8 -> 269.6
A1585: 1114-00 | C1585: 236 | D1585: =+C1585*0.8 -> 188.8
A1586: 1116-00 | C1586: 267 | D1586: =+C1586*0.8 -> 213.6
A1587: 1117-00 | C1587: 347 | D1587: =+C1587*0.8 -> 277.6
A1588: 1117-01 | C1588: 361 | D1588: =+C1588*0.8 -> 288.8
A1589: 1122-01 | C1589: 297 | D1589: =+C1589*0.8 -> 237.6
... A1617: 1514-00 | C1617: 175 | D1617: =+C1617*0.8 -> 140
A1618: 152-05J | C1618: =+VLOOKUP(A1618,단가산출!$N:$P,3,FALSE) -> #N/A | D1618: =+C1618*0.8 -> #N/A
A1619: 152-06J | C1619: =+VLOOKUP(A1619,단가산출!$N:$P,3,FALSE) -> #N/A | D1619: =+C1619*0.8 -> #N/A
A1620: 152-07J | C1620: =+VLOOKUP(A1620,단가산출!$N:$P,3,FALSE) -> #N/A | D1620: =+C1620*0.8 -> #N/A
A1621: 152-08J | C1621: =+VLOOKUP(A1621,단가산출!$N:$P,3,FALSE) -> #N/A | D1621: =+C1621*0.8 -> #N/A
A1622: 1526-00 | C1622: 380 | D1622: =+C1622*0.8 -> 304
A1623: 1527-00 | C1623: 870 | D1623: =+C1623*0.8 -> 696
A1624: 1531-00 | C1624: 894 | D1624: =+C1624*0.8 -> 715.2
A1625: 1561-00 | C1625: 790 | D1625: =+C1625*0.8 -> 632
A1626: 1567-00 | C1626: 743 | D1626: =+C1626*0.8 -> 594.4
A1627: 1583-00 | C1627: 534 | D1627: =+C1627*0.8 -> 427.2
A1628: 1641-00 | C1628: 1309 | D1628: =+C1628*0.8 -> 1047.2
A1629: 1641-01 | C1629: 1008 | D1629: =+C1629*0.8 -> 806.4
A1630: 1658-00 | C1630: 1115 | D1630: =+C1630*0.8 -> 892
A1631: 1684-00 | C1631: 742 | D1631: =+C1631*0.8 -> 593.6
A1632: 1685-00 | C1632: 627 | D1632: =+C1632*0.8 -> 501.6
A1633: 1689-00 | C1633: 583 | D1633: =+C1633*0.8 -> 466.4
... A1847: 867-05 | C1847: 171 | D1847: =+C1847*0.8 -> 136.8
A1848: 861-00 | C1848: =+VLOOKUP(A1848,단가산출!$N:$P,3,FALSE) -> 128.8 | D1848: =+C1848*0.8 -> 103.04
A1849: 1218-00 | C1849: =+VLOOKUP(A1849,단가산출!$N:$P,3,FALSE) -> #N/A | D1849: =+C1849*0.8 -> #N/A
A1850: 1289-00 | C1850: =+VLOOKUP(A1850,단가산출!$N:$P,3,FALSE) -> 384 | D1850: =+C1850*0.8 -> 307.2
A1851: 1342-00 | C1851: =+VLOOKUP(A1851,단가산출!$N:$P,3,FALSE) -> #N/A | D1851: =+C1851*0.8 -> #N/A
A1852: 1409-00 | C1852: =+VLOOKUP(A1852,단가산출!$N:$P,3,FALSE) -> 397.5 | D1852: =+C1852*0.8 -> 318
A1853: 1530-50 | C1853: =+VLOOKUP(A1853,단가산출!$N:$P,3,FALSE) -> 249 | D1853: =+C1853*0.8 -> 199.2
A1854: 1565-00 | C1854: =+VLOOKUP(A1854,단가산출!$N:$P,3,FALSE) -> 387 | D1854: =+C1854*0.8 -> 309.6
A1855: 1730-00 | C1855: =+VLOOKUP(A1855,단가산출!$N:$P,3,FALSE) -> #N/A | D1855: =+C1855*0.8 -> #N/A
A1856: 1731-00 | C1856: =+VLOOKUP(A1856,단가산출!$N:$P,3,FALSE) -> #N/A | D1856: =+C1856*0.8 -> #N/A
A1857: 1799-00 | C1857: =+VLOOKUP(A1857,단가산출!$N:$P,3,FALSE) -> #N/A | D1857: =+C1857*0.8 -> #N/A
A1858: 1801-00 | C1858: =+VLOOKUP(A1858,단가산출!$N:$P,3,FALSE) -> #N/A | D1858: =+C1858*0.8 -> #N/A
A1859: 588-51 | C1859: =+VLOOKUP(A1859,단가산출!$N:$P,3,FALSE) -> 111 | D1859: =+C1859*0.8 -> 88.8
... A1862: 1566-00 | C1862: =+VLOOKUP(A1862,단가산출!$N:$P,3,FALSE) -> #N/A | D1862: =+C1862*0.8 -> #N/A
A1863: 1613-01 | C1863: 294 | D1863: =+C1863*0.8 -> 235.2
A1864: 1666-00 | C1864: =+VLOOKUP(A1864,단가산출!$N:$P,3,FALSE) -> 279 | D1864: =+C1864*0.8 -> 223.2
A1865: 1790-00 | C1865: =+VLOOKUP(A1865,단가산출!$N:$P,3,FALSE) -> 184.5 | D1865: =+C1865*0.8 -> 147.6
A1866: 1791-00 | C1866: =+VLOOKUP(A1866,단가산출!$N:$P,3,FALSE) -> 109.5 | D1866: =+C1866*0.8 -> 87.6
A1867: 1826-00 | C1867: =+VLOOKUP(A1867,단가산출!$N:$P,3,FALSE) -> #N/A | D1867: =+C1867*0.8 -> #N/A
A1868: 1891-00 | C1868: =+VLOOKUP(A1868,단가산출!$N:$P,3,FALSE) -> 212 | D1868: =+C1868*0.8 -> 169.6
A1869: 2412-00 | C1869: =+VLOOKUP(A1869,단가산출!$N:$P,3,FALSE) -> 203.5 | D1869: =+C1869*0.8 -> 162.8
A1870: 2852-00 | C1870: =+VLOOKUP(A1870,단가산출!$N:$P,3,FALSE) -> #N/A | D1870: =+C1870*0.8 -> #N/A
A1871: 861-00 | C1871: =+VLOOKUP(A1871,단가산출!$N:$P,3,FALSE) -> 128.8 | D1871: =+C1871*0.8 -> 103.04
A1872: 1484-00 | C1872: =+VLOOKUP(A1872,단가산출!$N:$P,3,FALSE) -> #N/A | D1872: =+C1872*0.8 -> #N/A
A1873: 1554-00 | C1873: =+VLOOKUP(A1873,단가산출!$N:$P,3,FALSE) -> 148 | D1873: =+C1873*0.8 -> 118.4
A1874: 1589-00 | C1874: =+VLOOKUP(A1874,단가산출!$N:$P,3,FALSE) -> #N/A | D1874: =+C1874*0.8 -> #N/A
A1875: 1630-00 | C1875: =+VLOOKUP(A1875,단가산출!$N:$P,3,FALSE) -> #N/A | D1875: =+C1875*0.8 -> #N/A
A1876: 1673-00 | C1876: 170 | D1876: 136
A1877: 1738-00 | C1877: =+VLOOKUP(A1877,단가산출!$N:$P,3,FALSE) -> #N/A | D1877: =+C1877*0.8 -> #N/A
A1878: 1779-00 | C1878: =+VLOOKUP(A1878,단가산출!$N:$P,3,FALSE) -> 196 | D1878: =+C1878*0.8 -> 156.8
A1879: 1780-00 | C1879: =+VLOOKUP(A1879,단가산출!$N:$P,3,FALSE) -> #N/A | D1879: =+C1879*0.8 -> #N/A
A1880: 1792-00 | C1880: =+VLOOKUP(A1880,단가산출!$N:$P,3,FALSE) -> 86.5 | D1880: =+C1880*0.8 -> 69.2
A1881: 1831-00 | C1881: =+VLOOKUP(A1881,단가산출!$N:$P,3,FALSE) -> #N/A | D1881: =+C1881*0.8 -> #N/A
A1882: 1832-00 | C1882: =+VLOOKUP(A1882,단가산출!$N:$P,3,FALSE) -> #N/A | D1882: =+C1882*0.8 -> #N/A
A1883: 1833-00 | C1883: =+VLOOKUP(A1883,단가산출!$N:$P,3,FALSE) -> #N/A | D1883: =+C1883*0.8 -> #N/A
A1884: 1836-00 | C1884: =+VLOOKUP(A1884,단가산출!$N:$P,3,FALSE) -> 205 | D1884: =+C1884*0.8 -> 164
A1885: 1863-00 | C1885: =+VLOOKUP(A1885,단가산출!$N:$P,3,FALSE) -> #N/A | D1885: =+C1885*0.8 -> #N/A
A1886: 1922-01 | C1886: 184 | D1886: =+C1886*0.8 -> 147.2
A1887: 1931-01 | C1887: =+VLOOKUP(A1887,단가산출!$N:$P,3,FALSE) -> #N/A | D1887: =+C1887*0.8 -> #N/A
A1888: 1368-00 | C1888: =+VLOOKUP(A1888,단가산출!$N:$P,3,FALSE) -> #N/A | D1888: =+C1888*0.8 -> #N/A
A1889: 1587-00 | C1889: =+VLOOKUP(A1889,단가산출!$N:$P,3,FALSE) -> #N/A | D1889: =+C1889*0.8 -> #N/A
A1890: 1829-00 | C1890: =+VLOOKUP(A1890,단가산출!$N:$P,3,FALSE) -> #N/A | D1890: =+C1890*0.8 -> #N/A
...

Sheet TEMP.
F4: 2파트 b/plate 평균단가 | H4: =+AVERAGE(H7:H14) -> 1974.875
F7: 5001-00 | G7: PLATE 1-2-3-4 CLU BKG | H7: 3587
F8: 5002-00 | G8: PLATE 4-5-6 CLU BKG | H8: 561
F9: 5003-01 | G9: PLATE 3-5-REV CLU BKG | H9: 1240
F10: 5004-00 | G10: PLATE LOW & REV CLU BKG | H10: 2748
F11: 5006-00 | G11: PLATE 1-2-3-4 CLU BKG | H11: 3511
F12: 5007-00 | G12: PLATE 4-5-6 CLU BKG | H12: 516
F13: 5008-00 | G13: PLATE 3-5-REV CLU BKG | H13: 1096
F14: 5009-00 | G14: PLATE LOW & REV CLU BKG | H14: 2540
